{
  "city": "Gulistan",
  "population": 77300,
  "gdp_per_capita_usd": 1112.6,
  "hazard_score": 0.19051421542754204,
  "exposure_score": 0.02171317120934388,
  "vulnerability_score": 0.31874169093173593,
  "adaptive_capacity_score": 0.4815726688442425,
  "heat_hazard": 0.2962000000000001,
  "dry_hazard": 0.03772543492102157,
  "dust_hazard": 0.0,
  "pluvial_hazard": 0.0336285669728661,
  "population_exposure": 0.0,
  "gdp_exposure": 0.0,
  "viirs_exposure": 0.1447544747289592,
  "income_vulnerability": 0.8358652621831232,
  "veg_access_vulnerability": 0.07147198745926098,
  "fragmentation_vulnerability": 0.0,
  "bio_trend_vulnerability": 1.0,
  "water_access_vulnerability": 0.2086,
  "healthcare_access_vulnerability": 0.45999999999999996,
  "education_access_vulnerability": 0.22499999999999998,
  "sanitation_vulnerability": 0.2086,
  "building_age_vulnerability": 0.217,
  "water_supply_risk": 0.5519499402743346,
  "water_demand_risk": 1.0,
  "overall_water_scarcity_score": 0.7311699641646008,
  "water_scarcity_level": "Critical",
  "aridity_index": 0.14103136198562263,
  "climatic_water_deficit": 2566.2657847205237,
  "drought_frequency": 0.25416666666666665,
  "surface_water_change": 0.0,
  "cropland_fraction": 0.6728312126449327,
  "gdp_adaptive_capacity": 0.1641347378168768,
  "greenspace_adaptive_capacity": 0.9428224100325913,
  "services_adaptive_capacity": 0.1447544747289592,
  "social_infrastructure_capacity": 0.89,
  "water_system_capacity": 0.5,
  "overall_risk_score": 0.0013185284821887657,
  "adaptability_score": 0.4809380573793619,
  "current_suhi_intensity": 0.47845654087499057,
  "temperature_trend": 0.11477999520552253,
  "suhi_trend": 0.030591227356667083,
  "built_area_percentage": 29.440852803310687,
  "green_space_accessibility": 142.94397491852195,
  "economic_capacity": 0.1641347378168768,
  "air_quality_integration": {
    "data_available": true,
    "analysis_period": "2019-2024",
    "pollutants_analyzed": [
      "CO",
      "CH4",
      "AER_AI",
      "NO2",
      "O3",
      "SO2"
    ],
    "risk_factors": [
      "Increasing CO levels",
      "Increasing CH4 levels",
      "Increasing AER_AI levels",
      "Increasing NO2 levels",
      "High traffic pollution (NO2)",
      "Increasing O3 levels",
      "High photochemical pollution risk (O3)",
      "Decreasing SO2 levels",
      "High industrial pollution (SO2)"
    ],
    "trends": {
      "CO_trend": 8.560069388103551e-05,
      "CH4_trend": 10.900623270376252,
      "AER_AI_trend": 0.2390719342978555,
      "NO2_trend": 1.8735536023184359e-06,
      "O3_trend": 0.0013529652000982178,
      "SO2_trend": -1.5286920084825402e-05
    },
    "health_impacts": {
      "respiratory_diseases": "high",
      "cardiovascular_diseases": "high",
      "vulnerable_populations": [
        "children",
        "elderly",
        "asthma patients",
        "outdoor workers",
        "children"
      ],
      "emergency_response_needs": "high"
    }
  },
  "compound_risk_assessment": {
    "heat_wave_air_quality_compound": "moderate",
    "drought_pollution_compound": "low",
    "urban_heat_island_pollution": "low",
    "climate_adaptation_air_quality_benefits": [],
    "overall_compound_risk_score": 2,
    "overall_compound_risk_level": "moderate"
  },
  "integrated_recommendations": [
    "Develop public health campaigns on air pollution and heat risks",
    "Establish air quality emergency response protocols",
    "Create vulnerable population protection programs",
    "Create shaded pedestrian areas to reduce heat exposure and traffic pollution",
    "Promote indoor air filtration during heat waves",
    "Implement heat-health warning systems integrated with air quality alerts",
    "Develop urban green spaces to reduce both heat and pollution",
    "Implement real-time air quality and weather monitoring systems"
  ]
}