{
  "city": "Termez",
  "population": 201600,
  "gdp_per_capita_usd": 633.9,
  "hazard_score": 0.6550708131759301,
  "exposure_score": 0.1385435706489163,
  "vulnerability_score": 0.44214819105050274,
  "adaptive_capacity_score": 0.16721847487829514,
  "heat_hazard": 0.6000000000000001,
  "dry_hazard": 1.0,
  "dust_hazard": 0.8488151658767771,
  "pluvial_hazard": 0.026300548820910978,
  "population_exposure": 0.1803683378620775,
  "gdp_exposure": 0.021162060102195256,
  "viirs_exposure": 0.1668803527074731,
  "income_vulnerability": 1.0,
  "veg_access_vulnerability": 0.08656789013912912,
  "fragmentation_vulnerability": 0.49605055292259065,
  "bio_trend_vulnerability": 1.0,
  "water_access_vulnerability": 0.19179999999999997,
  "healthcare_access_vulnerability": 0.9,
  "education_access_vulnerability": 0.775,
  "sanitation_vulnerability": 0.19179999999999997,
  "building_age_vulnerability": 0.168,
  "water_supply_risk": 0.7858433031762628,
  "water_demand_risk": 0.7000871620540463,
  "overall_water_scarcity_score": 0.7515408467273762,
  "water_scarcity_level": "Critical",
  "aridity_index": 0.05410209669994782,
  "climatic_water_deficit": 3091.1673837475187,
  "drought_frequency": 0.25833333333333336,
  "surface_water_change": 0.0,
  "cropland_fraction": 0.2857765443243188,
  "gdp_adaptive_capacity": 0.0,
  "greenspace_adaptive_capacity": 0.33074568788869674,
  "services_adaptive_capacity": 0.1668803527074731,
  "social_infrastructure_capacity": 0.22999999999999998,
  "water_system_capacity": 0.5,
  "overall_risk_score": 0.04012753467716936,
  "adaptability_score": 0.16076712569970567,
  "current_suhi_intensity": -1.8346631060206917,
  "temperature_trend": 0.09709464865626209,
  "suhi_trend": -0.028159581575963533,
  "built_area_percentage": 29.258032299119968,
  "green_space_accessibility": 173.13578027825824,
  "economic_capacity": 0.0,
  "air_quality_integration": {
    "data_available": true,
    "analysis_period": "2019-2024",
    "pollutants_analyzed": [
      "CO",
      "CH4",
      "AER_AI",
      "NO2",
      "O3",
      "SO2"
    ],
    "risk_factors": [
      "Increasing CO levels",
      "Increasing CH4 levels",
      "Increasing AER_AI levels",
      "Increasing NO2 levels",
      "High traffic pollution (NO2)",
      "Increasing O3 levels",
      "Increasing SO2 levels",
      "High industrial pollution (SO2)"
    ],
    "trends": {
      "CO_trend": 1.7987117351605168e-05,
      "CH4_trend": 10.799296016925998,
      "AER_AI_trend": 0.2707055809296192,
      "NO2_trend": 8.628531316343044e-07,
      "O3_trend": 0.001209418837212117,
      "SO2_trend": 4.342589508734993e-06
    },
    "health_impacts": {
      "respiratory_diseases": "high",
      "cardiovascular_diseases": "high",
      "vulnerable_populations": [
        "children",
        "elderly",
        "asthma patients",
        "outdoor workers",
        "children",
        "respiratory patients",
        "industrial workers"
      ],
      "emergency_response_needs": "high"
    }
  },
  "compound_risk_assessment": {
    "heat_wave_air_quality_compound": "moderate",
    "drought_pollution_compound": "high",
    "urban_heat_island_pollution": "low",
    "climate_adaptation_air_quality_benefits": [],
    "overall_compound_risk_score": 4,
    "overall_compound_risk_level": "high"
  },
  "integrated_recommendations": [
    "Develop public health campaigns on air pollution and heat risks",
    "Develop drought contingency plans for industrial emissions control",
    "Establish air quality emergency response protocols",
    "Monitor groundwater contamination from industrial activities during dry periods",
    "Create vulnerable population protection programs",
    "Create shaded pedestrian areas to reduce heat exposure and traffic pollution",
    "Promote indoor air filtration during heat waves",
    "Implement heat-health warning systems integrated with air quality alerts",
    "Implement water-efficient industrial processes to reduce pollution during droughts",
    "Develop urban green spaces to reduce both heat and pollution",
    "Implement real-time air quality and weather monitoring systems"
  ]
}