{
  "city": "Tashkent",
  "year": 2024,
  "stats": {
    "urban_mean": 34.59052514469047,
    "rural_mean": 33.545623798282286,
    "suhi": 1.0449013464081816
  }
}