{
  "city": "Tashkent",
  "year": 2016,
  "stats": {
    "day_urban_mean": 39.70191841425121,
    "day_rural_mean": 40.45467453216241,
    "suhi_day": -0.752756117911197,
    "night_urban_mean": 21.79410972108808,
    "night_rural_mean": 20.13765354554586,
    "suhi_night": 1.6564561755422211,
    "suhi_day_night_diff": -2.409212293453418,
    "day_stronger_than_night": false,
    "uncertainty_day": {
      "urban_core": {
        "mean": 39.70191841425121,
        "stdDev": 1.6635753864811182,
        "count": 929,
        "stdError": 0.05458013796408427,
        "ci95": [
          39.594941343841604,
          39.808895484660816
        ]
      },
      "rural_ring": {
        "mean": 40.45467453216241,
        "stdDev": 4.24343701221395,
        "count": 5694,
        "stdError": 0.05623530159853004,
        "ci95": [
          40.344453341029286,
          40.56489572329553
        ]
      }
    },
    "uncertainty_night": {
      "urban_core": {
        "mean": 21.79410972108808,
        "stdDev": 1.2282182385767175,
        "count": 929,
        "stdError": 0.040296533271822775,
        "ci95": [
          21.715128515875307,
          21.873090926300854
        ]
      },
      "rural_ring": {
        "mean": 20.13765354554586,
        "stdDev": 0.8263143649613859,
        "count": 5694,
        "stdError": 0.01095056610833428,
        "ci95": [
          20.116190435973525,
          20.159116655118194
        ]
      }
    }
  }
}