{
  "city": "Tashkent",
  "year": 2022,
  "stats": {
    "day_urban_mean": 40.38549800897436,
    "day_rural_mean": 40.72676373287412,
    "suhi_day": -0.3412657238997596,
    "night_urban_mean": 22.022011062189108,
    "night_rural_mean": 20.022221861082055,
    "suhi_night": 1.9997892011070526,
    "suhi_day_night_diff": -2.3410549250068122,
    "day_stronger_than_night": false,
    "uncertainty_day": {
      "urban_core": {
        "mean": 40.38549800897436,
        "stdDev": 1.756046240904983,
        "count": 929,
        "stdError": 0.057614008285276706,
        "ci95": [
          40.272574552735215,
          40.498421465213504
        ]
      },
      "rural_ring": {
        "mean": 40.72676373287412,
        "stdDev": 4.446753101019735,
        "count": 5694,
        "stdError": 0.058929707463614756,
        "ci95": [
          40.611261506245434,
          40.842265959502804
        ]
      }
    },
    "uncertainty_night": {
      "urban_core": {
        "mean": 22.022011062189108,
        "stdDev": 1.6174588890652493,
        "count": 929,
        "stdError": 0.05306710476352541,
        "ci95": [
          21.917999536852598,
          22.12602258752562
        ]
      },
      "rural_ring": {
        "mean": 20.022221861082055,
        "stdDev": 1.104698296308277,
        "count": 5694,
        "stdError": 0.014639793565797855,
        "ci95": [
          19.993527865693093,
          20.05091585647102
        ]
      }
    }
  }
}