{
  "city": "Tashkent",
  "year": 2023,
  "stats": {
    "urban_mean": 36.72721030593458,
    "rural_mean": 35.40149925643034,
    "suhi": 1.3257110495042355
  }
}