{
  "city": "Tashkent",
  "year": 2018,
  "stats": {
    "urban_mean": 29.267247314634446,
    "rural_mean": 29.58379388346372,
    "suhi": -0.3165465688292741
  }
}