{
  "city": "Tashkent",
  "year": 2024,
  "stats": {
    "urban_mean": 34.59052514469047,
    "rural_mean": 33.545623798282286,
    "suhi": 1.0449013464081816,
    "uncertainty": {
      "urban_core": {
        "mean": 34.59052514469047,
        "stdDev": 2.6722790806627503,
        "count": 14905,
        "stdError": 0.021888490976591367,
        "ci95": [
          34.54762370237635,
          34.633426587004585
        ]
      },
      "rural_ring": {
        "mean": 33.545623798282286,
        "stdDev": 2.4040627303027065,
        "count": 257,
        "stdError": 0.14996131292582682,
        "ci95": [
          33.25169962494766,
          33.83954797161691
        ]
      }
    }
  }
}