{
  "city": "Tashkent",
  "year": 2018,
  "stats": {
    "urban_mean": 29.267247314634446,
    "rural_mean": 29.58379388346372,
    "suhi": -0.3165465688292741,
    "uncertainty": {
      "urban_core": {
        "mean": 29.267247314634446,
        "stdDev": 2.4748433730116797,
        "count": 14905,
        "stdError": 0.020271305954020446,
        "ci95": [
          29.227515554964565,
          29.306979074304326
        ]
      },
      "rural_ring": {
        "mean": 29.58379388346372,
        "stdDev": 2.6683722901462326,
        "count": 257,
        "stdError": 0.1664484902832961,
        "ci95": [
          29.25755484250846,
          29.91003292441898
        ]
      }
    }
  }
}