{
  "city": "Tashkent",
  "year": 2024,
  "stats": {
    "day_urban_mean": 39.39233375146275,
    "day_rural_mean": 38.52670464159469,
    "suhi_day": 0.8656291098680597,
    "night_urban_mean": 23.254615854120562,
    "night_rural_mean": 21.29467760300428,
    "suhi_night": 1.9599382511162808,
    "suhi_day_night_diff": -1.094309141248221,
    "day_stronger_than_night": false,
    "uncertainty_day": {
      "urban_core": {
        "mean": 39.39233375146275,
        "stdDev": 1.8750483859773885,
        "count": 929,
        "stdError": 0.06151834201662191,
        "ci95": [
          39.27175780111017,
          39.51290970181533
        ]
      },
      "rural_ring": {
        "mean": 38.52670464159469,
        "stdDev": 3.5650536287688595,
        "count": 5694,
        "stdError": 0.04724516128122103,
        "ci95": [
          38.4341041254835,
          38.61930515770588
        ]
      }
    },
    "uncertainty_night": {
      "urban_core": {
        "mean": 23.254615854120562,
        "stdDev": 1.5031582689032845,
        "count": 929,
        "stdError": 0.04931702306087621,
        "ci95": [
          23.157954488921245,
          23.35127721931988
        ]
      },
      "rural_ring": {
        "mean": 21.29467760300428,
        "stdDev": 1.1678463450835987,
        "count": 5694,
        "stdError": 0.015476650471654495,
        "ci95": [
          21.26434336807984,
          21.325011837928724
        ]
      }
    }
  }
}