{
  "city": "Tashkent",
  "year": 2019,
  "stats": {
    "urban_mean": 31.926157326721313,
    "rural_mean": 31.220746588431332,
    "suhi": 0.7054107382899808,
    "uncertainty": {
      "urban_core": {
        "mean": 31.926157326721313,
        "stdDev": 2.358083200455647,
        "count": 14905,
        "stdError": 0.01931492980232594,
        "ci95": [
          31.888300064308755,
          31.96401458913387
        ]
      },
      "rural_ring": {
        "mean": 31.220746588431332,
        "stdDev": 2.075351208879858,
        "count": 257,
        "stdError": 0.1294568515800076,
        "ci95": [
          30.96701115933452,
          31.474482017528146
        ]
      }
    }
  }
}