{
  "city": "Tashkent",
  "year": 2022,
  "stats": {
    "urban_mean": 34.6724638609701,
    "rural_mean": 33.07489342013912,
    "suhi": 1.597570440830978,
    "uncertainty": {
      "urban_core": {
        "mean": 34.6724638609701,
        "stdDev": 2.8132832873642224,
        "count": 14905,
        "stdError": 0.02304344867856954,
        "ci95": [
          34.6272987015601,
          34.717629020380095
        ]
      },
      "rural_ring": {
        "mean": 33.07489342013912,
        "stdDev": 2.3829625547234916,
        "count": 257,
        "stdError": 0.148645120135622,
        "ci95": [
          32.7835489846733,
          33.366237855604936
        ]
      }
    }
  }
}