{
  "city": "Tashkent",
  "year": 2020,
  "stats": {
    "day_urban_mean": 40.39202385863299,
    "day_rural_mean": 40.89226082282009,
    "suhi_day": -0.5002369641871027,
    "night_urban_mean": 20.922233652963847,
    "night_rural_mean": 18.46734784840942,
    "suhi_night": 2.4548858045544257,
    "suhi_day_night_diff": -2.9551227687415285,
    "day_stronger_than_night": false,
    "uncertainty_day": {
      "urban_core": {
        "mean": 40.39202385863299,
        "stdDev": 1.5683461850984706,
        "count": 929,
        "stdError": 0.0514557692147553,
        "ci95": [
          40.29117055097207,
          40.49287716629391
        ]
      },
      "rural_ring": {
        "mean": 40.89226082282009,
        "stdDev": 4.556731729477372,
        "count": 5694,
        "stdError": 0.06038717727473872,
        "ci95": [
          40.7739019553616,
          41.01061969027858
        ]
      }
    },
    "uncertainty_night": {
      "urban_core": {
        "mean": 20.922233652963847,
        "stdDev": 1.7050985524183015,
        "count": 929,
        "stdError": 0.055942468847297755,
        "ci95": [
          20.812586414023144,
          21.03188089190455
        ]
      },
      "rural_ring": {
        "mean": 18.46734784840942,
        "stdDev": 1.1113475572245437,
        "count": 5694,
        "stdError": 0.014727911568246651,
        "ci95": [
          18.438481141735657,
          18.496214555083185
        ]
      }
    }
  }
}