{
  "city": "Tashkent",
  "year": 2023,
  "stats": {
    "urban_mean": 36.72721030593458,
    "rural_mean": 35.40149925643034,
    "suhi": 1.3257110495042355,
    "uncertainty": {
      "urban_core": {
        "mean": 36.72721030593458,
        "stdDev": 2.8860780596574833,
        "count": 14905,
        "stdError": 0.023639706654771973,
        "ci95": [
          36.68087648089122,
          36.77354413097793
        ]
      },
      "rural_ring": {
        "mean": 35.40149925643034,
        "stdDev": 2.626064959342318,
        "count": 257,
        "stdError": 0.16380943149594762,
        "ci95": [
          35.08043277069828,
          35.7225657421624
        ]
      }
    }
  }
}