{
  "city": "Tashkent",
  "year": 2019,
  "stats": {
    "urban_mean": 31.926157326721313,
    "rural_mean": 31.220746588431332,
    "suhi": 0.7054107382899808
  }
}