{
  "city": "Tashkent",
  "year": 2016,
  "stats": {
    "urban_mean": 36.44126146764139,
    "rural_mean": 35.39100156667424,
    "suhi": 1.0502599009671485,
    "uncertainty": {
      "urban_core": {
        "mean": 36.44126146764139,
        "stdDev": 2.8908591321282158,
        "count": 14905,
        "stdError": 0.023678868156424747,
        "ci95": [
          36.3948508860548,
          36.48767204922798
        ]
      },
      "rural_ring": {
        "mean": 35.39100156667424,
        "stdDev": 2.565058925353419,
        "count": 257,
        "stdError": 0.1600039796505954,
        "ci95": [
          35.07739376655908,
          35.704609366789406
        ]
      }
    }
  }
}