{
  "city": "Tashkent",
  "year": 2018,
  "stats": {
    "urban_mean": 29.288706471989176,
    "rural_mean": 29.396584921822644,
    "suhi": -0.10787844983346773,
    "uncertainty": {
      "urban_core": {
        "mean": 29.288706471989176,
        "stdDev": 2.448751298620553,
        "count": 3728,
        "stdError": 0.04010575786560089,
        "ci95": [
          29.2100991865726,
          29.367313757405753
        ]
      },
      "rural_ring": {
        "mean": 29.396584921822644,
        "stdDev": 2.6456386274235593,
        "count": 129,
        "stdError": 0.2329354927325152,
        "ci95": [
          28.940031356066914,
          29.853138487578374
        ]
      }
    }
  }
}