{
  "city": "Tashkent",
  "year": 2020,
  "stats": {
    "urban_mean": 34.56166143129226,
    "rural_mean": 33.80269750486398,
    "suhi": 0.7589639264282795
  }
}