{
  "city": "Tashkent",
  "year": 2018,
  "stats": {
    "day_urban_mean": 40.375787233863505,
    "day_rural_mean": 41.659985273760384,
    "suhi_day": -1.2841980398968786,
    "night_urban_mean": 21.333204583147452,
    "night_rural_mean": 19.613194455370653,
    "suhi_night": 1.7200101277767992,
    "suhi_day_night_diff": -3.004208167673678,
    "day_stronger_than_night": false,
    "uncertainty_day": {
      "urban_core": {
        "mean": 40.375787233863505,
        "stdDev": 1.6744588348704792,
        "count": 929,
        "stdError": 0.05493721232298833,
        "ci95": [
          40.26811029771045,
          40.48346417001656
        ]
      },
      "rural_ring": {
        "mean": 41.659985273760384,
        "stdDev": 4.875878250526697,
        "count": 5694,
        "stdError": 0.06461660281202664,
        "ci95": [
          41.53333673224881,
          41.786633815271955
        ]
      }
    },
    "uncertainty_night": {
      "urban_core": {
        "mean": 21.333204583147452,
        "stdDev": 1.469935929592154,
        "count": 929,
        "stdError": 0.04822703346507756,
        "ci95": [
          21.2386795975559,
          21.427729568739004
        ]
      },
      "rural_ring": {
        "mean": 19.613194455370653,
        "stdDev": 0.9704354048463624,
        "count": 5694,
        "stdError": 0.012860501408728176,
        "ci95": [
          19.587987872609546,
          19.63840103813176
        ]
      }
    }
  }
}