{
  "city": "Tashkent",
  "year": 2021,
  "stats": {
    "day_urban_mean": 41.025151284274635,
    "day_rural_mean": 41.862678022571146,
    "suhi_day": -0.8375267382965106,
    "night_urban_mean": 22.036097968564544,
    "night_rural_mean": 20.311908524795207,
    "suhi_night": 1.7241894437693368,
    "suhi_day_night_diff": -2.5617161820658474,
    "day_stronger_than_night": false,
    "uncertainty_day": {
      "urban_core": {
        "mean": 41.025151284274635,
        "stdDev": 1.7003452678024968,
        "count": 929,
        "stdError": 0.05578651863775423,
        "ci95": [
          40.915809707744636,
          41.134492860804635
        ]
      },
      "rural_ring": {
        "mean": 41.862678022571146,
        "stdDev": 4.837303185299105,
        "count": 5694,
        "stdError": 0.0641053944634609,
        "ci95": [
          41.737031449422766,
          41.988324595719526
        ]
      }
    },
    "uncertainty_night": {
      "urban_core": {
        "mean": 22.036097968564544,
        "stdDev": 1.4504364161247487,
        "count": 929,
        "stdError": 0.047587275180642534,
        "ci95": [
          21.942826909210485,
          22.129369027918603
        ]
      },
      "rural_ring": {
        "mean": 20.311908524795207,
        "stdDev": 1.0746649313220986,
        "count": 5694,
        "stdError": 0.0142417823939211,
        "ci95": [
          20.283994631303123,
          20.33982241828729
        ]
      }
    }
  }
}