{
  "city": "Tashkent",
  "year": 2017,
  "stats": {
    "day_urban_mean": 39.29359432747108,
    "day_rural_mean": 40.3195686950785,
    "suhi_day": -1.025974367607425,
    "night_urban_mean": 21.8722944781661,
    "night_rural_mean": 20.42796472879291,
    "suhi_night": 1.444329749373189,
    "suhi_day_night_diff": -2.470304116980614,
    "day_stronger_than_night": false,
    "uncertainty_day": {
      "urban_core": {
        "mean": 39.29359432747108,
        "stdDev": 1.5580679011862872,
        "count": 929,
        "stdError": 0.05111854965829887,
        "ci95": [
          39.19340197014081,
          39.39378668480134
        ]
      },
      "rural_ring": {
        "mean": 40.3195686950785,
        "stdDev": 4.597485933779687,
        "count": 5694,
        "stdError": 0.060927264228722536,
        "ci95": [
          40.20015125719021,
          40.4389861329668
        ]
      }
    },
    "uncertainty_night": {
      "urban_core": {
        "mean": 21.8722944781661,
        "stdDev": 1.2821064803769309,
        "count": 929,
        "stdError": 0.04206454913452379,
        "ci95": [
          21.789847961862435,
          21.954740994469766
        ]
      },
      "rural_ring": {
        "mean": 20.42796472879291,
        "stdDev": 0.978457356930261,
        "count": 5694,
        "stdError": 0.01296681072675235,
        "ci95": [
          20.402549779768478,
          20.453379677817345
        ]
      }
    }
  }
}