{
  "city": "Tashkent",
  "year": 2022,
  "stats": {
    "urban_mean": 34.6724638609701,
    "rural_mean": 33.07489342013912,
    "suhi": 1.597570440830978
  }
}