{
  "city": "Tashkent",
  "year": 2021,
  "stats": {
    "urban_mean": 31.780136875174083,
    "rural_mean": 30.732235354327006,
    "suhi": 1.047901520847077,
    "uncertainty": {
      "urban_core": {
        "mean": 31.780136875174083,
        "stdDev": 4.55446646094549,
        "count": 14905,
        "stdError": 0.03730538428975361,
        "ci95": [
          31.707018321966167,
          31.853255428382
        ]
      },
      "rural_ring": {
        "mean": 30.732235354327006,
        "stdDev": 4.042874428899812,
        "count": 257,
        "stdError": 0.25218757801537456,
        "ci95": [
          30.23794770141687,
          31.22652300723714
        ]
      }
    }
  }
}