{
  "city": "Tashkent",
  "year": 2020,
  "stats": {
    "urban_mean": 34.56166143129226,
    "rural_mean": 33.80269750486398,
    "suhi": 0.7589639264282795,
    "uncertainty": {
      "urban_core": {
        "mean": 34.56166143129226,
        "stdDev": 2.7215314380173363,
        "count": 14905,
        "stdError": 0.022291914326844266,
        "ci95": [
          34.51796927921164,
          34.605353583372874
        ]
      },
      "rural_ring": {
        "mean": 33.80269750486398,
        "stdDev": 2.3091122143364062,
        "count": 257,
        "stdError": 0.14403846247029892,
        "ci95": [
          33.52038211842219,
          34.085012891305766
        ]
      }
    }
  }
}