{
  "city": "Tashkent",
  "year": 2017,
  "stats": {
    "urban_mean": 35.97428270678155,
    "rural_mean": 35.35872795603294,
    "suhi": 0.6155547507486077,
    "uncertainty": {
      "urban_core": {
        "mean": 35.97428270678155,
        "stdDev": 3.4019702732462482,
        "count": 14905,
        "stdError": 0.027865351402636733,
        "ci95": [
          35.91966661803238,
          36.02889879553072
        ]
      },
      "rural_ring": {
        "mean": 35.35872795603294,
        "stdDev": 3.0523723495936106,
        "count": 257,
        "stdError": 0.190401755875111,
        "ci95": [
          34.98554051451772,
          35.731915397548164
        ]
      }
    }
  }
}