{
  "city": "Tashkent",
  "year": 2021,
  "stats": {
    "urban_mean": 31.780136875174083,
    "rural_mean": 30.732235354327006,
    "suhi": 1.047901520847077
  }
}