{
  "city": "Tashkent",
  "year": 2019,
  "stats": {
    "day_urban_mean": 40.283109956811955,
    "day_rural_mean": 40.465877750128854,
    "suhi_day": -0.18276779331689852,
    "night_urban_mean": 22.029036057348293,
    "night_rural_mean": 20.05455093250086,
    "suhi_night": 1.9744851248474333,
    "suhi_day_night_diff": -2.157252918164332,
    "day_stronger_than_night": false,
    "uncertainty_day": {
      "urban_core": {
        "mean": 40.283109956811955,
        "stdDev": 1.6050997770785576,
        "count": 929,
        "stdError": 0.05266161545247347,
        "ci95": [
          40.17989319052511,
          40.386326723098804
        ]
      },
      "rural_ring": {
        "mean": 40.465877750128854,
        "stdDev": 4.117765258664203,
        "count": 5694,
        "stdError": 0.05456986178100841,
        "ci95": [
          40.358920821038076,
          40.57283467921963
        ]
      }
    },
    "uncertainty_night": {
      "urban_core": {
        "mean": 22.029036057348293,
        "stdDev": 1.5846494629500647,
        "count": 929,
        "stdError": 0.05199066241024134,
        "ci95": [
          21.92713435902422,
          22.130937755672367
        ]
      },
      "rural_ring": {
        "mean": 20.05455093250086,
        "stdDev": 1.0216359268377166,
        "count": 5694,
        "stdError": 0.013539026101777351,
        "ci95": [
          20.028014441341377,
          20.081087423660342
        ]
      }
    }
  }
}