{
  "city": "Tashkent",
  "year": 2017,
  "stats": {
    "urban_mean": 35.97428270678155,
    "rural_mean": 35.35872795603294,
    "suhi": 0.6155547507486077
  }
}