{
  "city": "Tashkent",
  "year": 2023,
  "stats": {
    "day_urban_mean": 40.56862690789088,
    "day_rural_mean": 40.24153531054167,
    "suhi_day": 0.32709159734920945,
    "night_urban_mean": 22.783867220056752,
    "night_rural_mean": 20.63705370315933,
    "suhi_night": 2.1468135168974207,
    "suhi_day_night_diff": -1.8197219195482113,
    "day_stronger_than_night": false,
    "uncertainty_day": {
      "urban_core": {
        "mean": 40.56862690789088,
        "stdDev": 1.9156214135903804,
        "count": 929,
        "stdError": 0.06284949987260695,
        "ci95": [
          40.44544188814057,
          40.69181192764119
        ]
      },
      "rural_ring": {
        "mean": 40.24153531054167,
        "stdDev": 4.16174204390887,
        "count": 5694,
        "stdError": 0.0551526553453878,
        "ci95": [
          40.133436106064714,
          40.34963451501863
        ]
      }
    },
    "uncertainty_night": {
      "urban_core": {
        "mean": 22.783867220056752,
        "stdDev": 1.6204277862308634,
        "count": 929,
        "stdError": 0.05316451111986924,
        "ci95": [
          22.67966477826181,
          22.888069661851695
        ]
      },
      "rural_ring": {
        "mean": 20.63705370315933,
        "stdDev": 1.0925513518588332,
        "count": 5694,
        "stdError": 0.014478818610201975,
        "ci95": [
          20.608675218683334,
          20.66543218763533
        ]
      }
    }
  }
}