{
  "city": "Namangan",
  "aridity_index": 0.29173627840845195,
  "climatic_water_deficit": 694.939001130859,
  "drought_frequency": 0.22916666666666666,
  "surface_water_change": -4.863636363636363,
  "cropland_fraction": 0.461103050714445,
  "population_density": 4126.184834123223,
  "aqueduct_bws_score": 3.0,
  "water_supply_risk": 0.3523138905747772,
  "water_demand_risk": 0.9455442710002229,
  "overall_water_scarcity_score": 0.5896060427449554,
  "water_scarcity_level": "High"
}