{
  "city": "Namangan",
  "aridity_index": 0.09029074404582724,
  "climatic_water_deficit": 2462.0184190262453,
  "drought_frequency": 0.24583333333333332,
  "surface_water_change": -4.863636363636363,
  "cropland_fraction": 0.461103050714445,
  "population_density": 4126.184834123223,
  "aqueduct_bws_score": null,
  "water_supply_risk": 0.5369661486301043,
  "water_demand_risk": 0.9455442710002229,
  "overall_water_scarcity_score": 0.7003973975781517,
  "water_scarcity_level": "Critical"
}