{
  "city": "Andijan",
  "year": 2021,
  "stats": {
    "day_urban_mean": 38.178602141270865,
    "day_rural_mean": 36.79316556133151,
    "suhi_day": 1.385436579939352,
    "night_urban_mean": 21.587807683383627,
    "night_rural_mean": 20.557823266622787,
    "suhi_night": 1.0299844167608398,
    "suhi_day_night_diff": 0.35545216317851214,
    "day_stronger_than_night": true,
    "uncertainty_day": {
      "urban_core": {
        "mean": 38.178602141270865,
        "stdDev": 3.441013921308643,
        "count": 591,
        "stdError": 0.1415443991534415,
        "ci95": [
          37.90117511893012,
          38.45602916361161
        ]
      },
      "rural_ring": {
        "mean": 36.79316556133151,
        "stdDev": 4.008437099646993,
        "count": 5033,
        "stdError": 0.056501712093234825,
        "ci95": [
          36.682422205628775,
          36.90390891703425
        ]
      }
    },
    "uncertainty_night": {
      "urban_core": {
        "mean": 21.587807683383627,
        "stdDev": 0.9358010678349138,
        "count": 591,
        "stdError": 0.038493712290320316,
        "ci95": [
          21.5123600072946,
          21.663255359472654
        ]
      },
      "rural_ring": {
        "mean": 20.557823266622787,
        "stdDev": 0.8249252735421309,
        "count": 5033,
        "stdError": 0.01162789614640958,
        "ci95": [
          20.535032590175824,
          20.58061394306975
        ]
      }
    }
  }
}