{
  "city": "Andijan",
  "year": 2021,
  "stats": {
    "urban_mean": 34.25235512860165,
    "rural_mean": 33.838275681543706,
    "suhi": 0.41407944705794364,
    "uncertainty": {
      "urban_core": {
        "mean": 34.25235512860165,
        "stdDev": 4.738614933721288,
        "count": 9468,
        "stdError": 0.04869925238802281,
        "ci95": [
          34.156904593921126,
          34.34780566328217
        ]
      },
      "rural_ring": {
        "mean": 33.838275681543706,
        "stdDev": 5.762671202848765,
        "count": 202,
        "stdError": 0.4054601309412349,
        "ci95": [
          33.043573824898886,
          34.63297753818853
        ]
      }
    }
  }
}