{
  "city": "Andijan",
  "year": 2016,
  "stats": {
    "urban_mean": 27.931820535637833,
    "rural_mean": 29.396652806738118,
    "suhi": -1.4648322711002848,
    "uncertainty": {
      "urban_core": {
        "mean": 27.931820535637833,
        "stdDev": 3.178986341794386,
        "count": 9468,
        "stdError": 0.03267078257307242,
        "ci95": [
          27.86778580179461,
          27.995855269481055
        ]
      },
      "rural_ring": {
        "mean": 29.396652806738118,
        "stdDev": 4.3890489603046,
        "count": 202,
        "stdError": 0.3088124072171357,
        "ci95": [
          28.79138048859253,
          30.001925124883705
        ]
      }
    }
  }
}