{
  "city": "Andijan",
  "year": 2017,
  "stats": {
    "urban_mean": 28.448190107293808,
    "rural_mean": 28.58165805121418,
    "suhi": -0.13346794392037253,
    "uncertainty": {
      "urban_core": {
        "mean": 28.448190107293808,
        "stdDev": 3.507027464658735,
        "count": 9468,
        "stdError": 0.036042096271160916,
        "ci95": [
          28.377547598602334,
          28.518832615985282
        ]
      },
      "rural_ring": {
        "mean": 28.58165805121418,
        "stdDev": 4.090902256599667,
        "count": 202,
        "stdError": 0.2878348783475136,
        "ci95": [
          28.017501689653052,
          29.14581441277531
        ]
      }
    }
  }
}