{
  "city": "Andijan",
  "year": 2018,
  "stats": {
    "urban_mean": 38.677191764683535,
    "rural_mean": 37.57943924899219,
    "suhi": 1.0977525156913472
  }
}