{
  "city": "Andijan",
  "year": 2018,
  "stats": {
    "urban_mean": 38.69515962813053,
    "rural_mean": 37.4970415679478,
    "suhi": 1.1981180601827361,
    "uncertainty": {
      "urban_core": {
        "mean": 38.69515962813053,
        "stdDev": 5.260570994296474,
        "count": 2368,
        "stdError": 0.10810406801378461,
        "ci95": [
          38.483275654823515,
          38.90704360143755
        ]
      },
      "rural_ring": {
        "mean": 37.4970415679478,
        "stdDev": 6.132342878653692,
        "count": 101,
        "stdError": 0.6101909227379807,
        "ci95": [
          36.301067359381356,
          38.69301577651424
        ]
      }
    }
  }
}