{
  "city": "Andijan",
  "year": 2019,
  "stats": {
    "urban_mean": 34.83232124591019,
    "rural_mean": 34.77260774152229,
    "suhi": 0.05971350438789358,
    "uncertainty": {
      "urban_core": {
        "mean": 34.83232124591019,
        "stdDev": 4.7219642296819915,
        "count": 9468,
        "stdError": 0.04852813132210172,
        "ci95": [
          34.73720610851887,
          34.927436383301504
        ]
      },
      "rural_ring": {
        "mean": 34.77260774152229,
        "stdDev": 5.964707270985562,
        "count": 202,
        "stdError": 0.41967533909003607,
        "ci95": [
          33.950044076905826,
          35.59517140613876
        ]
      }
    }
  }
}