{
  "city": "Andijan",
  "year": 2022,
  "stats": {
    "urban_mean": 33.39124020923678,
    "rural_mean": 33.13376736324751,
    "suhi": 0.25747284598926967
  }
}