{
  "city": "Andijan",
  "year": 2024,
  "stats": {
    "urban_mean": 33.269183910215496,
    "rural_mean": 33.20232071844772,
    "suhi": 0.06686319176777289
  }
}