{
  "city": "Andijan",
  "year": 2020,
  "stats": {
    "urban_mean": 33.240412843881565,
    "rural_mean": 33.4032750243275,
    "suhi": -0.16286218044593426,
    "uncertainty": {
      "urban_core": {
        "mean": 33.240412843881565,
        "stdDev": 4.005385416422595,
        "count": 9468,
        "stdError": 0.04116377423233407,
        "ci95": [
          33.15973184638619,
          33.32109384137694
        ]
      },
      "rural_ring": {
        "mean": 33.4032750243275,
        "stdDev": 5.236436647315197,
        "count": 202,
        "stdError": 0.3684343968186694,
        "ci95": [
          32.681143606562905,
          34.12540644209209
        ]
      }
    }
  }
}