{
  "city": "Andijan",
  "year": 2023,
  "stats": {
    "urban_mean": 30.737655085765958,
    "rural_mean": 31.35691814042535,
    "suhi": -0.6192630546593918
  }
}