{
  "city": "Andijan",
  "year": 2017,
  "stats": {
    "urban_mean": 28.448190107293808,
    "rural_mean": 28.58165805121418,
    "suhi": -0.13346794392037253
  }
}