{
  "city": "Andijan",
  "year": 2019,
  "stats": {
    "urban_mean": 34.83232124591019,
    "rural_mean": 34.77260774152229,
    "suhi": 0.05971350438789358
  }
}