{
  "city": "Andijan",
  "year": 2024,
  "stats": {
    "urban_mean": 33.269183910215496,
    "rural_mean": 33.20232071844772,
    "suhi": 0.06686319176777289,
    "uncertainty": {
      "urban_core": {
        "mean": 33.269183910215496,
        "stdDev": 3.852418873602628,
        "count": 9468,
        "stdError": 0.039591720714606524,
        "ci95": [
          33.19158413761487,
          33.346783682816124
        ]
      },
      "rural_ring": {
        "mean": 33.20232071844772,
        "stdDev": 5.04989521245429,
        "count": 202,
        "stdError": 0.3553093872628094,
        "ci95": [
          32.50591431941262,
          33.89872711748283
        ]
      }
    }
  }
}