{
  "city": "Andijan",
  "year": 2021,
  "stats": {
    "urban_mean": 34.25235512860165,
    "rural_mean": 33.838275681543706,
    "suhi": 0.41407944705794364
  }
}