{
  "city": "Andijan",
  "year": 2024,
  "stats": {
    "day_urban_mean": 36.95754761510166,
    "day_rural_mean": 35.59535309427486,
    "suhi_day": 1.3621945208267974,
    "night_urban_mean": 23.029982763764174,
    "night_rural_mean": 21.813521689323895,
    "suhi_night": 1.2164610744402786,
    "suhi_day_night_diff": 0.14573344638651875,
    "day_stronger_than_night": true,
    "uncertainty_day": {
      "urban_core": {
        "mean": 36.95754761510166,
        "stdDev": 3.1001330214754543,
        "count": 591,
        "stdError": 0.12752243258975396,
        "ci95": [
          36.707603647225746,
          37.207491582977575
        ]
      },
      "rural_ring": {
        "mean": 35.59535309427486,
        "stdDev": 3.439492340235144,
        "count": 5033,
        "stdError": 0.04848203953904306,
        "ci95": [
          35.500328296778335,
          35.69037789177139
        ]
      }
    },
    "uncertainty_night": {
      "urban_core": {
        "mean": 23.029982763764174,
        "stdDev": 0.9331717466124855,
        "count": 591,
        "stdError": 0.038385556467321356,
        "ci95": [
          22.954747073088225,
          23.105218454440124
        ]
      },
      "rural_ring": {
        "mean": 21.813521689323895,
        "stdDev": 0.9268156489883423,
        "count": 5033,
        "stdError": 0.013064111937107764,
        "ci95": [
          21.787916029927164,
          21.839127348720627
        ]
      }
    }
  }
}