{
  "city": "Andijan",
  "year": 2023,
  "stats": {
    "urban_mean": 30.737655085765958,
    "rural_mean": 31.35691814042535,
    "suhi": -0.6192630546593918,
    "uncertainty": {
      "urban_core": {
        "mean": 30.737655085765958,
        "stdDev": 3.741629851310808,
        "count": 9468,
        "stdError": 0.03845313008551428,
        "ci95": [
          30.66228695079835,
          30.813023220733566
        ]
      },
      "rural_ring": {
        "mean": 31.35691814042535,
        "stdDev": 4.620200764044962,
        "count": 202,
        "stdError": 0.3250761913743054,
        "ci95": [
          30.71976880533171,
          31.99406747551899
        ]
      }
    }
  }
}