{
  "city": "Andijan",
  "year": 2023,
  "stats": {
    "day_urban_mean": 37.9760974510259,
    "day_rural_mean": 36.82618857307492,
    "suhi_day": 1.1499088779509776,
    "night_urban_mean": 22.505124332924552,
    "night_rural_mean": 21.32057101827494,
    "suhi_night": 1.1845533146496123,
    "suhi_day_night_diff": -0.034644436698634706,
    "day_stronger_than_night": false,
    "uncertainty_day": {
      "urban_core": {
        "mean": 37.9760974510259,
        "stdDev": 2.7956613079279182,
        "count": 591,
        "stdError": 0.11499813982638293,
        "ci95": [
          37.75070109696619,
          38.20149380508561
        ]
      },
      "rural_ring": {
        "mean": 36.82618857307492,
        "stdDev": 3.1907581090455612,
        "count": 5033,
        "stdError": 0.044975957350640104,
        "ci95": [
          36.738035696667666,
          36.91434144948218
        ]
      }
    },
    "uncertainty_night": {
      "urban_core": {
        "mean": 22.505124332924552,
        "stdDev": 1.1301714749260185,
        "count": 591,
        "stdError": 0.04648904247906225,
        "ci95": [
          22.41400580966559,
          22.596242856183515
        ]
      },
      "rural_ring": {
        "mean": 21.32057101827494,
        "stdDev": 0.9417035345670852,
        "count": 5033,
        "stdError": 0.013273967051142418,
        "ci95": [
          21.2945540428547,
          21.34658799369518
        ]
      }
    }
  }
}