{
  "city": "Andijan",
  "year": 2022,
  "stats": {
    "day_urban_mean": 37.88013033246049,
    "day_rural_mean": 36.293649917578136,
    "suhi_day": 1.5864804148823524,
    "night_urban_mean": 22.138000397759324,
    "night_rural_mean": 21.196450448888772,
    "suhi_night": 0.9415499488705521,
    "suhi_day_night_diff": 0.6449304660118003,
    "day_stronger_than_night": true,
    "uncertainty_day": {
      "urban_core": {
        "mean": 37.88013033246049,
        "stdDev": 2.791391153440007,
        "count": 591,
        "stdError": 0.1148224891416993,
        "ci95": [
          37.65507825374276,
          38.10518241117822
        ]
      },
      "rural_ring": {
        "mean": 36.293649917578136,
        "stdDev": 3.0702186832573677,
        "count": 5033,
        "stdError": 0.04327687020957753,
        "ci95": [
          36.208827251967364,
          36.37847258318891
        ]
      }
    },
    "uncertainty_night": {
      "urban_core": {
        "mean": 22.138000397759324,
        "stdDev": 1.0063084380150586,
        "count": 591,
        "stdError": 0.041393997955029994,
        "ci95": [
          22.056868161767465,
          22.219132633751183
        ]
      },
      "rural_ring": {
        "mean": 21.196450448888772,
        "stdDev": 0.9052452864909263,
        "count": 5033,
        "stdError": 0.012760062657730761,
        "ci95": [
          21.17144072607962,
          21.221460171697924
        ]
      }
    }
  }
}