{
  "city": "Andijan",
  "year": 2020,
  "stats": {
    "urban_mean": 33.240412843881565,
    "rural_mean": 33.4032750243275,
    "suhi": -0.16286218044593426
  }
}