{
  "city": "Andijan",
  "year": 2018,
  "stats": {
    "day_urban_mean": 38.36115960091491,
    "day_rural_mean": 37.093711685161885,
    "suhi_day": 1.2674479157530243,
    "night_urban_mean": 21.80371964599426,
    "night_rural_mean": 20.803439048826046,
    "suhi_night": 1.0002805971682136,
    "suhi_day_night_diff": 0.2671673185848107,
    "day_stronger_than_night": true,
    "uncertainty_day": {
      "urban_core": {
        "mean": 38.36115960091491,
        "stdDev": 2.98854272911709,
        "count": 591,
        "stdError": 0.12293222131934602,
        "ci95": [
          38.12021244712899,
          38.60210675470083
        ]
      },
      "rural_ring": {
        "mean": 37.093711685161885,
        "stdDev": 3.2790180123003414,
        "count": 5033,
        "stdError": 0.04622004214456578,
        "ci95": [
          37.00312040255854,
          37.184302967765234
        ]
      }
    },
    "uncertainty_night": {
      "urban_core": {
        "mean": 21.80371964599426,
        "stdDev": 0.8743217451124824,
        "count": 591,
        "stdError": 0.035964790875263206,
        "ci95": [
          21.733228655878744,
          21.874210636109776
        ]
      },
      "rural_ring": {
        "mean": 20.803439048826046,
        "stdDev": 0.829444224181032,
        "count": 5033,
        "stdError": 0.011691593902321783,
        "ci95": [
          20.780523524777497,
          20.826354572874596
        ]
      }
    }
  }
}