{
  "city": "Andijan",
  "year": 2016,
  "stats": {
    "day_urban_mean": 38.388468825615654,
    "day_rural_mean": 37.08367203209125,
    "suhi_day": 1.3047967935244031,
    "night_urban_mean": 22.10084868573703,
    "night_rural_mean": 21.08296691334652,
    "suhi_night": 1.0178817723905098,
    "suhi_day_night_diff": 0.28691502113389333,
    "day_stronger_than_night": true,
    "uncertainty_day": {
      "urban_core": {
        "mean": 38.388468825615654,
        "stdDev": 3.1656205568016857,
        "count": 591,
        "stdError": 0.1302162298401487,
        "ci95": [
          38.13324501512896,
          38.643692636102344
        ]
      },
      "rural_ring": {
        "mean": 37.08367203209125,
        "stdDev": 3.291479369259298,
        "count": 5033,
        "stdError": 0.04639569364805276,
        "ci95": [
          36.99273647254107,
          37.17460759164143
        ]
      }
    },
    "uncertainty_night": {
      "urban_core": {
        "mean": 22.10084868573703,
        "stdDev": 1.0059781634879723,
        "count": 591,
        "stdError": 0.04138041227634307,
        "ci95": [
          22.019743077675397,
          22.181954293798665
        ]
      },
      "rural_ring": {
        "mean": 21.08296691334652,
        "stdDev": 0.9002509003457008,
        "count": 5033,
        "stdError": 0.012689663307299436,
        "ci95": [
          21.058095173264213,
          21.10783865342883
        ]
      }
    }
  }
}