{
  "city": "Andijan",
  "year": 2018,
  "stats": {
    "urban_mean": 38.677191764683535,
    "rural_mean": 37.57943924899219,
    "suhi": 1.0977525156913472,
    "uncertainty": {
      "urban_core": {
        "mean": 38.677191764683535,
        "stdDev": 5.412573792680083,
        "count": 9468,
        "stdError": 0.05562559964996488,
        "ci95": [
          38.568165589369606,
          38.786217939997464
        ]
      },
      "rural_ring": {
        "mean": 37.57943924899219,
        "stdDev": 6.174695251155373,
        "count": 202,
        "stdError": 0.4344500418170713,
        "ci95": [
          36.727917167030725,
          38.43096133095365
        ]
      }
    }
  }
}