{
  "city": "Andijan",
  "year": 2017,
  "stats": {
    "day_urban_mean": 37.984351751798265,
    "day_rural_mean": 36.39125099269325,
    "suhi_day": 1.5931007591050133,
    "night_urban_mean": 22.314824687593262,
    "night_rural_mean": 21.116838249361308,
    "suhi_night": 1.197986438231954,
    "suhi_day_night_diff": 0.3951143208730592,
    "day_stronger_than_night": true,
    "uncertainty_day": {
      "urban_core": {
        "mean": 37.984351751798265,
        "stdDev": 3.1354949435780504,
        "count": 591,
        "stdError": 0.12897702769787814,
        "ci95": [
          37.73155677751043,
          38.2371467260861
        ]
      },
      "rural_ring": {
        "mean": 36.39125099269325,
        "stdDev": 2.8813458287543576,
        "count": 5033,
        "stdError": 0.04061457580852623,
        "ci95": [
          36.31164642410854,
          36.470855561277965
        ]
      }
    },
    "uncertainty_night": {
      "urban_core": {
        "mean": 22.314824687593262,
        "stdDev": 0.9528977531091363,
        "count": 591,
        "stdError": 0.03919697595039147,
        "ci95": [
          22.237998614730493,
          22.39165076045603
        ]
      },
      "rural_ring": {
        "mean": 21.116838249361308,
        "stdDev": 0.9103866813278882,
        "count": 5033,
        "stdError": 0.012832534198037893,
        "ci95": [
          21.091686482333152,
          21.141990016389464
        ]
      }
    }
  }
}