{
  "city": "Andijan",
  "year": 2022,
  "stats": {
    "urban_mean": 33.39124020923678,
    "rural_mean": 33.13376736324751,
    "suhi": 0.25747284598926967,
    "uncertainty": {
      "urban_core": {
        "mean": 33.39124020923678,
        "stdDev": 3.229921558097997,
        "count": 9468,
        "stdError": 0.03319424923767859,
        "ci95": [
          33.32617948073093,
          33.456300937742625
        ]
      },
      "rural_ring": {
        "mean": 33.13376736324751,
        "stdDev": 4.255167460079793,
        "count": 202,
        "stdError": 0.29939253773283747,
        "ci95": [
          32.546957989291144,
          33.72057673720387
        ]
      }
    }
  }
}