{
  "city": "Andijan",
  "year": 2020,
  "stats": {
    "day_urban_mean": 38.49174258344665,
    "day_rural_mean": 37.30764403130699,
    "suhi_day": 1.184098552139659,
    "night_urban_mean": 20.58025005800657,
    "night_rural_mean": 19.647216163897305,
    "suhi_night": 0.9330338941092648,
    "suhi_day_night_diff": 0.25106465803039413,
    "day_stronger_than_night": true,
    "uncertainty_day": {
      "urban_core": {
        "mean": 38.49174258344665,
        "stdDev": 3.362616013190951,
        "count": 591,
        "stdError": 0.13831954012840586,
        "ci95": [
          38.22063628479498,
          38.762848882098325
        ]
      },
      "rural_ring": {
        "mean": 37.30764403130699,
        "stdDev": 3.4912181761309284,
        "count": 5033,
        "stdError": 0.04921115121397065,
        "ci95": [
          37.21119017492761,
          37.404097887686376
        ]
      }
    },
    "uncertainty_night": {
      "urban_core": {
        "mean": 20.58025005800657,
        "stdDev": 1.074625456463867,
        "count": 591,
        "stdError": 0.044204184588803805,
        "ci95": [
          20.493609856212515,
          20.666890259800624
        ]
      },
      "rural_ring": {
        "mean": 19.647216163897305,
        "stdDev": 0.8861613812007311,
        "count": 5033,
        "stdError": 0.012491061724071073,
        "ci95": [
          19.622733682918124,
          19.671698644876486
        ]
      }
    }
  }
}