{
  "city": "Andijan",
  "year": 2019,
  "stats": {
    "day_urban_mean": 38.428443435314435,
    "day_rural_mean": 37.26533866361819,
    "suhi_day": 1.163104771696247,
    "night_urban_mean": 22.376144983261007,
    "night_rural_mean": 21.31172148832545,
    "suhi_night": 1.064423494935557,
    "suhi_day_night_diff": 0.09868127676068994,
    "day_stronger_than_night": true,
    "uncertainty_day": {
      "urban_core": {
        "mean": 38.428443435314435,
        "stdDev": 3.6454436245730157,
        "count": 591,
        "stdError": 0.1499535134957245,
        "ci95": [
          38.13453454886282,
          38.72235232176605
        ]
      },
      "rural_ring": {
        "mean": 37.26533866361819,
        "stdDev": 3.6321540360335938,
        "count": 5033,
        "stdError": 0.05119774029641731,
        "ci95": [
          37.16499109263721,
          37.36568623459917
        ]
      }
    },
    "uncertainty_night": {
      "urban_core": {
        "mean": 22.376144983261007,
        "stdDev": 1.0307182284599428,
        "count": 591,
        "stdError": 0.04239808256526271,
        "ci95": [
          22.293044741433093,
          22.45924522508892
        ]
      },
      "rural_ring": {
        "mean": 21.31172148832545,
        "stdDev": 0.8266572830167188,
        "count": 5033,
        "stdError": 0.011652310025994853,
        "ci95": [
          21.2888829606745,
          21.3345600159764
        ]
      }
    }
  }
}