{
  "city": "Urgench",
  "aridity_index": 0.1109048669914812,
  "climatic_water_deficit": 807.0044144154059,
  "drought_frequency": 0.24583333333333332,
  "surface_water_change": -42.22680412371135,
  "cropland_fraction": 0.6338126412528815,
  "population_density": 4014.1583639223913,
  "aqueduct_bws_score": 3.0,
  "water_supply_risk": 0.6291056802257529,
  "water_demand_risk": 1.0,
  "overall_water_scarcity_score": 0.7774634081354517,
  "water_scarcity_level": "Critical"
}