{
  "city": "Urgench",
  "aridity_index": 0.03605744164905804,
  "climatic_water_deficit": 2584.271870042732,
  "drought_frequency": 0.24583333333333332,
  "surface_water_change": -42.22680412371135,
  "cropland_fraction": 0.6338126412528815,
  "population_density": 4014.1583639223913,
  "aqueduct_bws_score": null,
  "water_supply_risk": 0.7079072164948454,
  "water_demand_risk": 1.0,
  "overall_water_scarcity_score": 0.8247443298969073,
  "water_scarcity_level": "Critical"
}