{
  "city": "Navoiy",
  "year": 2020,
  "generated": {
    "summer_veg_tif": "suhi_analysis_output\\vegetation\\Navoiy\\Navoiy_ndvi_evi_summer_2020.tif",
    "winter_veg_tif": "suhi_analysis_output\\vegetation\\Navoiy\\Navoiy_ndvi_evi_winter_2020.tif",
    "ndvi_change_tif": "suhi_analysis_output\\vegetation\\Navoiy\\Navoiy_ndvi_change_2020.tif",
    "evi_change_tif": "suhi_analysis_output\\vegetation\\Navoiy\\Navoiy_evi_change_2020.tif",
    "summer_lst_tif": "suhi_analysis_output\\temperature\\Navoiy\\Navoiy_lst_summer_2020.tif",
    "winter_lst_tif": "suhi_analysis_output\\temperature\\Navoiy\\Navoiy_lst_winter_2020.tif",
    "lst_change_tif": "suhi_analysis_output\\temperature\\Navoiy\\Navoiy_lst_change_2020.tif"
  },
  "stats": {
    "summer_ndvi_mean": 0.26568197503368635,
    "winter_ndvi_mean": 0.16801411151683388,
    "ndvi_change_mean": 0.1041310948488791,
    "summer_evi_mean": 0.20663945766222067,
    "winter_evi_mean": 0.08894707974075072,
    "evi_change_mean": 0.12260133542779467,
    "summer_lst_mean": 32.63839490333019,
    "winter_lst_mean": 3.6089241438782476,
    "lst_change_mean": 29.02947075945194,
    "summer_biomass_t_per_ha": 4.532345673724738,
    "winter_biomass_t_per_ha": 2.654117529169882,
    "biomass_change_t_per_ha": 1.8782281445548556
  },
  "uncertainty": {
    "summer_ndvi": {
      "city": {
        "mean": 0.26568197503368635,
        "stdDev": 0.1813781351366848,
        "count": 579134,
        "stdError": 0.0002383391582125026,
        "ci95": [
          0.26521483028358983,
          0.26614911978378286
        ]
      }
    },
    "winter_ndvi": {
      "city": {
        "mean": 0.16801411151683388,
        "stdDev": 0.10626896452155814,
        "count": 531918,
        "stdError": 0.0001457082376329824,
        "ci95": [
          0.16772852337107322,
          0.16829969966259453
        ]
      }
    },
    "ndvi_change": {
      "city": {
        "mean": 0.1041310948488791,
        "stdDev": 0.21299239940183803,
        "count": 531918,
        "stdError": 0.00029203961180751206,
        "ci95": [
          0.10355869720973637,
          0.10470349248802183
        ]
      }
    },
    "summer_evi": {
      "city": {
        "mean": 0.20663945766222067,
        "stdDev": 0.1366754884180766,
        "count": 579134,
        "stdError": 0.0001795978375965699,
        "ci95": [
          0.20628744590053139,
          0.20699146942390995
        ]
      }
    },
    "winter_evi": {
      "city": {
        "mean": 0.08894707974075072,
        "stdDev": 0.07714667376704087,
        "count": 531905,
        "stdError": 0.00010577917353421879,
        "ci95": [
          0.08873975256062365,
          0.0891544069208778
        ]
      }
    },
    "evi_change": {
      "city": {
        "mean": 0.12260133542779467,
        "stdDev": 0.1618966167751362,
        "count": 531905,
        "stdError": 0.00022198352157311587,
        "ci95": [
          0.12216624772551136,
          0.12303642313007797
        ]
      }
    },
    "summer_lst": {
      "city": {
        "mean": 32.63839490333019,
        "stdDev": 3.079639543524017,
        "count": 579156,
        "stdError": 0.004046710231994131,
        "ci95": [
          32.63046335127548,
          32.646326455384894
        ]
      }
    },
    "winter_lst": {
      "city": {
        "mean": 3.6089241438782476,
        "stdDev": 0.5837869382990166,
        "count": 579156,
        "stdError": 0.0007671081446810669,
        "ci95": [
          3.6074206119146726,
          3.6104276758418226
        ]
      }
    },
    "lst_change": {
      "city": {
        "mean": 29.02947075941835,
        "stdDev": 2.8100844775744047,
        "count": 579156,
        "stdError": 0.003692509284757319,
        "ci95": [
          29.022233441220223,
          29.036708077616474
        ]
      }
    }
  }
}