{
  "city": "Navoiy",
  "year": 2017,
  "generated": {
    "summer_veg_tif": "suhi_analysis_output\\vegetation\\Navoiy\\Navoiy_ndvi_evi_summer_2017.tif",
    "winter_veg_tif": "suhi_analysis_output\\vegetation\\Navoiy\\Navoiy_ndvi_evi_winter_2017.tif",
    "ndvi_change_tif": "suhi_analysis_output\\vegetation\\Navoiy\\Navoiy_ndvi_change_2017.tif",
    "evi_change_tif": "suhi_analysis_output\\vegetation\\Navoiy\\Navoiy_evi_change_2017.tif",
    "summer_lst_tif": "suhi_analysis_output\\temperature\\Navoiy\\Navoiy_lst_summer_2017.tif",
    "winter_lst_tif": "suhi_analysis_output\\temperature\\Navoiy\\Navoiy_lst_winter_2017.tif",
    "lst_change_tif": "suhi_analysis_output\\temperature\\Navoiy\\Navoiy_lst_change_2017.tif"
  },
  "stats": {
    "summer_ndvi_mean": 0.2827410593627009,
    "winter_ndvi_mean": 0.13210054168930022,
    "ndvi_change_mean": 0.15080430142325738,
    "summer_evi_mean": 0.22401601607483512,
    "winter_evi_mean": 0.07279494783429462,
    "evi_change_mean": 0.15135375205637225,
    "summer_lst_mean": 33.133444706057745,
    "winter_lst_mean": 2.305540303630804,
    "lst_change_mean": 30.82790440242694,
    "summer_biomass_t_per_ha": 4.860404987744247,
    "winter_biomass_t_per_ha": 1.9634719555634654,
    "biomass_change_t_per_ha": 2.896933032180782
  },
  "uncertainty": {
    "summer_ndvi": {
      "city": {
        "mean": 0.2827410593627009,
        "stdDev": 0.2022953643903973,
        "count": 579154,
        "stdError": 0.0002658207634000094,
        "ci95": [
          0.28222005066643685,
          0.2832620680589649
        ]
      }
    },
    "winter_ndvi": {
      "city": {
        "mean": 0.13210054168930022,
        "stdDev": 0.11446353957165516,
        "count": 578342,
        "stdError": 0.00015051327488137676,
        "ci95": [
          0.13180553567053271,
          0.13239554770806772
        ]
      }
    },
    "ndvi_change": {
      "city": {
        "mean": 0.15080430142325738,
        "stdDev": 0.2528280046900494,
        "count": 578342,
        "stdError": 0.00033245495561319164,
        "ci95": [
          0.15015268971025553,
          0.15145591313625922
        ]
      }
    },
    "summer_evi": {
      "city": {
        "mean": 0.22401601607483512,
        "stdDev": 0.15630475120088996,
        "count": 579154,
        "stdError": 0.0002053880394762095,
        "ci95": [
          0.22361345551746176,
          0.2244185766322085
        ]
      }
    },
    "winter_evi": {
      "city": {
        "mean": 0.07279494783429462,
        "stdDev": 0.42297262433256166,
        "count": 578342,
        "stdError": 0.0005561857960334224,
        "ci95": [
          0.07170482367406911,
          0.07388507199452013
        ]
      }
    },
    "evi_change": {
      "city": {
        "mean": 0.15135375205637225,
        "stdDev": 0.45373532729359856,
        "count": 578342,
        "stdError": 0.0005966370627354288,
        "ci95": [
          0.1501843434134108,
          0.1525231606993337
        ]
      }
    },
    "summer_lst": {
      "city": {
        "mean": 33.133444706057745,
        "stdDev": 3.167727436892597,
        "count": 579156,
        "stdError": 0.004162459550825625,
        "ci95": [
          33.12528628533813,
          33.14160312677736
        ]
      }
    },
    "winter_lst": {
      "city": {
        "mean": 2.305540303630804,
        "stdDev": 0.4301920460392294,
        "count": 579156,
        "stdError": 0.0005652812706896791,
        "ci95": [
          2.3044323523402523,
          2.306648254921356
        ]
      }
    },
    "lst_change": {
      "city": {
        "mean": 30.827904402432328,
        "stdDev": 3.248123375437339,
        "count": 579156,
        "stdError": 0.004268101481487255,
        "ci95": [
          30.81953892352861,
          30.836269881336044
        ]
      }
    }
  }
}