{
  "city": "Navoiy",
  "year": 2019,
  "generated": {
    "summer_veg_tif": "suhi_analysis_output\\vegetation\\Navoiy\\Navoiy_ndvi_evi_summer_2019.tif",
    "winter_veg_tif": "suhi_analysis_output\\vegetation\\Navoiy\\Navoiy_ndvi_evi_winter_2019.tif",
    "ndvi_change_tif": "suhi_analysis_output\\vegetation\\Navoiy\\Navoiy_ndvi_change_2019.tif",
    "evi_change_tif": "suhi_analysis_output\\vegetation\\Navoiy\\Navoiy_evi_change_2019.tif",
    "summer_lst_tif": "suhi_analysis_output\\temperature\\Navoiy\\Navoiy_lst_summer_2019.tif",
    "winter_lst_tif": "suhi_analysis_output\\temperature\\Navoiy\\Navoiy_lst_winter_2019.tif",
    "lst_change_tif": "suhi_analysis_output\\temperature\\Navoiy\\Navoiy_lst_change_2019.tif"
  },
  "stats": {
    "summer_ndvi_mean": 0.2593527646673839,
    "winter_ndvi_mean": 0.14686114458220365,
    "ndvi_change_mean": 0.2518177193604241,
    "summer_evi_mean": 0.19979542711101364,
    "winter_evi_mean": 0.06592223591364438,
    "evi_change_mean": 0.2219271066939638,
    "summer_lst_mean": 32.89816043730292,
    "winter_lst_mean": 5.2888838252705455,
    "lst_change_mean": 27.609276612032374,
    "summer_biomass_t_per_ha": 4.410630089757382,
    "winter_biomass_t_per_ha": 2.247329703503916,
    "biomass_change_t_per_ha": 2.163300386253466
  },
  "uncertainty": {
    "summer_ndvi": {
      "city": {
        "mean": 0.2593527646673839,
        "stdDev": 0.1728348610732776,
        "count": 579131,
        "stdError": 0.00022711349392302597,
        "ci95": [
          0.25890762221929475,
          0.259797907115473
        ]
      }
    },
    "winter_ndvi": {
      "city": {
        "mean": 0.14686114458220365,
        "stdDev": 0.1020735145886159,
        "count": 9806,
        "stdError": 0.0010307827074870297,
        "ci95": [
          0.14484081047552907,
          0.14888147868887822
        ]
      }
    },
    "ndvi_change": {
      "city": {
        "mean": 0.2518177193604241,
        "stdDev": 0.1676383848903183,
        "count": 9806,
        "stdError": 0.0016928852597309022,
        "ci95": [
          0.2484996642513515,
          0.25513577446949665
        ]
      }
    },
    "summer_evi": {
      "city": {
        "mean": 0.19979542711101364,
        "stdDev": 0.12604242446854683,
        "count": 579131,
        "stdError": 0.00016562593463967953,
        "ci95": [
          0.19947080027911987,
          0.2001200539429074
        ]
      }
    },
    "winter_evi": {
      "city": {
        "mean": 0.06592223591364438,
        "stdDev": 0.049427354667763226,
        "count": 9806,
        "stdError": 0.0004991389066370102,
        "ci95": [
          0.06494392365663584,
          0.06690054817065291
        ]
      }
    },
    "evi_change": {
      "city": {
        "mean": 0.2219271066939638,
        "stdDev": 0.1127576293178754,
        "count": 9806,
        "stdError": 0.0011386755409229466,
        "ci95": [
          0.2196953026337548,
          0.22415891075417277
        ]
      }
    },
    "summer_lst": {
      "city": {
        "mean": 32.89816043730292,
        "stdDev": 2.875357272859694,
        "count": 579156,
        "stdError": 0.003778279091521647,
        "ci95": [
          32.890755010283534,
          32.905565864322305
        ]
      }
    },
    "winter_lst": {
      "city": {
        "mean": 5.2888838252705455,
        "stdDev": 0.58641694256645,
        "count": 579156,
        "stdError": 0.0007705640248348309,
        "ci95": [
          5.287373519781869,
          5.290394130759222
        ]
      }
    },
    "lst_change": {
      "city": {
        "mean": 27.609276612059794,
        "stdDev": 2.5850918786345964,
        "count": 579156,
        "stdError": 0.003396864343398105,
        "ci95": [
          27.602618757946733,
          27.615934466172856
        ]
      }
    }
  }
}