{
  "city": "Navoiy",
  "year": 2022,
  "generated": {
    "summer_veg_tif": "suhi_analysis_output\\vegetation\\Navoiy\\Navoiy_ndvi_evi_summer_2022.tif",
    "winter_veg_tif": "suhi_analysis_output\\vegetation\\Navoiy\\Navoiy_ndvi_evi_winter_2022.tif",
    "ndvi_change_tif": "suhi_analysis_output\\vegetation\\Navoiy\\Navoiy_ndvi_change_2022.tif",
    "evi_change_tif": "suhi_analysis_output\\vegetation\\Navoiy\\Navoiy_evi_change_2022.tif",
    "summer_lst_tif": "suhi_analysis_output\\temperature\\Navoiy\\Navoiy_lst_summer_2022.tif",
    "winter_lst_tif": "suhi_analysis_output\\temperature\\Navoiy\\Navoiy_lst_winter_2022.tif",
    "lst_change_tif": "suhi_analysis_output\\temperature\\Navoiy\\Navoiy_lst_change_2022.tif"
  },
  "stats": {
    "summer_ndvi_mean": 0.2645689885742737,
    "winter_ndvi_mean": 0.1311524672297644,
    "ndvi_change_mean": 0.13341652134450344,
    "summer_evi_mean": 0.2097363016137618,
    "winter_evi_mean": 359513723.477642,
    "evi_change_mean": -359513723.26782054,
    "summer_lst_mean": 32.46237848058966,
    "winter_lst_mean": 4.10665274708609,
    "lst_change_mean": 28.355725733503572,
    "summer_biomass_t_per_ha": 4.510942087966802,
    "winter_biomass_t_per_ha": 1.945239754418546,
    "biomass_change_t_per_ha": 2.5657023335482556
  },
  "uncertainty": {
    "summer_ndvi": {
      "city": {
        "mean": 0.2645689885742737,
        "stdDev": 0.20094540294386265,
        "count": 579156,
        "stdError": 0.00026404642708107595,
        "ci95": [
          0.2640514575771948,
          0.2650865195713526
        ]
      }
    },
    "winter_ndvi": {
      "city": {
        "mean": 0.1311524672297644,
        "stdDev": 0.08720811992221135,
        "count": 579156,
        "stdError": 0.00011459327827644244,
        "ci95": [
          0.13092786440434256,
          0.13137707005518623
        ]
      }
    },
    "ndvi_change": {
      "city": {
        "mean": 0.13341652134450344,
        "stdDev": 0.21370064341741446,
        "count": 579156,
        "stdError": 0.0002808070776073395,
        "ci95": [
          0.13286613947239306,
          0.1339669032166138
        ]
      }
    },
    "summer_evi": {
      "city": {
        "mean": 0.2097363016137618,
        "stdDev": 0.152976213733218,
        "count": 579156,
        "stdError": 0.00020101391757606731,
        "ci95": [
          0.20934231433531272,
          0.2101302888922109
        ]
      }
    },
    "winter_evi": {
      "city": {
        "mean": 359513723.477642,
        "stdDev": 193469768818.32428,
        "count": 579151,
        "stdError": 254224386.1893046,
        "ci95": [
          -138766073.453395,
          857793520.408679
        ]
      }
    },
    "evi_change": {
      "city": {
        "mean": -359513723.26782054,
        "stdDev": 193469768818.32443,
        "count": 579151,
        "stdError": 254224386.1893048,
        "ci95": [
          -857793520.198858,
          138766073.6632169
        ]
      }
    },
    "summer_lst": {
      "city": {
        "mean": 32.46237848058966,
        "stdDev": 2.7968392249758613,
        "count": 579156,
        "stdError": 0.0036751047481359523,
        "ci95": [
          32.45517527528332,
          32.46958168589601
        ]
      }
    },
    "winter_lst": {
      "city": {
        "mean": 4.10665274708609,
        "stdDev": 0.9749379575432628,
        "count": 579156,
        "stdError": 0.0012810886964502353,
        "ci95": [
          4.104141813241048,
          4.1091636809311325
        ]
      }
    },
    "lst_change": {
      "city": {
        "mean": 28.355725733522092,
        "stdDev": 2.510004606297487,
        "count": 579156,
        "stdError": 0.0032981981102351778,
        "ci95": [
          28.34926126522603,
          28.362190201818155
        ]
      }
    }
  }
}