{
  "city": "Navoiy",
  "year": 2024,
  "generated": {
    "summer_veg_tif": "suhi_analysis_output\\vegetation\\Navoiy\\Navoiy_ndvi_evi_summer_2024.tif",
    "winter_veg_tif": "suhi_analysis_output\\vegetation\\Navoiy\\Navoiy_ndvi_evi_winter_2024.tif",
    "ndvi_change_tif": "suhi_analysis_output\\vegetation\\Navoiy\\Navoiy_ndvi_change_2024.tif",
    "evi_change_tif": "suhi_analysis_output\\vegetation\\Navoiy\\Navoiy_evi_change_2024.tif",
    "summer_lst_tif": "suhi_analysis_output\\temperature\\Navoiy\\Navoiy_lst_summer_2024.tif",
    "winter_lst_tif": "suhi_analysis_output\\temperature\\Navoiy\\Navoiy_lst_winter_2024.tif",
    "lst_change_tif": "suhi_analysis_output\\temperature\\Navoiy\\Navoiy_lst_change_2024.tif"
  },
  "stats": {
    "summer_ndvi_mean": 0.2781872538419788,
    "winter_ndvi_mean": 0.14777998560882233,
    "ndvi_change_mean": 0.1315371339406871,
    "summer_evi_mean": 0.21716948673668424,
    "winter_evi_mean": 0.096772735961473,
    "evi_change_mean": 0.12129772382300102,
    "summer_lst_mean": 32.40925254476674,
    "winter_lst_mean": 3.6409533254743653,
    "lst_change_mean": 28.768299219292373,
    "summer_biomass_t_per_ha": 4.772831804653438,
    "winter_biomass_t_per_ha": 2.264999723246583,
    "biomass_change_t_per_ha": 2.507832081406855
  },
  "uncertainty": {
    "summer_ndvi": {
      "city": {
        "mean": 0.2781872538419788,
        "stdDev": 0.20156391388763775,
        "count": 579142,
        "stdError": 0.0002648623645816251,
        "ci95": [
          0.2776681236073988,
          0.2787063840765588
        ]
      }
    },
    "winter_ndvi": {
      "city": {
        "mean": 0.14777998560882233,
        "stdDev": 0.11424133649386461,
        "count": 554508,
        "stdError": 0.00015341554496795909,
        "ci95": [
          0.14747929114068514,
          0.14808068007695951
        ]
      }
    },
    "ndvi_change": {
      "city": {
        "mean": 0.1315371339406871,
        "stdDev": 0.20549905375140987,
        "count": 554508,
        "stdError": 0.00027596621581335947,
        "ci95": [
          0.13099624015769293,
          0.1320780277236813
        ]
      }
    },
    "summer_evi": {
      "city": {
        "mean": 0.21716948673668424,
        "stdDev": 0.15304475947356833,
        "count": 579142,
        "stdError": 0.00020110641879871486,
        "ci95": [
          0.21677531815583875,
          0.21756365531752972
        ]
      }
    },
    "winter_evi": {
      "city": {
        "mean": 0.096772735961473,
        "stdDev": 0.0686644379459006,
        "count": 554505,
        "stdError": 9.221023656460223e-05,
        "ci95": [
          0.09659200389780638,
          0.09695346802513961
        ]
      }
    },
    "evi_change": {
      "city": {
        "mean": 0.12129772382300102,
        "stdDev": 0.16139347761466585,
        "count": 554505,
        "stdError": 0.00021673709413535898,
        "ci95": [
          0.12087291911849572,
          0.12172252852750633
        ]
      }
    },
    "summer_lst": {
      "city": {
        "mean": 32.40925254476674,
        "stdDev": 2.8614868497184873,
        "count": 579156,
        "stdError": 0.0037600530678411673,
        "ci95": [
          32.40188284075377,
          32.4166222487797
        ]
      }
    },
    "winter_lst": {
      "city": {
        "mean": 3.6409533254743653,
        "stdDev": 0.5763063171280052,
        "count": 579156,
        "stdError": 0.0007572784533140818,
        "ci95": [
          3.6394690597058696,
          3.642437591242861
        ]
      }
    },
    "lst_change": {
      "city": {
        "mean": 28.76829921928689,
        "stdDev": 2.628059527260945,
        "count": 579156,
        "stdError": 0.003453324724843268,
        "ci95": [
          28.7615307028262,
          28.775067735747584
        ]
      }
    }
  }
}