{
  "city": "Navoiy",
  "year": 2023,
  "generated": {
    "summer_veg_tif": "suhi_analysis_output\\vegetation\\Navoiy\\Navoiy_ndvi_evi_summer_2023.tif",
    "winter_veg_tif": "suhi_analysis_output\\vegetation\\Navoiy\\Navoiy_ndvi_evi_winter_2023.tif",
    "ndvi_change_tif": "suhi_analysis_output\\vegetation\\Navoiy\\Navoiy_ndvi_change_2023.tif",
    "evi_change_tif": "suhi_analysis_output\\vegetation\\Navoiy\\Navoiy_evi_change_2023.tif",
    "summer_lst_tif": "suhi_analysis_output\\temperature\\Navoiy\\Navoiy_lst_summer_2023.tif",
    "winter_lst_tif": "suhi_analysis_output\\temperature\\Navoiy\\Navoiy_lst_winter_2023.tif",
    "lst_change_tif": "suhi_analysis_output\\temperature\\Navoiy\\Navoiy_lst_change_2023.tif"
  },
  "stats": {
    "summer_ndvi_mean": 0.24942665640143646,
    "winter_ndvi_mean": 0.047097901095716474,
    "ndvi_change_mean": 0.20266440423566243,
    "summer_evi_mean": 0.19515539405450735,
    "winter_evi_mean": 0.0003516164506991947,
    "evi_change_mean": 0.1950570147111867,
    "summer_lst_mean": 33.35577782446539,
    "winter_lst_mean": 3.7115472361941984,
    "lst_change_mean": 29.644230588271192,
    "summer_biomass_t_per_ha": 4.2197433923353165,
    "winter_biomass_t_per_ha": 0.3288057903022399,
    "biomass_change_t_per_ha": 3.890937602033077
  },
  "uncertainty": {
    "summer_ndvi": {
      "city": {
        "mean": 0.24942665640143646,
        "stdDev": 0.18825707778105466,
        "count": 579156,
        "stdError": 0.0002473737046609551,
        "ci95": [
          0.248941803940301,
          0.24991150886257193
        ]
      }
    },
    "winter_ndvi": {
      "city": {
        "mean": 0.047097901095716474,
        "stdDev": 0.09948333749722074,
        "count": 577463,
        "stdError": 0.0001309146549230763,
        "ci95": [
          0.04684130837206724,
          0.047354493819365705
        ]
      }
    },
    "ndvi_change": {
      "city": {
        "mean": 0.20266440423566243,
        "stdDev": 0.1800021255407065,
        "count": 577463,
        "stdError": 0.00023687299545253172,
        "ci95": [
          0.20220013316457547,
          0.20312867530674938
        ]
      }
    },
    "summer_evi": {
      "city": {
        "mean": 0.19515539405450735,
        "stdDev": 0.14182542991533267,
        "count": 579156,
        "stdError": 0.00018636155637182197,
        "ci95": [
          0.19479012540401858,
          0.19552066270499613
        ]
      }
    },
    "winter_evi": {
      "city": {
        "mean": 0.0003516164506991947,
        "stdDev": 0.7461970624326157,
        "count": 577457,
        "stdError": 0.0009819598024944478,
        "ci95": [
          -0.0015730247621899228,
          0.002276257663588312
        ]
      }
    },
    "evi_change": {
      "city": {
        "mean": 0.1950570147111867,
        "stdDev": 0.7471337516320379,
        "count": 577457,
        "stdError": 0.000983192440878556,
        "ci95": [
          0.19312995752706472,
          0.19698407189530867
        ]
      }
    },
    "summer_lst": {
      "city": {
        "mean": 33.35577782446539,
        "stdDev": 2.7096802735482077,
        "count": 579156,
        "stdError": 0.0035605760782811144,
        "ci95": [
          33.348799095351964,
          33.36275655357882
        ]
      }
    },
    "winter_lst": {
      "city": {
        "mean": 3.7115472361941984,
        "stdDev": 0.68881557934193,
        "count": 579156,
        "stdError": 0.0009051179573081797,
        "ci95": [
          3.7097732049978744,
          3.7133212673905223
        ]
      }
    },
    "lst_change": {
      "city": {
        "mean": 29.64423058827144,
        "stdDev": 2.955165425520696,
        "count": 579156,
        "stdError": 0.0038831486593413483,
        "ci95": [
          29.636619616899132,
          29.65184155964375
        ]
      }
    }
  }
}