{
  "city": "Jizzakh",
  "year": 2021,
  "stats": {
    "urban_mean": 40.37503085681528,
    "rural_mean": 40.89513203143851,
    "suhi": -0.5201011746232282,
    "uncertainty": {
      "urban_core": {
        "mean": 40.37503085681528,
        "stdDev": 3.670428174874543,
        "count": 4168,
        "stdError": 0.056852933037273526,
        "ci95": [
          40.26359910806222,
          40.486462605568335
        ]
      },
      "rural_ring": {
        "mean": 40.89513203143851,
        "stdDev": 4.867917132536116,
        "count": 128,
        "stdError": 0.4302671518338076,
        "ci95": [
          40.05180841384424,
          41.73845564903277
        ]
      }
    }
  }
}