{
  "city": "Jizzakh",
  "year": 2020,
  "stats": {
    "day_urban_mean": 41.56982368896929,
    "day_rural_mean": 41.29323472254047,
    "suhi_day": 0.27658896642881814,
    "night_urban_mean": 20.65589436407476,
    "night_rural_mean": 18.793167869363806,
    "suhi_night": 1.8627264947109552,
    "suhi_day_night_diff": -1.586137528282137,
    "day_stronger_than_night": false,
    "uncertainty_day": {
      "urban_core": {
        "mean": 41.56982368896929,
        "stdDev": 2.6236446956653507,
        "count": 259,
        "stdError": 0.16302534906158686,
        "ci95": [
          41.25029400480857,
          41.88935337313
        ]
      },
      "rural_ring": {
        "mean": 41.29323472254047,
        "stdDev": 3.314843807315612,
        "count": 4176,
        "stdError": 0.05129592015029823,
        "ci95": [
          41.19269471904588,
          41.393774726035055
        ]
      }
    },
    "uncertainty_night": {
      "urban_core": {
        "mean": 20.65589436407476,
        "stdDev": 1.342106476228122,
        "count": 259,
        "stdError": 0.08339443870825633,
        "ci95": [
          20.49244126420658,
          20.819347463942943
        ]
      },
      "rural_ring": {
        "mean": 18.793167869363806,
        "stdDev": 1.5149060054161694,
        "count": 4176,
        "stdError": 0.02344258191518353,
        "ci95": [
          18.747220408810048,
          18.839115329917565
        ]
      }
    }
  }
}