{
  "city": "Jizzakh",
  "year": 2024,
  "stats": {
    "urban_mean": 37.255219196640006,
    "rural_mean": 37.91294091124082,
    "suhi": -0.657721714600811,
    "uncertainty": {
      "urban_core": {
        "mean": 37.255219196640006,
        "stdDev": 3.786088434685273,
        "count": 4168,
        "stdError": 0.05864444745815382,
        "ci95": [
          37.140276079622026,
          37.370162313657985
        ]
      },
      "rural_ring": {
        "mean": 37.91294091124082,
        "stdDev": 4.6957131487651,
        "count": 128,
        "stdError": 0.4150463262498297,
        "ci95": [
          37.09945011179115,
          38.726431710690484
        ]
      }
    }
  }
}