{
  "city": "Jizzakh",
  "year": 2017,
  "stats": {
    "urban_mean": 42.48336877701943,
    "rural_mean": 42.39366878816966,
    "suhi": 0.08969998884976604,
    "uncertainty": {
      "urban_core": {
        "mean": 42.48336877701943,
        "stdDev": 4.405943159022482,
        "count": 4168,
        "stdError": 0.06824565948480942,
        "ci95": [
          42.349607284429204,
          42.61713026960965
        ]
      },
      "rural_ring": {
        "mean": 42.39366878816966,
        "stdDev": 5.862741742746577,
        "count": 128,
        "stdError": 0.5181980553301927,
        "ci95": [
          41.37800059972248,
          43.40933697661684
        ]
      }
    }
  }
}