{
  "city": "Jizzakh",
  "year": 2016,
  "stats": {
    "day_urban_mean": 41.951591169379235,
    "day_rural_mean": 41.96293837155473,
    "suhi_day": -0.01134720217549301,
    "night_urban_mean": 22.22915295358652,
    "night_rural_mean": 20.61012329649343,
    "suhi_night": 1.6190296570930904,
    "suhi_day_night_diff": -1.6303768592685834,
    "day_stronger_than_night": false,
    "uncertainty_day": {
      "urban_core": {
        "mean": 41.951591169379235,
        "stdDev": 2.5361440717604413,
        "count": 259,
        "stdError": 0.1575883248415116,
        "ci95": [
          41.64271805268987,
          42.2604642860686
        ]
      },
      "rural_ring": {
        "mean": 41.96293837155473,
        "stdDev": 3.196746746115482,
        "count": 4176,
        "stdError": 0.049468414007192055,
        "ci95": [
          41.86598028010063,
          42.059896463008826
        ]
      }
    },
    "uncertainty_night": {
      "urban_core": {
        "mean": 22.22915295358652,
        "stdDev": 1.096304269732276,
        "count": 259,
        "stdError": 0.06812103275496609,
        "ci95": [
          22.09563572938679,
          22.362670177786253
        ]
      },
      "rural_ring": {
        "mean": 20.61012329649343,
        "stdDev": 1.4027054112675963,
        "count": 4176,
        "stdError": 0.021706321309009746,
        "ci95": [
          20.56757890672777,
          20.65266768625909
        ]
      }
    }
  }
}