{
  "city": "Jizzakh",
  "year": 2021,
  "stats": {
    "day_urban_mean": 42.928069318866825,
    "day_rural_mean": 43.15810984665246,
    "suhi_day": -0.23004052778563278,
    "night_urban_mean": 22.038808468957235,
    "night_rural_mean": 20.286141393054223,
    "suhi_night": 1.7526670759030125,
    "suhi_day_night_diff": -1.9827076036886453,
    "day_stronger_than_night": false,
    "uncertainty_day": {
      "urban_core": {
        "mean": 42.928069318866825,
        "stdDev": 2.900846351860445,
        "count": 259,
        "stdError": 0.18024982188609595,
        "ci95": [
          42.57477966797008,
          43.28135896976357
        ]
      },
      "rural_ring": {
        "mean": 43.15810984665246,
        "stdDev": 3.570616074472692,
        "count": 4176,
        "stdError": 0.055253896620802,
        "ci95": [
          43.049812209275686,
          43.26640748402923
        ]
      }
    },
    "uncertainty_night": {
      "urban_core": {
        "mean": 22.038808468957235,
        "stdDev": 1.1062813443982302,
        "count": 259,
        "stdError": 0.06874097801002213,
        "ci95": [
          21.90407615205759,
          22.17354078585688
        ]
      },
      "rural_ring": {
        "mean": 20.286141393054223,
        "stdDev": 1.3786285561460903,
        "count": 4176,
        "stdError": 0.021333741329507414,
        "ci95": [
          20.244327260048387,
          20.32795552606006
        ]
      }
    }
  }
}