{
  "city": "Jizzakh",
  "year": 2020,
  "stats": {
    "urban_mean": 39.151577865473975,
    "rural_mean": 38.942436494767776,
    "suhi": 0.20914137070619887,
    "uncertainty": {
      "urban_core": {
        "mean": 39.151577865473975,
        "stdDev": 3.8651576512376904,
        "count": 4168,
        "stdError": 0.05986918655119381,
        "ci95": [
          39.03423425983363,
          39.26892147111432
        ]
      },
      "rural_ring": {
        "mean": 38.942436494767776,
        "stdDev": 5.251876273416906,
        "count": 128,
        "stdError": 0.46420466586072856,
        "ci95": [
          38.03259534968075,
          39.852277639854805
        ]
      }
    }
  }
}