{
  "city": "Jizzakh",
  "year": 2019,
  "stats": {
    "urban_mean": 37.88905939065329,
    "rural_mean": 37.60389120942772,
    "suhi": 0.28516818122556487,
    "uncertainty": {
      "urban_core": {
        "mean": 37.88905939065329,
        "stdDev": 2.9134606553088553,
        "count": 4168,
        "stdError": 0.045127918501951615,
        "ci95": [
          37.800608670389465,
          37.97751011091711
        ]
      },
      "rural_ring": {
        "mean": 37.60389120942772,
        "stdDev": 4.4565740742351085,
        "count": 128,
        "stdError": 0.39390921859397565,
        "ci95": [
          36.83182914098353,
          38.375953277871915
        ]
      }
    }
  }
}