{
  "city": "Jizzakh",
  "year": 2018,
  "stats": {
    "urban_mean": 37.42542304203883,
    "rural_mean": 38.50609019646391,
    "suhi": -1.080667154425079,
    "uncertainty": {
      "urban_core": {
        "mean": 37.42542304203883,
        "stdDev": 3.716869455349721,
        "count": 1040,
        "stdError": 0.11525522909925962,
        "ci95": [
          37.19952279300428,
          37.65132329107338
        ]
      },
      "rural_ring": {
        "mean": 38.50609019646391,
        "stdDev": 4.289548394997285,
        "count": 72,
        "stdError": 0.5055281263884086,
        "ci95": [
          37.515255068742626,
          39.49692532418519
        ]
      }
    }
  }
}