{
  "city": "Jizzakh",
  "year": 2022,
  "stats": {
    "urban_mean": 38.82274075005905,
    "rural_mean": 39.2080429412293,
    "suhi": -0.3853021911702541,
    "uncertainty": {
      "urban_core": {
        "mean": 38.82274075005905,
        "stdDev": 3.2747305597158447,
        "count": 4168,
        "stdError": 0.05072379252674024,
        "ci95": [
          38.72332211670663,
          38.92215938341146
        ]
      },
      "rural_ring": {
        "mean": 39.2080429412293,
        "stdDev": 4.344269493017061,
        "count": 128,
        "stdError": 0.38398280222677605,
        "ci95": [
          38.45543664886482,
          39.960649233593784
        ]
      }
    }
  }
}