{
  "city": "Jizzakh",
  "year": 2018,
  "stats": {
    "urban_mean": 37.394358885749945,
    "rural_mean": 38.114143604578,
    "suhi": -0.719784718828052,
    "uncertainty": {
      "urban_core": {
        "mean": 37.394358885749945,
        "stdDev": 3.824199054219174,
        "count": 4168,
        "stdError": 0.059234760194744544,
        "ci95": [
          37.27825875576825,
          37.51045901573164
        ]
      },
      "rural_ring": {
        "mean": 38.114143604578,
        "stdDev": 4.35468341616649,
        "count": 128,
        "stdError": 0.3849032716864907,
        "ci95": [
          37.359733192072476,
          38.86855401708352
        ]
      }
    }
  }
}