{
  "city": "Jizzakh",
  "year": 2023,
  "stats": {
    "urban_mean": 39.12347898227418,
    "rural_mean": 39.11319964363766,
    "suhi": 0.010279338636522084,
    "uncertainty": {
      "urban_core": {
        "mean": 39.12347898227418,
        "stdDev": 3.363020649455924,
        "count": 4168,
        "stdError": 0.052091357922572884,
        "ci95": [
          39.021379920745936,
          39.22557804380242
        ]
      },
      "rural_ring": {
        "mean": 39.11319964363766,
        "stdDev": 4.714376110415223,
        "count": 128,
        "stdError": 0.41669591459230804,
        "ci95": [
          38.29647565103673,
          39.929923636238584
        ]
      }
    }
  }
}