{
  "city": "Jizzakh",
  "year": 2022,
  "stats": {
    "day_urban_mean": 41.18757866184452,
    "day_rural_mean": 40.931130969050365,
    "suhi_day": 0.25644769279415414,
    "night_urban_mean": 22.052120253164578,
    "night_rural_mean": 20.142347159400064,
    "suhi_night": 1.9097730937645139,
    "suhi_day_night_diff": -1.6533254009703597,
    "day_stronger_than_night": false,
    "uncertainty_day": {
      "urban_core": {
        "mean": 41.18757866184452,
        "stdDev": 2.6160898997644515,
        "count": 259,
        "stdError": 0.16255591688547402,
        "ci95": [
          40.86896906474899,
          41.50618825894005
        ]
      },
      "rural_ring": {
        "mean": 40.931130969050365,
        "stdDev": 3.129694485574614,
        "count": 4176,
        "stdError": 0.04843080632413603,
        "ci95": [
          40.83620658865506,
          41.02605534944567
        ]
      }
    },
    "uncertainty_night": {
      "urban_core": {
        "mean": 22.052120253164578,
        "stdDev": 0.9696010256722788,
        "count": 259,
        "stdError": 0.06024807624365074,
        "ci95": [
          21.934034023727023,
          22.170206482602133
        ]
      },
      "rural_ring": {
        "mean": 20.142347159400064,
        "stdDev": 1.3609609274325947,
        "count": 4176,
        "stdError": 0.021060341638779154,
        "ci95": [
          20.101068889788056,
          20.18362542901207
        ]
      }
    }
  }
}