{
  "city": "Jizzakh",
  "year": 2024,
  "stats": {
    "day_urban_mean": 41.04605394816155,
    "day_rural_mean": 40.6688118992998,
    "suhi_day": 0.3772420488617527,
    "night_urban_mean": 23.258691380349664,
    "night_rural_mean": 21.542246785342858,
    "suhi_night": 1.7164445950068057,
    "suhi_day_night_diff": -1.339202546145053,
    "day_stronger_than_night": false,
    "uncertainty_day": {
      "urban_core": {
        "mean": 41.04605394816155,
        "stdDev": 2.66238608480927,
        "count": 259,
        "stdError": 0.16543262185227872,
        "ci95": [
          40.72180600933108,
          41.37030188699202
        ]
      },
      "rural_ring": {
        "mean": 40.6688118992998,
        "stdDev": 3.2461058566775685,
        "count": 4176,
        "stdError": 0.05023222706785415,
        "ci95": [
          40.5703567342468,
          40.767267064352794
        ]
      }
    },
    "uncertainty_night": {
      "urban_core": {
        "mean": 23.258691380349664,
        "stdDev": 1.160177409610035,
        "count": 259,
        "stdError": 0.07208991655292658,
        "ci95": [
          23.117395143905927,
          23.3999876167934
        ]
      },
      "rural_ring": {
        "mean": 21.542246785342858,
        "stdDev": 1.393531386582725,
        "count": 4176,
        "stdError": 0.021564356840984594,
        "ci95": [
          21.499980645934528,
          21.584512924751188
        ]
      }
    }
  }
}