{
  "city": "Jizzakh",
  "year": 2023,
  "stats": {
    "day_urban_mean": 42.200979807112724,
    "day_rural_mean": 42.01572987356362,
    "suhi_day": 0.1852499335491018,
    "night_urban_mean": 22.548514918625713,
    "night_rural_mean": 20.674298630971407,
    "suhi_night": 1.8742162876543063,
    "suhi_day_night_diff": -1.6889663541052045,
    "day_stronger_than_night": false,
    "uncertainty_day": {
      "urban_core": {
        "mean": 42.200979807112724,
        "stdDev": 2.5060756589697677,
        "count": 259,
        "stdError": 0.15571996457953477,
        "ci95": [
          41.89576867653683,
          42.506190937688615
        ]
      },
      "rural_ring": {
        "mean": 42.01572987356362,
        "stdDev": 3.07069667203346,
        "count": 4176,
        "stdError": 0.047517838079366756,
        "ci95": [
          41.92259491092806,
          42.10886483619918
        ]
      }
    },
    "uncertainty_night": {
      "urban_core": {
        "mean": 22.548514918625713,
        "stdDev": 1.2433102442435817,
        "count": 259,
        "stdError": 0.07725553955325293,
        "ci95": [
          22.39709406110134,
          22.699935776150088
        ]
      },
      "rural_ring": {
        "mean": 20.674298630971407,
        "stdDev": 1.3963232377565773,
        "count": 4176,
        "stdError": 0.02160755965330697,
        "ci95": [
          20.631947814050925,
          20.71664944789189
        ]
      }
    }
  }
}