{
  "city": "Jizzakh",
  "year": 2016,
  "stats": {
    "urban_mean": 40.09607043150654,
    "rural_mean": 40.07895062850824,
    "suhi": 0.017119802998301736,
    "uncertainty": {
      "urban_core": {
        "mean": 40.09607043150654,
        "stdDev": 3.9468404186656354,
        "count": 4168,
        "stdError": 0.06113440812361672,
        "ci95": [
          39.976246991584254,
          40.215893871428825
        ]
      },
      "rural_ring": {
        "mean": 40.07895062850824,
        "stdDev": 5.118406328081367,
        "count": 128,
        "stdError": 0.45240747793180885,
        "ci95": [
          39.19223197176189,
          40.965669285254585
        ]
      }
    }
  }
}