{
  "city": "Jizzakh",
  "year": 2019,
  "stats": {
    "day_urban_mean": 41.936806509945754,
    "day_rural_mean": 41.63349714718932,
    "suhi_day": 0.30330936275643694,
    "night_urban_mean": 21.899765069318878,
    "night_rural_mean": 20.140751094025447,
    "suhi_night": 1.7590139752934313,
    "suhi_day_night_diff": -1.4557046125369943,
    "day_stronger_than_night": false,
    "uncertainty_day": {
      "urban_core": {
        "mean": 41.936806509945754,
        "stdDev": 2.4543880925905217,
        "count": 259,
        "stdError": 0.1525082554769104,
        "ci95": [
          41.63789032921101,
          42.2357226906805
        ]
      },
      "rural_ring": {
        "mean": 41.63349714718932,
        "stdDev": 3.265919572957256,
        "count": 4176,
        "stdError": 0.05053883662994588,
        "ci95": [
          41.53444102739462,
          41.73255326698401
        ]
      }
    },
    "uncertainty_night": {
      "urban_core": {
        "mean": 21.899765069318878,
        "stdDev": 1.2796902541569701,
        "count": 259,
        "stdError": 0.07951608337795327,
        "ci95": [
          21.74391354589809,
          22.055616592739668
        ]
      },
      "rural_ring": {
        "mean": 20.140751094025447,
        "stdDev": 1.604445795070772,
        "count": 4176,
        "stdError": 0.024828175375201326,
        "ci95": [
          20.09208787029005,
          20.189414317760843
        ]
      }
    }
  }
}