{
  "city": "Jizzakh",
  "year": 2017,
  "stats": {
    "day_urban_mean": 41.88910473176614,
    "day_rural_mean": 41.703924875510765,
    "suhi_day": 0.18517985625537392,
    "night_urban_mean": 22.08407353827608,
    "night_rural_mean": 20.35187310531587,
    "suhi_night": 1.7322004329602088,
    "suhi_day_night_diff": -1.5470205767048348,
    "day_stronger_than_night": false,
    "uncertainty_day": {
      "urban_core": {
        "mean": 41.88910473176614,
        "stdDev": 3.0703250934143367,
        "count": 259,
        "stdError": 0.1907807184842479,
        "ci95": [
          41.51517452353701,
          42.263034939995265
        ]
      },
      "rural_ring": {
        "mean": 41.703924875510765,
        "stdDev": 3.7136241431546653,
        "count": 4176,
        "stdError": 0.057466890927130844,
        "ci95": [
          41.59128976929359,
          41.81655998172794
        ]
      }
    },
    "uncertainty_night": {
      "urban_core": {
        "mean": 22.08407353827608,
        "stdDev": 1.1607451436351228,
        "count": 259,
        "stdError": 0.07212519382875857,
        "ci95": [
          21.942708158371712,
          22.225438918180448
        ]
      },
      "rural_ring": {
        "mean": 20.35187310531587,
        "stdDev": 1.3955161321931544,
        "count": 4176,
        "stdError": 0.021595070008261604,
        "ci95": [
          20.30954676809968,
          20.394199442532063
        ]
      }
    }
  }
}