{
  "city": "Jizzakh",
  "year": 2018,
  "stats": {
    "day_urban_mean": 42.90775135623874,
    "day_rural_mean": 43.14360235843663,
    "suhi_day": -0.23585100219789012,
    "night_urban_mean": 21.512770946353246,
    "night_rural_mean": 19.738285088724165,
    "suhi_night": 1.774485857629081,
    "suhi_day_night_diff": -2.010336859826971,
    "day_stronger_than_night": false,
    "uncertainty_day": {
      "urban_core": {
        "mean": 42.90775135623874,
        "stdDev": 2.9696914286616916,
        "count": 259,
        "stdError": 0.18452764681232847,
        "ci95": [
          42.546077168486576,
          43.269425543990906
        ]
      },
      "rural_ring": {
        "mean": 43.14360235843663,
        "stdDev": 3.65470789479015,
        "count": 4176,
        "stdError": 0.05655518487178319,
        "ci95": [
          43.032754196087936,
          43.254450520785326
        ]
      }
    },
    "uncertainty_night": {
      "urban_core": {
        "mean": 21.512770946353246,
        "stdDev": 1.2172760535081488,
        "count": 259,
        "stdError": 0.07563785365272227,
        "ci95": [
          21.36452075319391,
          21.66102113951258
        ]
      },
      "rural_ring": {
        "mean": 19.738285088724165,
        "stdDev": 1.358064839714823,
        "count": 4176,
        "stdError": 0.021015525806433986,
        "ci95": [
          19.697094658143556,
          19.779475519304775
        ]
      }
    }
  }
}