{
  "city": "Nurafshon",
  "assessment_metrics": {
    "city": "Nurafshon",
    "population": 56200,
    "gdp_per_capita_usd": 1972.3,
    "hazard_score": 0.5502587301669455,
    "exposure_score": 0.09999999999999999,
    "vulnerability_score": 0.38248097507482515,
    "adaptive_capacity_score": 0.5621929835107361,
    "heat_hazard": 0.698666666666667,
    "dry_hazard": 0.1775007987637119,
    "dust_hazard": 0.10850474161739188,
    "pluvial_hazard": 0.1,
    "population_exposure": 0.1,
    "gdp_exposure": 0.1,
    "viirs_exposure": 0.1,
    "income_vulnerability": 0.4378099317050588,
    "veg_access_vulnerability": 0.04253090306368596,
    "fragmentation_vulnerability": 0.022116903633491284,
    "bio_trend_vulnerability": 0.876387615893765,
    "water_access_vulnerability": 0.4362,
    "healthcare_access_vulnerability": 0.78,
    "education_access_vulnerability": 0.26250000000000007,
    "sanitation_vulnerability": 0.4362,
    "building_age_vulnerability": 0.212,
    "water_supply_risk": 0.8226375685322627,
    "water_demand_risk": 1.0,
    "overall_water_scarcity_score": 0.8935825411193576,
    "water_scarcity_level": "Critical",
    "aridity_index": 0.16308673721982908,
    "climatic_water_deficit": 2380.7517825963882,
    "drought_frequency": 0.25,
    "surface_water_change": 0.0,
    "cropland_fraction": 0.6691707080246746,
    "gdp_adaptive_capacity": 0.5621900682949412,
    "greenspace_adaptive_capacity": 0.9659752775490512,
    "services_adaptive_capacity": 0.1,
    "social_infrastructure_capacity": 0.7,
    "water_system_capacity": 0.5,
    "overall_risk_score": 0.02104634956576884,
    "adaptability_score": 0.5506042239371423,
    "current_suhi_intensity": -0.35621673714656765,
    "temperature_trend": 0.07159065887782842,
    "suhi_trend": -0.014923973039499112,
    "built_area_percentage": 23.79094593646868,
    "green_space_accessibility": 85.06180612737192,
    "economic_capacity": 0.5621900682949412,
    "air_quality_hazard": 1.0,
    "air_pollution_vulnerability": 0.8,
    "air_quality_adaptive_capacity": 0.2948760273179766,
    "co_level": 0.033898913083198215,
    "no2_level": 0.00011222510914555643,
    "o3_level": 0.1518463521240622,
    "so2_level": 0.000318824127292463,
    "ch4_level": 1928.1781258417861,
    "aerosol_index": -0.16221180855984949,
    "air_quality_trend": -0.0042671688019669755,
    "health_risk_score": 0.9,
    "water_scarcity_vulnerability": 0.6695306102241367
  },
  "verification_summary": {
    "total_data_components": 36,
    "fallback_components_used": 12,
    "fallback_percentage": 33.33333333333333,
    "data_sources": {
      "built_area_percentage": {
        "Tashkent": {
          "source": "LULC Analysis File",
          "value": 67.76146260102628,
          "is_fallback": false
        },
        "Samarkand": {
          "source": "LULC Analysis File",
          "value": 53.21560133215863,
          "is_fallback": false
        },
        "Nukus": {
          "source": "LULC Analysis File",
          "value": 28.342374564301565,
          "is_fallback": false
        },
        "Nurafshon": {
          "source": "LULC Analysis File",
          "value": 23.79094593646868,
          "is_fallback": false
        }
      },
      "vegetation_patches": {
        "Tashkent": {
          "source": "Spatial Analysis File",
          "value": 220,
          "is_fallback": false
        },
        "Samarkand": {
          "source": "Spatial Analysis File",
          "value": 93,
          "is_fallback": false
        },
        "Nukus": {
          "source": "Spatial Analysis File",
          "value": 29,
          "is_fallback": false
        },
        "Nurafshon": {
          "source": "Spatial Analysis File",
          "value": 26,
          "is_fallback": false
        }
      },
      "built_patches": {
        "Tashkent": {
          "source": "Spatial Analysis File",
          "value": 139,
          "is_fallback": false
        },
        "Samarkand": {
          "source": "Spatial Analysis File",
          "value": 129,
          "is_fallback": false
        },
        "Nukus": {
          "source": "Spatial Analysis File",
          "value": 45,
          "is_fallback": false
        },
        "Nurafshon": {
          "source": "Spatial Analysis File",
          "value": 87,
          "is_fallback": false
        }
      },
      "nightlights_urban": {
        "Tashkent": {
          "source": "Nightlights Data File",
          "value": 22.89357935656735,
          "is_fallback": false
        },
        "Samarkand": {
          "source": "Nightlights Data File",
          "value": 10.387022079944241,
          "is_fallback": false
        },
        "Nukus": {
          "source": "Nightlights Data File",
          "value": 2.248940043639409,
          "is_fallback": false
        },
        "Nurafshon": {
          "source": "Nightlights Data File",
          "value": 2.752087394318706,
          "is_fallback": false
        }
      },
      "population": {
        "Tashkent": {
          "source": "User-Provided Official Data",
          "value": 3058400,
          "is_fallback": false
        },
        "Samarkand": {
          "source": "User-Provided Official Data",
          "value": 585200,
          "is_fallback": false
        },
        "Nukus": {
          "source": "User-Provided Official Data",
          "value": 339200,
          "is_fallback": false
        },
        "Nurafshon": {
          "source": "User-Provided Official Data",
          "value": 56200,
          "is_fallback": false
        }
      },
      "gdp_per_capita": {
        "Tashkent": {
          "source": "User-Provided Official Data",
          "value": 3323.1,
          "is_fallback": false
        },
        "Samarkand": {
          "source": "User-Provided Official Data",
          "value": 883.9,
          "is_fallback": false
        },
        "Nukus": {
          "source": "User-Provided Official Data",
          "value": 865.4,
          "is_fallback": false
        },
        "Nurafshon": {
          "source": "User-Provided Official Data",
          "value": 1972.3,
          "is_fallback": false
        }
      },
      "water_scarcity_index": {
        "Tashkent": {
          "source": "Water Scarcity Assessment File",
          "value": 0.6235210728384253,
          "is_fallback": false
        },
        "Samarkand": {
          "source": "Water Scarcity Assessment File",
          "value": 0.7012458461120221,
          "is_fallback": false
        },
        "Nukus": {
          "source": "Water Scarcity Assessment File",
          "value": 0.7339704894534775,
          "is_fallback": false
        },
        "Nurafshon": {
          "source": "Water Scarcity Assessment File",
          "value": 0.8935825411193576,
          "is_fallback": false
        }
      },
      "drought_frequency": {
        "Tashkent": {
          "source": "Water Scarcity Assessment File",
          "value": 0.24583333333333332,
          "is_fallback": false
        },
        "Samarkand": {
          "source": "Water Scarcity Assessment File",
          "value": 0.24583333333333332,
          "is_fallback": false
        },
        "Nukus": {
          "source": "Water Scarcity Assessment File",
          "value": 0.25,
          "is_fallback": false
        },
        "Nurafshon": {
          "source": "Water Scarcity Assessment File",
          "value": 0.25,
          "is_fallback": false
        }
      },
      "aridity_index": {
        "Tashkent": {
          "source": "Water Scarcity Assessment File",
          "value": 0.17858414532457031,
          "is_fallback": false
        },
        "Samarkand": {
          "source": "Water Scarcity Assessment File",
          "value": 0.1372573314023014,
          "is_fallback": false
        },
        "Nukus": {
          "source": "Water Scarcity Assessment File",
          "value": 0.04292538838011557,
          "is_fallback": false
        },