{
  "city": "Tashkent",
  "assessment_metrics": {
    "city": "Tashkent",
    "population": 3058400,
    "gdp_per_capita_usd": 3323.1,
    "hazard_score": 0.7796505710994271,
    "exposure_score": 1.0,
    "vulnerability_score": 0.40555002319555344,
    "adaptive_capacity_score": 0.6701941032295796,
    "heat_hazard": 1.0,
    "dry_hazard": 0.06557438356927431,
    "dust_hazard": 0.330713887711445,
    "pluvial_hazard": 1.0,
    "population_exposure": 1.0,
    "gdp_exposure": 1.0,
    "viirs_exposure": 1.0,
    "income_vulnerability": 0.0,
    "veg_access_vulnerability": 0.4396502319555342,
    "fragmentation_vulnerability": 1.0,
    "bio_trend_vulnerability": 1.0,
    "water_access_vulnerability": 0.1563,
    "healthcare_access_vulnerability": 0.84,
    "education_access_vulnerability": 0.8375,
    "sanitation_vulnerability": 0.1563,
    "building_age_vulnerability": 0.216,
    "water_supply_risk": 0.5730884558268958,
    "water_demand_risk": 0.6991699983557194,
    "overall_water_scarcity_score": 0.6235210728384253,
    "water_scarcity_level": "High",
    "aridity_index": 0.17858414532457031,
    "climatic_water_deficit": 2344.8031728645806,
    "drought_frequency": 0.24583333333333332,
    "surface_water_change": 0.0,
    "cropland_fraction": 0.2851214273969424,
    "gdp_adaptive_capacity": 1.0,
    "greenspace_adaptive_capacity": 0.04947051614789774,
    "services_adaptive_capacity": 1.0,
    "social_infrastructure_capacity": 0.21000000000000002,
    "water_system_capacity": 0.5,
    "overall_risk_score": 0.31618730719379917,
    "adaptability_score": 0.5091931751456431,
    "current_suhi_intensity": 1.9599382511162808,
    "temperature_trend": 0.1660236271183252,
    "suhi_trend": 0.06051070117418671,
    "built_area_percentage": 67.76146260102628,
    "green_space_accessibility": 879.3004639110684,
    "economic_capacity": 1.0,
    "air_quality_hazard": 1.0,
    "air_pollution_vulnerability": 0.8,
    "air_quality_adaptive_capacity": 0.9199999999999999,
    "co_level": 0.034490970481949185,
    "no2_level": 0.000193407614912436,
    "o3_level": 0.15214105414468398,
    "so2_level": 0.000254158750784592,
    "ch4_level": 1939.2621359744967,
    "aerosol_index": -0.057494940386014534,
    "air_quality_trend": -0.023234207714782285,
    "health_risk_score": 0.9,
    "water_scarcity_vulnerability": 0.655466017073677
  },
  "verification_summary": {
    "total_data_components": 9,
    "fallback_components_used": 3,
    "fallback_percentage": 33.33333333333333,
    "data_sources": {
      "built_area_percentage": {
        "Tashkent": {
          "source": "LULC Analysis File",
          "value": 67.76146260102628,
          "is_fallback": false
        }
      },
      "vegetation_patches": {
        "Tashkent": {
          "source": "Spatial Analysis File",
          "value": 220,
          "is_fallback": false
        }
      },
      "built_patches": {
        "Tashkent": {
          "source": "Spatial Analysis File",
          "value": 139,
          "is_fallback": false
        }
      },
      "nightlights_urban": {
        "Tashkent": {
          "source": "Nightlights Data File",
          "value": 22.89357935656735,
          "is_fallback": false
        }
      },
      "population": {
        "Tashkent": {
          "source": "User-Provided Official Data",
          "value": 3058400,
          "is_fallback": false
        }
      },
      "gdp_per_capita": {
        "Tashkent": {
          "source": "User-Provided Official Data",
          "value": 3323.1,
          "is_fallback": false
        }
      },
      "water_scarcity_index": {
        "Tashkent": {
          "source": "Water Scarcity Assessment File",
          "value": 0.6235210728384253,
          "is_fallback": false
        }
      },
      "drought_frequency": {
        "Tashkent": {
          "source": "Water Scarcity Assessment File",
          "value": 0.24583333333333332,
          "is_fallback": false
        }
      },
      "aridity_index": {
        "Tashkent": {
          "source": "Water Scarcity Assessment File",
          "value": 0.17858414532457031,
          "is_fallback": false
        }
      }
    },
    "fallbacks_used": {
      "temperature": {
        "Tashkent": "Temperature statistics missing from data file"
      },
      "suhi": {
        "Tashkent": "SUHI intensity missing from data file"
      },
      "air_quality": {
        "Tashkent": "No air quality metrics found in data"
      }
    },
    "warnings": [
      "⚠️ FALLBACK: temperature for Tashkent - Temperature statistics missing from data file",
      "⚠️ FALLBACK: suhi for Tashkent - SUHI intensity missing from data file",
      "⚠️ FALLBACK: air_quality for Tashkent - No air quality metrics found in data"
    ]
  },
  "data_completeness": {
    "total_components": 8,
    "available_components": 1,
    "real_data_components": 1,
    "availability_percentage": 12.5,
    "real_data_percentage": 12.5,
    "component_details": {
      "temperature": {
        "available": false,
        "is_fallback": true,
        "source": "Not Available"
      },
      "suhi": {
        "available": false,
        "is_fallback": true,
        "source": "Not Available"
      },
      "lulc": {
        "available": false,
        "is_fallback": true,
        "source": "Not Available"
      },
      "spatial": {
        "available": false,
        "is_fallback": true,
        "source": "Not Available"
      },
      "nightlights": {
        "available": false,
        "is_fallback": true,
        "source": "Not Available"
      },
      "air_quality": {
        "available": false,
        "is_fallback": true,
        "source": "Not Available"
      },
      "population": {
        "available": true,
        "is_fallback": false,
        "source": "User-Provided Official Data"
      },
      "water_scarcity": {
        "available": false,
        "is_fallback": true,
        "source": "Not Available"
      }
    }
  }
}