{
  "city": "Tashkent",
  "years": {
    "2018": {
      "stats": {
        "urban_core": {
          "mean": 16.6121677681418,
          "stdDev": 14.846667184734878,
          "count": 91924
        },
        "rural_ring": {
          "mean": 1.1736388623579699,
          "stdDev": 1.5492384308701947,
          "count": 564801
        },
        "uncertainty": {
          "urban_core": {
            "mean": 16.6121677681418,
            "stdDev": 14.846667184734878,
            "count": 91924,
            "stdError": 0.048968242375093465,
            "ci95": [
              16.516190013086614,
              16.708145523196983
            ]
          },
          "rural_ring": {
            "mean": 1.1736388623579699,
            "stdDev": 1.5492384308701947,
            "count": 564801,
            "stdError": 0.002061439213925081,
            "ci95": [
              1.1695984414986766,
              1.1776792832172631
            ]
          }
        }
      },
      "thumbnail": "D:\\dev\\Uzbekistan_URBAN_research\\suhi_analysis_output\\nightlights\\Tashkent\\viirs_2018.png"
    },
    "2019": {
      "stats": {
        "urban_core": {
          "mean": 19.483465611602377,
          "stdDev": 16.553578358536885,
          "count": 91924
        },
        "rural_ring": {
          "mean": 1.4882413358337896,
          "stdDev": 2.527087561366767,
          "count": 564801
        },
        "uncertainty": {
          "urban_core": {
            "mean": 19.483465611602377,
            "stdDev": 16.553578358536885,
            "count": 91924,
            "stdError": 0.0545980877155637,
            "ci95": [
              19.37645335967987,
              19.59047786352488
            ]
          },
          "rural_ring": {
            "mean": 1.4882413358337896,
            "stdDev": 2.527087561366767,
            "count": 564801,
            "stdError": 0.0033625795050137375,
            "ci95": [
              1.4816506800039626,
              1.4948319916636166
            ]
          }
        }
      },
      "thumbnail": "D:\\dev\\Uzbekistan_URBAN_research\\suhi_analysis_output\\nightlights\\Tashkent\\viirs_2019.png"
    }
  }
}