{
  "city": "Termez",
  "year": 2018,
  "generated": {
    "summer_veg_tif": "suhi_analysis_output\\vegetation\\Termez\\Termez_ndvi_evi_summer_2018.tif",
    "winter_veg_tif": "suhi_analysis_output\\vegetation\\Termez\\Termez_ndvi_evi_winter_2018.tif",
    "ndvi_change_tif": "suhi_analysis_output\\vegetation\\Termez\\Termez_ndvi_change_2018.tif",
    "evi_change_tif": "suhi_analysis_output\\vegetation\\Termez\\Termez_evi_change_2018.tif",
    "summer_lst_tif": "suhi_analysis_output\\temperature\\Termez\\Termez_lst_summer_2018.tif",
    "winter_lst_tif": "suhi_analysis_output\\temperature\\Termez\\Termez_lst_winter_2018.tif",
    "lst_change_tif": "suhi_analysis_output\\temperature\\Termez\\Termez_lst_change_2018.tif"
  },
  "stats": {
    "summer_ndvi_mean": 0.23980174830314288,
    "winter_ndvi_mean": 0.10639730645655725,
    "ndvi_change_mean": 0.13363851822457187,
    "summer_evi_mean": 0.1829248402189611,
    "winter_evi_mean": 0.07288999159451744,
    "evi_change_mean": 0.1101789567202669,
    "summer_lst_mean": 42.21985624770652,
    "winter_lst_mean": 12.33213439152517,
    "lst_change_mean": 29.923008951515342,
    "summer_biomass_t_per_ha": 4.034649005829671,
    "winter_biomass_t_per_ha": 1.4691789703184086,
    "biomass_change_t_per_ha": 2.5654700355112623
  },
  "uncertainty": {
    "summer_ndvi": {
      "city": {
        "mean": 0.23980174830314288,
        "stdDev": 0.18165967485460144,
        "count": 356178,
        "stdError": 0.0003043862197502134,
        "ci95": [
          0.23920515131243247,
          0.2403983452938533
        ]
      }
    },
    "winter_ndvi": {
      "city": {
        "mean": 0.10639730645655725,
        "stdDev": 0.16747678091054652,
        "count": 354383,
        "stdError": 0.00028133137222131107,
        "ci95": [
          0.10584589696700347,
          0.10694871594611102
        ]
      }
    },
    "ndvi_change": {
      "city": {
        "mean": 0.13363851822457187,
        "stdDev": 0.14239090404329424,
        "count": 354383,
        "stdError": 0.0002391915357373003,
        "ci95": [
          0.13316970281452675,
          0.134107333634617
        ]
      }
    },
    "summer_evi": {
      "city": {
        "mean": 0.1829248402189611,
        "stdDev": 0.13377573364670123,
        "count": 356178,
        "stdError": 0.00022415260784553468,
        "ci95": [
          0.18248550110758385,
          0.18336417933033836
        ]
      }
    },
    "winter_evi": {
      "city": {
        "mean": 0.07288999159451744,
        "stdDev": 0.080569274576551,
        "count": 354383,
        "stdError": 0.00013534213191978837,
        "ci95": [
          0.07262472101595466,
          0.07315526217308022
        ]
      }
    },
    "evi_change": {
      "city": {
        "mean": 0.1101789567202669,
        "stdDev": 0.10318152893356076,
        "count": 354383,
        "stdError": 0.000173326720067997,
        "ci95": [
          0.10983923634893362,
          0.11051867709160017
        ]
      }
    },
    "summer_lst": {
      "city": {
        "mean": 42.21985624770652,
        "stdDev": 7.969408079057228,
        "count": 356178,
        "stdError": 0.013353420349192012,
        "ci95": [
          42.193683543822104,
          42.24602895159093
        ]
      }
    },
    "winter_lst": {
      "city": {
        "mean": 12.33213439152517,
        "stdDev": 2.523321737191435,
        "count": 353413,
        "stdError": 0.00424454721243223,
        "ci95": [
          12.323815078988803,
          12.340453704061536
        ]
      }
    },
    "lst_change": {
      "city": {
        "mean": 29.923008951515342,
        "stdDev": 6.08982956126558,
        "count": 353413,
        "stdError": 0.01024386573756059,
        "ci95": [
          29.902930974669722,
          29.943086928360962
        ]
      }
    }
  }
}