{
  "city": "Termez",
  "year": 2019,
  "generated": {
    "summer_veg_tif": "suhi_analysis_output\\vegetation\\Termez\\Termez_ndvi_evi_summer_2019.tif",
    "winter_veg_tif": "suhi_analysis_output\\vegetation\\Termez\\Termez_ndvi_evi_winter_2019.tif",
    "ndvi_change_tif": "suhi_analysis_output\\vegetation\\Termez\\Termez_ndvi_change_2019.tif",
    "evi_change_tif": "suhi_analysis_output\\vegetation\\Termez\\Termez_evi_change_2019.tif",
    "summer_lst_tif": "suhi_analysis_output\\temperature\\Termez\\Termez_lst_summer_2019.tif",
    "winter_lst_tif": "suhi_analysis_output\\temperature\\Termez\\Termez_lst_winter_2019.tif",
    "lst_change_tif": "suhi_analysis_output\\temperature\\Termez\\Termez_lst_change_2019.tif"
  },
  "stats": {
    "summer_ndvi_mean": 0.26051540379196686,
    "winter_ndvi_mean": 0.14210268078113678,
    "ndvi_change_mean": 0.11846737111372424,
    "summer_evi_mean": 0.1925156750898399,
    "winter_evi_mean": 0.09018942480318266,
    "evi_change_mean": 0.10235097275386014,
    "summer_lst_mean": 32.63589141469695,
    "winter_lst_mean": 6.911005367132795,
    "lst_change_mean": 25.724886047564155,
    "summer_biomass_t_per_ha": 4.432988534460901,
    "winter_biomass_t_per_ha": 2.1558207842526302,
    "biomass_change_t_per_ha": 2.277167750208271
  },
  "uncertainty": {
    "summer_ndvi": {
      "city": {
        "mean": 0.26051540379196686,
        "stdDev": 0.19406961387389507,
        "count": 356178,
        "stdError": 0.00032518012697501086,
        "ci95": [
          0.25987805074309583,
          0.2611527568408379
        ]
      }
    },
    "winter_ndvi": {
      "city": {
        "mean": 0.14210268078113678,
        "stdDev": 0.17435720826847634,
        "count": 355550,
        "stdError": 0.00029240821198963095,
        "ci95": [
          0.1415295606856371,
          0.14267580087663645
        ]
      }
    },
    "ndvi_change": {
      "city": {
        "mean": 0.11846737111372424,
        "stdDev": 0.18248651703650326,
        "count": 355550,
        "stdError": 0.00030604158376230895,
        "ci95": [
          0.11786752960955012,
          0.11906721261789836
        ]
      }
    },
    "summer_evi": {
      "city": {
        "mean": 0.1925156750898399,
        "stdDev": 0.13966957391265752,
        "count": 356178,
        "stdError": 0.0002340282379753471,
        "ci95": [
          0.19205697974340824,
          0.19297437043627158
        ]
      }
    },
    "winter_evi": {
      "city": {
        "mean": 0.09018942480318266,
        "stdDev": 0.10266435677805194,
        "count": 355550,
        "stdError": 0.00017217470558665335,
        "ci95": [
          0.08985196238023282,
          0.0905268872261325
        ]
      }
    },
    "evi_change": {
      "city": {
        "mean": 0.10235097275386014,
        "stdDev": 0.1322125784407886,
        "count": 355550,
        "stdError": 0.00022172896691991558,
        "ci95": [
          0.10191638397869711,
          0.10278556152902317
        ]
      }
    },
    "summer_lst": {
      "city": {
        "mean": 32.63589141469695,
        "stdDev": 3.386756769782733,
        "count": 356178,
        "stdError": 0.0056747987201491885,
        "ci95": [
          32.624768809205456,
          32.64701402018844
        ]
      }
    },
    "winter_lst": {
      "city": {
        "mean": 6.911005367132795,
        "stdDev": 0.6991474163491118,
        "count": 356178,
        "stdError": 0.0011714808984490714,
        "ci95": [
          6.908709264571835,
          6.913301469693755
        ]
      }
    },
    "lst_change": {
      "city": {
        "mean": 25.72488604756642,
        "stdDev": 2.9457834011758783,
        "count": 356178,
        "stdError": 0.0049359103741902334,
        "ci95": [
          25.71521166323301,
          25.734560431899833
        ]
      }
    }
  }
}