{
  "city": "Termez",
  "year": 2022,
  "generated": {
    "summer_veg_tif": "suhi_analysis_output\\vegetation\\Termez\\Termez_ndvi_evi_summer_2022.tif",
    "winter_veg_tif": "suhi_analysis_output\\vegetation\\Termez\\Termez_ndvi_evi_winter_2022.tif",
    "ndvi_change_tif": "suhi_analysis_output\\vegetation\\Termez\\Termez_ndvi_change_2022.tif",
    "evi_change_tif": "suhi_analysis_output\\vegetation\\Termez\\Termez_evi_change_2022.tif",
    "summer_lst_tif": "suhi_analysis_output\\temperature\\Termez\\Termez_lst_summer_2022.tif",
    "winter_lst_tif": "suhi_analysis_output\\temperature\\Termez\\Termez_lst_winter_2022.tif",
    "lst_change_tif": "suhi_analysis_output\\temperature\\Termez\\Termez_lst_change_2022.tif"
  },
  "stats": {
    "summer_ndvi_mean": 0.2405608818840848,
    "winter_ndvi_mean": 0.13132049023702422,
    "ndvi_change_mean": 0.10932843761996153,
    "summer_evi_mean": 0.18242049910451744,
    "winter_evi_mean": 0.0854173778217558,
    "evi_change_mean": 0.09705994274909821,
    "summer_lst_mean": 31.754170596262878,
    "winter_lst_mean": 7.067646503515188,
    "lst_change_mean": 24.68652409274769,
    "summer_biomass_t_per_ha": 4.0492477285400925,
    "winter_biomass_t_per_ha": 1.9484709660966195,
    "biomass_change_t_per_ha": 2.100776762443473
  },
  "uncertainty": {
    "summer_ndvi": {
      "city": {
        "mean": 0.2405608818840848,
        "stdDev": 0.18755123631857404,
        "count": 356178,
        "stdError": 0.00031425803155368603,
        "ci95": [
          0.23994493614223958,
          0.24117682762593004
        ]
      }
    },
    "winter_ndvi": {
      "city": {
        "mean": 0.13132049023702422,
        "stdDev": 0.16476670218675896,
        "count": 355853,
        "stdError": 0.00027620665197724143,
        "ci95": [
          0.13077912519914883,
          0.1318618552748996
        ]
      }
    },
    "ndvi_change": {
      "city": {
        "mean": 0.10932843761996153,
        "stdDev": 0.15275421911238576,
        "count": 355853,
        "stdError": 0.00025606952664869594,
        "ci95": [
          0.10882654134773008,
          0.10983033389219297
        ]
      }
    },
    "summer_evi": {
      "city": {
        "mean": 0.18242049910451744,
        "stdDev": 0.1375813940217355,
        "count": 356178,
        "stdError": 0.00023052931514800577,
        "ci95": [
          0.18196866164682735,
          0.18287233656220753
        ]
      }
    },
    "winter_evi": {
      "city": {
        "mean": 0.0854173778217558,
        "stdDev": 0.08904885028380294,
        "count": 355853,
        "stdError": 0.00014927703518295227,
        "ci95": [
          0.08512479483279722,
          0.08570996081071439
        ]
      }
    },
    "evi_change": {
      "city": {
        "mean": 0.09705994274909821,
        "stdDev": 0.11248908093325156,
        "count": 355853,
        "stdError": 0.0001885710645185641,
        "ci95": [
          0.09669034346264183,
          0.0974295420355546
        ]
      }
    },
    "summer_lst": {
      "city": {
        "mean": 31.754170596262878,
        "stdDev": 3.2823117250833582,
        "count": 356178,
        "stdError": 0.0054997921736873465,
        "ci95": [
          31.74339100360245,
          31.764950188923304
        ]
      }
    },
    "winter_lst": {
      "city": {
        "mean": 7.067646503515188,
        "stdDev": 0.707651434013197,
        "count": 356178,
        "stdError": 0.0011857301025805427,
        "ci95": [
          7.06532247251413,
          7.069970534516245
        ]
      }
    },
    "lst_change": {
      "city": {
        "mean": 24.686524092718802,
        "stdDev": 2.7511662990378727,
        "count": 356178,
        "stdError": 0.004609812884111916,
        "ci95": [
          24.677488859465942,
          24.69555932597166
        ]
      }
    }
  }
}