{
  "city": "Termez",
  "year": 2018,
  "generated": {
    "summer_veg_tif": "D:\\dev\\Uzbekistan_URBAN_research\\suhi_analysis_output\\vegetation\\Termez\\Termez_ndvi_evi_summer_2018.tif",
    "winter_veg_tif": "D:\\dev\\Uzbekistan_URBAN_research\\suhi_analysis_output\\vegetation\\Termez\\Termez_ndvi_evi_winter_2018.tif",
    "ndvi_change_tif": "D:\\dev\\Uzbekistan_URBAN_research\\suhi_analysis_output\\vegetation\\Termez\\Termez_ndvi_change_2018.tif",
    "evi_change_tif": "D:\\dev\\Uzbekistan_URBAN_research\\suhi_analysis_output\\vegetation\\Termez\\Termez_evi_change_2018.tif",
    "summer_lst_tif": "D:\\dev\\Uzbekistan_URBAN_research\\suhi_analysis_output\\temperature\\Termez\\Termez_lst_summer_2018.tif",
    "winter_lst_tif": "D:\\dev\\Uzbekistan_URBAN_research\\suhi_analysis_output\\temperature\\Termez\\Termez_lst_winter_2018.tif",
    "lst_change_tif": "D:\\dev\\Uzbekistan_URBAN_research\\suhi_analysis_output\\temperature\\Termez\\Termez_lst_change_2018.tif"
  },
  "stats": {
    "summer_ndvi_mean": 0.2402155031758226,
    "winter_ndvi_mean": 0.11625816901035067,
    "ndvi_change_mean": 0.12412904702588738,
    "summer_evi_mean": 0.1825224723907201,
    "winter_evi_mean": 0.07483197765781033,
    "evi_change_mean": 0.10776939797694213,
    "summer_lst_mean": 42.28610177558756,
    "winter_lst_mean": 12.355388702791817,
    "lst_change_mean": 29.96132161918592,
    "summer_biomass_t_per_ha": 4.0426058303042804,
    "winter_biomass_t_per_ha": 1.6588109425067437,
    "biomass_change_t_per_ha": 2.383794887797537
  },
  "uncertainty": {
    "summer_ndvi": {
      "city": {
        "mean": 0.2402155031758226,
        "stdDev": 0.14491244054517355,
        "count": 1280,
        "stdError": 0.004050425848055059,
        "ci95": [
          0.23227666851363468,
          0.24815433783801052
        ]
      }
    },
    "winter_ndvi": {
      "city": {
        "mean": 0.11625816901035067,
        "stdDev": 0.11394993401219965,
        "count": 1274,
        "stdError": 0.0031924886653890996,
        "ci95": [
          0.11000089122618804,
          0.1225154467945133
        ]
      }
    },
    "ndvi_change": {
      "city": {
        "mean": 0.12412904702588738,
        "stdDev": 0.09323606243372932,
        "count": 1274,
        "stdError": 0.0026121566028579173,
        "ci95": [
          0.11900922008428587,
          0.1292488739674889
        ]
      }
    },
    "summer_evi": {
      "city": {
        "mean": 0.1825224723907201,
        "stdDev": 0.10587509039619895,
        "count": 1280,
        "stdError": 0.00295929874062295,
        "ci95": [
          0.1767222468590991,
          0.18832269792234108
        ]
      }
    },
    "winter_evi": {
      "city": {
        "mean": 0.07483197765781033,
        "stdDev": 0.05814183976220265,
        "count": 1274,
        "stdError": 0.001628936129140968,
        "ci95": [
          0.07163926284469403,
          0.07802469247092662
        ]
      }
    },
    "evi_change": {
      "city": {
        "mean": 0.10776939797694213,
        "stdDev": 0.07225198159391458,
        "count": 1274,
        "stdError": 0.002024254198039105,
        "ci95": [
          0.10380185974878547,
          0.11173693620509878
        ]
      }
    },
    "summer_lst": {
      "city": {
        "mean": 42.28610177558756,
        "stdDev": 7.401629594095125,
        "count": 1280,
        "stdError": 0.20688183645838593,
        "ci95": [
          41.880613376129126,
          42.691590175045995
        ]
      }
    },
    "winter_lst": {
      "city": {
        "mean": 12.355388702791817,
        "stdDev": 2.231804947095733,
        "count": 1270,
        "stdError": 0.06262595699604173,
        "ci95": [
          12.232641827079576,
          12.478135578504059
        ]
      }
    },
    "lst_change": {
      "city": {
        "mean": 29.96132161918592,
        "stdDev": 5.657937394397578,
        "count": 1270,
        "stdError": 0.15876555180547328,
        "ci95": [
          29.650141137647193,
          30.272502100724648
        ]
      }
    }
  }
}