{
  "city": "Fergana",
  "year": 2016,
  "generated": {
    "summer_veg_tif": "suhi_analysis_output\\vegetation\\Fergana\\Fergana_ndvi_evi_summer_2016.tif",
    "winter_veg_tif": "suhi_analysis_output\\vegetation\\Fergana\\Fergana_ndvi_evi_winter_2016.tif",
    "ndvi_change_tif": "suhi_analysis_output\\vegetation\\Fergana\\Fergana_ndvi_change_2016.tif",
    "evi_change_tif": "suhi_analysis_output\\vegetation\\Fergana\\Fergana_evi_change_2016.tif",
    "summer_lst_tif": "suhi_analysis_output\\temperature\\Fergana\\Fergana_lst_summer_2016.tif",
    "winter_lst_tif": "suhi_analysis_output\\temperature\\Fergana\\Fergana_lst_winter_2016.tif",
    "lst_change_tif": "suhi_analysis_output\\temperature\\Fergana\\Fergana_lst_change_2016.tif"
  },
  "stats": {
    "summer_ndvi_mean": 0.3556441187120855,
    "winter_ndvi_mean": 0.2016854255868833,
    "ndvi_change_mean": 0.15402172054546853,
    "summer_evi_mean": 0.26093806172883344,
    "winter_evi_mean": 0.12433520046260096,
    "evi_change_mean": 0.1366504361929726,
    "summer_lst_mean": 30.82215375414136,
    "winter_lst_mean": 3.67674463931929,
    "lst_change_mean": 27.145409114822073,
    "summer_biomass_t_per_ha": 6.2623868983093365,
    "winter_biomass_t_per_ha": 3.3016427997477553,
    "biomass_change_t_per_ha": 2.960744098561581
  },
  "uncertainty": {
    "summer_ndvi": {
      "city": {
        "mean": 0.3556441187120855,
        "stdDev": 0.19926023136529092,
        "count": 837045,
        "stdError": 0.00021779415835308994,
        "ci95": [
          0.35521724216171346,
          0.35607099526245756
        ]
      }
    },
    "winter_ndvi": {
      "city": {
        "mean": 0.2016854255868833,
        "stdDev": 0.10702336346527505,
        "count": 836168,
        "stdError": 0.00011703932920264205,
        "ci95": [
          0.20145602850164612,
          0.20191482267212046
        ]
      }
    },
    "ndvi_change": {
      "city": {
        "mean": 0.15402172054546853,
        "stdDev": 0.20246608689400505,
        "count": 836168,
        "stdError": 0.00022141422423195274,
        "ci95": [
          0.1535877486659739,
          0.15445569242496315
        ]
      }
    },
    "summer_evi": {
      "city": {
        "mean": 0.26093806172883344,
        "stdDev": 0.1464310760025462,
        "count": 837045,
        "stdError": 0.00016005116894723793,
        "ci95": [
          0.26062436143769685,
          0.26125176201997
        ]
      }
    },
    "winter_evi": {
      "city": {
        "mean": 0.12433520046260096,
        "stdDev": 0.06646471986202057,
        "count": 836168,
        "stdError": 7.268493510593496e-05,
        "ci95": [
          0.12419273798979333,
          0.1244776629354086
        ]
      }
    },
    "evi_change": {
      "city": {
        "mean": 0.1366504361929726,
        "stdDev": 0.1542182431077243,
        "count": 836168,
        "stdError": 0.00016865102291421094,
        "ci95": [
          0.13631988018806074,
          0.13698099219788445
        ]
      }
    },
    "summer_lst": {
      "city": {
        "mean": 30.82215375414136,
        "stdDev": 1.5929455781200579,
        "count": 837045,
        "stdError": 0.0017411113051099601,
        "ci95": [
          30.818741175983345,
          30.825566332299378
        ]
      }
    },
    "winter_lst": {
      "city": {
        "mean": 3.67674463931929,
        "stdDev": 0.6555907456685471,
        "count": 837045,
        "stdError": 0.0007165696521510079,
        "ci95": [
          3.6753401628010742,
          3.678149115837506
        ]
      }
    },
    "lst_change": {
      "city": {
        "mean": 27.145409114839676,
        "stdDev": 1.6179577893874602,
        "count": 837045,
        "stdError": 0.0017684499941409237,
        "ci95": [
          27.14194295285116,
          27.148875276828193
        ]
      }
    }
  }
}