{
  "city": "Navoiy",
  "year": 2018,
  "stats": {
    "urban_mean": 37.8328225142685,
    "rural_mean": 38.76237676285032,
    "suhi": -0.9295542485818231,
    "uncertainty": {
      "urban_core": {
        "mean": 37.8328225142685,
        "stdDev": 5.526126222583115,
        "count": 6513,
        "stdError": 0.06847471941620506,
        "ci95": [
          37.69861206421274,
          37.96703296432426
        ]
      },
      "rural_ring": {
        "mean": 38.76237676285032,
        "stdDev": 5.640750016211046,
        "count": 158,
        "stdError": 0.44875397636110653,
        "ci95": [
          37.88281896918255,
          39.641934556518095
        ]
      }
    }
  }
}