{
  "city": "Navoiy",
  "year": 2018,
  "stats": {
    "day_urban_mean": 44.73384241535926,
    "day_rural_mean": 47.932346123413936,
    "suhi_day": -3.198503708054673,
    "night_urban_mean": 21.614284736217893,
    "night_rural_mean": 22.098625971970815,
    "suhi_night": -0.48434123575292176,
    "suhi_day_night_diff": -2.7141624723017514,
    "day_stronger_than_night": false,
    "uncertainty_day": {
      "urban_core": {
        "mean": 44.73384241535926,
        "stdDev": 4.4302484328567315,
        "count": 408,
        "stdError": 0.21932998002846774,
        "ci95": [
          44.30395565450347,
          45.16372917621506
        ]
      },
      "rural_ring": {
        "mean": 47.932346123413936,
        "stdDev": 4.015784933267097,
        "count": 4575,
        "stdError": 0.05937107284499857,
        "ci95": [
          47.81597882063774,
          48.04871342619013
        ]
      }
    },
    "uncertainty_night": {
      "urban_core": {
        "mean": 21.614284736217893,
        "stdDev": 1.0549931898006049,
        "count": 408,
        "stdError": 0.05222994573690966,
        "ci95": [
          21.51191404257355,
          21.716655429862236
        ]
      },
      "rural_ring": {
        "mean": 22.098625971970815,
        "stdDev": 1.3097637791502315,
        "count": 4575,
        "stdError": 0.019364104909473972,
        "ci95": [
          22.060672326348246,
          22.136579617593384
        ]
      }
    }
  }
}