{
  "city": "Navoiy",
  "year": 2022,
  "stats": {
    "urban_mean": 41.65630011458218,
    "rural_mean": 41.51402930491047,
    "suhi": 0.14227080967170735,
    "uncertainty": {
      "urban_core": {
        "mean": 41.65630011458218,
        "stdDev": 5.656375163720107,
        "count": 6513,
        "stdError": 0.07008864558064298,
        "ci95": [
          41.51892636924412,
          41.79367385992024
        ]
      },
      "rural_ring": {
        "mean": 41.51402930491047,
        "stdDev": 5.861895936711561,
        "count": 158,
        "stdError": 0.46634740115309964,
        "ci95": [
          40.599988398650396,
          42.42807021117055
        ]
      }
    }
  }
}