{
  "city": "Navoiy",
  "year": 2019,
  "stats": {
    "urban_mean": 39.15203851629546,
    "rural_mean": 39.6235368923797,
    "suhi": -0.4714983760842344,
    "uncertainty": {
      "urban_core": {
        "mean": 39.15203851629546,
        "stdDev": 5.020382599023573,
        "count": 6513,
        "stdError": 0.062208005388166294,
        "ci95": [
          39.03011082573466,
          39.273966206856265
        ]
      },
      "rural_ring": {
        "mean": 39.6235368923797,
        "stdDev": 5.799399186106151,
        "count": 158,
        "stdError": 0.46137542663495484,
        "ci95": [
          38.719241056175186,
          40.52783272858421
        ]
      }
    }
  }
}