{
  "city": "Navoiy",
  "year": 2019,
  "stats": {
    "day_urban_mean": 43.75695148645652,
    "day_rural_mean": 47.44489683428114,
    "suhi_day": -3.6879453478246162,
    "night_urban_mean": 21.941205847468282,
    "night_rural_mean": 22.796032546363744,
    "suhi_night": -0.8548266988954616,
    "suhi_day_night_diff": -2.8331186489291547,
    "day_stronger_than_night": false,
    "uncertainty_day": {
      "urban_core": {
        "mean": 43.75695148645652,
        "stdDev": 4.487165315176502,
        "count": 408,
        "stdError": 0.2221477855876084,
        "ci95": [
          43.32154182670481,
          44.192361146208235
        ]
      },
      "rural_ring": {
        "mean": 47.44489683428114,
        "stdDev": 4.603309318493766,
        "count": 4575,
        "stdError": 0.06805728330027981,
        "ci95": [
          47.31150455901259,
          47.57828910954969
        ]
      }
    },
    "uncertainty_night": {
      "urban_core": {
        "mean": 21.941205847468282,
        "stdDev": 1.4538130661387834,
        "count": 408,
        "stdError": 0.07197447176923509,
        "ci95": [
          21.800135882800582,
          22.082275812135983
        ]
      },
      "rural_ring": {
        "mean": 22.796032546363744,
        "stdDev": 1.5473182647474073,
        "count": 4575,
        "stdError": 0.02287621148475605,
        "ci95": [
          22.75119517185362,
          22.840869920873867
        ]
      }
    }
  }
}