{
  "city": "Navoiy",
  "year": 2017,
  "stats": {
    "urban_mean": 39.97315530621073,
    "rural_mean": 40.075389905856255,
    "suhi": -0.10223459964552717,
    "uncertainty": {
      "urban_core": {
        "mean": 39.97315530621073,
        "stdDev": 5.642825353116841,
        "count": 6513,
        "stdError": 0.0699207486774905,
        "ci95": [
          39.83611063880284,
          40.11019997361861
        ]
      },
      "rural_ring": {
        "mean": 40.075389905856255,
        "stdDev": 6.127038985083743,
        "count": 158,
        "stdError": 0.48744104950120437,
        "ci95": [
          39.12000544883389,
          41.03077436287862
        ]
      }
    }
  }
}