{
  "city": "Navoiy",
  "year": 2016,
  "stats": {
    "urban_mean": 37.64290741915712,
    "rural_mean": 37.971388961710325,
    "suhi": -0.32848154255320594,
    "uncertainty": {
      "urban_core": {
        "mean": 37.64290741915712,
        "stdDev": 5.055114535454611,
        "count": 6513,
        "stdError": 0.06263837188833377,
        "ci95": [
          37.520136210255984,
          37.765678628058254
        ]
      },
      "rural_ring": {
        "mean": 37.971388961710325,
        "stdDev": 5.046186046041125,
        "count": 158,
        "stdError": 0.4014530066233943,
        "ci95": [
          37.18454106872847,
          38.75823685469218
        ]
      }
    }
  }
}