{
  "city": "Navoiy",
  "year": 2017,
  "stats": {
    "day_urban_mean": 43.79218875056653,
    "day_rural_mean": 47.11019704450415,
    "suhi_day": -3.3180082939376163,
    "night_urban_mean": 22.42156051416065,
    "night_rural_mean": 22.985228002381408,
    "suhi_night": -0.5636674882207586,
    "suhi_day_night_diff": -2.7543408057168577,
    "day_stronger_than_night": false,
    "uncertainty_day": {
      "urban_core": {
        "mean": 43.79218875056653,
        "stdDev": 5.20346281496545,
        "count": 408,
        "stdError": 0.2576097960604265,
        "ci95": [
          43.2872735502881,
          44.29710395084496
        ]
      },
      "rural_ring": {
        "mean": 47.11019704450415,
        "stdDev": 4.709986211583757,
        "count": 4575,
        "stdError": 0.06963443987010917,
        "ci95": [
          46.97371354235873,
          47.246680546649564
        ]
      }
    },
    "uncertainty_night": {
      "urban_core": {
        "mean": 22.42156051416065,
        "stdDev": 1.2530620818342584,
        "count": 408,
        "stdError": 0.06203581707627137,
        "ci95": [
          22.29997031269116,
          22.54315071563014
        ]
      },
      "rural_ring": {
        "mean": 22.985228002381408,
        "stdDev": 1.4935150857739574,
        "count": 4575,
        "stdError": 0.022080762397913054,
        "ci95": [
          22.9419497080815,
          23.028506296681318
        ]
      }
    }
  }
}