{
  "city": "Navoiy",
  "year": 2022,
  "stats": {
    "day_urban_mean": 43.118716141288125,
    "day_rural_mean": 46.596240166460376,
    "suhi_day": -3.477524025172251,
    "night_urban_mean": 21.76257977107705,
    "night_rural_mean": 22.289465129325492,
    "suhi_night": -0.5268853582484425,
    "suhi_day_night_diff": -2.9506386669238083,
    "day_stronger_than_night": false,
    "uncertainty_day": {
      "urban_core": {
        "mean": 43.118716141288125,
        "stdDev": 4.760840785308991,
        "count": 408,
        "stdError": 0.2356967403038419,
        "ci95": [
          42.6567505302926,
          43.58068175228365
        ]
      },
      "rural_ring": {
        "mean": 46.596240166460376,
        "stdDev": 4.349595728797315,
        "count": 4575,
        "stdError": 0.06430627365560265,
        "ci95": [
          46.47019987009539,
          46.72228046282536
        ]
      }
    },
    "uncertainty_night": {
      "urban_core": {
        "mean": 21.76257977107705,
        "stdDev": 1.260767335902867,
        "count": 408,
        "stdError": 0.06241728399547356,
        "ci95": [
          21.64024189444592,
          21.88491764770818
        ]
      },
      "rural_ring": {
        "mean": 22.289465129325492,
        "stdDev": 1.362315224453701,
        "count": 4575,
        "stdError": 0.02014104783322858,
        "ci95": [
          22.249988675572364,
          22.32894158307862
        ]
      }
    }
  }
}