{
  "city": "Navoiy",
  "year": 2024,
  "stats": {
    "urban_mean": 36.11954781517655,
    "rural_mean": 36.07966717587392,
    "suhi": 0.03988063930263053,
    "uncertainty": {
      "urban_core": {
        "mean": 36.11954781517655,
        "stdDev": 4.769801185752436,
        "count": 6513,
        "stdError": 0.059103028904904445,
        "ci95": [
          36.00370587852294,
          36.23538975183016
        ]
      },
      "rural_ring": {
        "mean": 36.07966717587392,
        "stdDev": 5.376507002061518,
        "count": 158,
        "stdError": 0.4277319308911858,
        "ci95": [
          35.2413125913272,
          36.91802176042064
        ]
      }
    }
  }
}