{
  "city": "Navoiy",
  "year": 2016,
  "stats": {
    "day_urban_mean": 43.93192144875267,
    "day_rural_mean": 47.0092891930504,
    "suhi_day": -3.0773677442977316,
    "night_urban_mean": 22.00970830159206,
    "night_rural_mean": 22.5868181212903,
    "suhi_night": -0.57710981969824,
    "suhi_day_night_diff": -2.5002579245994916,
    "day_stronger_than_night": false,
    "uncertainty_day": {
      "urban_core": {
        "mean": 43.93192144875267,
        "stdDev": 4.878240417379873,
        "count": 408,
        "stdError": 0.24150888816590937,
        "ci95": [
          43.45856402794749,
          44.40527886955785
        ]
      },
      "rural_ring": {
        "mean": 47.0092891930504,
        "stdDev": 4.474064771096129,
        "count": 4575,
        "stdError": 0.06614647692845521,
        "ci95": [
          46.87964209827063,
          47.13893628783017
        ]
      }
    },
    "uncertainty_night": {
      "urban_core": {
        "mean": 22.00970830159206,
        "stdDev": 1.3633563518389724,
        "count": 408,
        "stdError": 0.06749619709875004,
        "ci95": [
          21.87741575527851,
          22.14200084790561
        ]
      },
      "rural_ring": {
        "mean": 22.5868181212903,
        "stdDev": 1.342182326643985,
        "count": 4575,
        "stdError": 0.019843394507090644,
        "ci95": [
          22.5479250680564,
          22.6257111745242
        ]
      }
    }
  }
}