{
  "city": "Navoiy",
  "year": 2023,
  "stats": {
    "urban_mean": 39.79523902063115,
    "rural_mean": 39.72377901414018,
    "suhi": 0.07146000649097317,
    "uncertainty": {
      "urban_core": {
        "mean": 39.79523902063115,
        "stdDev": 4.6073374880700095,
        "count": 6513,
        "stdError": 0.05708992683918231,
        "ci95": [
          39.68334276402636,
          39.907135277235945
        ]
      },
      "rural_ring": {
        "mean": 39.72377901414018,
        "stdDev": 6.001650450182994,
        "count": 158,
        "stdError": 0.477465673271963,
        "ci95": [
          38.78794629452713,
          40.65961173375322
        ]
      }
    }
  }
}