{
  "city": "Navoiy",
  "year": 2020,
  "stats": {
    "urban_mean": 33.90666940574571,
    "rural_mean": 33.959195492063515,
    "suhi": -0.052526086317804754,
    "uncertainty": {
      "urban_core": {
        "mean": 33.90666940574571,
        "stdDev": 3.756329923543049,
        "count": 6513,
        "stdError": 0.04654501674213916,
        "ci95": [
          33.815441172931116,
          33.9978976385603
        ]
      },
      "rural_ring": {
        "mean": 33.959195492063515,
        "stdDev": 4.068967215641196,
        "count": 158,
        "stdError": 0.3237096507475592,
        "ci95": [
          33.3247245765983,
          34.59366640752873
        ]
      }
    }
  }
}