{
  "city": "Navoiy",
  "year": 2024,
  "stats": {
    "day_urban_mean": 41.608251641707625,
    "day_rural_mean": 44.15123405392268,
    "suhi_day": -2.5429824122150535,
    "night_urban_mean": 23.25687964668335,
    "night_rural_mean": 23.835064591868893,
    "suhi_night": -0.5781849451855443,
    "suhi_day_night_diff": -1.9647974670295092,
    "day_stronger_than_night": false,
    "uncertainty_day": {
      "urban_core": {
        "mean": 41.608251641707625,
        "stdDev": 4.315446974836921,
        "count": 408,
        "stdError": 0.213646460949045,
        "ci95": [
          41.189504578247494,
          42.026998705167756
        ]
      },
      "rural_ring": {
        "mean": 44.15123405392268,
        "stdDev": 3.7262131417569524,
        "count": 4575,
        "stdError": 0.055089920289944125,
        "ci95": [
          44.04325781015439,
          44.25921029769097
        ]
      }
    },
    "uncertainty_night": {
      "urban_core": {
        "mean": 23.25687964668335,
        "stdDev": 1.4924138521580264,
        "count": 408,
        "stdError": 0.07388549544093118,
        "ci95": [
          23.112064075619124,
          23.401695217747573
        ]
      },
      "rural_ring": {
        "mean": 23.835064591868893,
        "stdDev": 1.4321832133014512,
        "count": 4575,
        "stdError": 0.021174005903530056,
        "ci95": [
          23.793563540297974,
          23.87656564343981
        ]
      }
    }
  }
}