{
  "city": "Navoiy",
  "year": 2018,
  "stats": {
    "urban_mean": 37.82714657269594,
    "rural_mean": 38.373776034831884,
    "suhi": -0.5466294621359467,
    "uncertainty": {
      "urban_core": {
        "mean": 37.82714657269594,
        "stdDev": 5.373128036432122,
        "count": 1620,
        "stdError": 0.13349643934746877,
        "ci95": [
          37.565493551574896,
          38.08879959381698
        ]
      },
      "rural_ring": {
        "mean": 38.373776034831884,
        "stdDev": 5.736527105292518,
        "count": 93,
        "stdError": 0.5948501503700098,
        "ci95": [
          37.207869740106666,
          39.5396823295571
        ]
      }
    }
  }
}