{
  "city": "Navoiy",
  "year": 2021,
  "stats": {
    "urban_mean": 41.666263671030066,
    "rural_mean": 41.672444074545254,
    "suhi": -0.006180403515188004,
    "uncertainty": {
      "urban_core": {
        "mean": 41.666263671030066,
        "stdDev": 5.444195357716371,
        "count": 6513,
        "stdError": 0.06745950681386698,
        "ci95": [
          41.534043037674884,
          41.79848430438525
        ]
      },
      "rural_ring": {
        "mean": 41.672444074545254,
        "stdDev": 6.1293448188083195,
        "count": 158,
        "stdError": 0.48762449178277284,
        "ci95": [
          40.71670007065102,
          42.628188078439486
        ]
      }
    }
  }
}