{
  "city": "Navoiy",
  "year": 2023,
  "stats": {
    "day_urban_mean": 44.08216454683084,
    "day_rural_mean": 46.99267767811207,
    "suhi_day": -2.9105131312812276,
    "night_urban_mean": 22.686587369700042,
    "night_rural_mean": 23.008704614514897,
    "suhi_night": -0.32211724481485504,
    "suhi_day_night_diff": -2.5883958864663725,
    "day_stronger_than_night": false,
    "uncertainty_day": {
      "urban_core": {
        "mean": 44.08216454683084,
        "stdDev": 4.427048834657481,
        "count": 408,
        "stdError": 0.21917157631369272,
        "ci95": [
          43.652588257256,
          44.51174083640568
        ]
      },
      "rural_ring": {
        "mean": 46.99267767811207,
        "stdDev": 3.953393411801367,
        "count": 4575,
        "stdError": 0.05844865004910483,
        "ci95": [
          46.87811832401582,
          47.10723703220831
        ]
      }
    },
    "uncertainty_night": {
      "urban_core": {
        "mean": 22.686587369700042,
        "stdDev": 1.2719914032534652,
        "count": 408,
        "stdError": 0.06297295813094353,
        "ci95": [
          22.56316037176339,
          22.810014367636693
        ]
      },
      "rural_ring": {
        "mean": 23.008704614514897,
        "stdDev": 1.259601528543059,
        "count": 4575,
        "stdError": 0.018622484856518455,
        "ci95": [
          22.97220454419612,
          23.045204684833674
        ]
      }
    }
  }
}