{
  "city": "Navoiy",
  "year": 2021,
  "stats": {
    "day_urban_mean": 44.40422996441765,
    "day_rural_mean": 47.57516612099126,
    "suhi_day": -3.1709361565736103,
    "night_urban_mean": 21.89732842830009,
    "night_rural_mean": 22.233534490090612,
    "suhi_night": -0.3362060617905236,
    "suhi_day_night_diff": -2.8347300947830867,
    "day_stronger_than_night": false,
    "uncertainty_day": {
      "urban_core": {
        "mean": 44.40422996441765,
        "stdDev": 4.897029586791013,
        "count": 408,
        "stdError": 0.24243909066226002,
        "ci95": [
          43.92904934671962,
          44.87941058211568
        ]
      },
      "rural_ring": {
        "mean": 47.57516612099126,
        "stdDev": 4.263362939974275,
        "count": 4575,
        "stdError": 0.06303137142056817,
        "ci95": [
          47.45162463300695,
          47.698707608975575
        ]
      }
    },
    "uncertainty_night": {
      "urban_core": {
        "mean": 21.89732842830009,
        "stdDev": 1.2204663276293524,
        "count": 408,
        "stdError": 0.06042208677939841,
        "ci95": [
          21.77890113821247,
          22.01575571838771
        ]
      },
      "rural_ring": {
        "mean": 22.233534490090612,
        "stdDev": 1.3653677361676013,
        "count": 4575,
        "stdError": 0.020186177465003643,
        "ci95": [
          22.193969582259204,
          22.27309939792202
        ]
      }
    }
  }
}