{
  "city": "Navoiy",
  "year": 2020,
  "stats": {
    "day_urban_mean": 43.70680385331188,
    "day_rural_mean": 47.31058086719853,
    "suhi_day": -3.603777013886649,
    "night_urban_mean": 21.482627117826915,
    "night_rural_mean": 22.20205579720292,
    "suhi_night": -0.719428679376005,
    "suhi_day_night_diff": -2.884348334510644,
    "day_stronger_than_night": false,
    "uncertainty_day": {
      "urban_core": {
        "mean": 43.70680385331188,
        "stdDev": 4.726588801949298,
        "count": 408,
        "stdError": 0.234001014445558,
        "ci95": [
          43.248161864998586,
          44.16544584162518
        ]
      },
      "rural_ring": {
        "mean": 47.31058086719853,
        "stdDev": 4.750348911958425,
        "count": 4575,
        "stdError": 0.07023117920351159,
        "ci95": [
          47.17292775595965,
          47.448233978437415
        ]
      }
    },
    "uncertainty_night": {
      "urban_core": {
        "mean": 21.482627117826915,
        "stdDev": 1.546853746907272,
        "count": 408,
        "stdError": 0.07658067184222489,
        "ci95": [
          21.332529001016155,
          21.632725234637675
        ]
      },
      "rural_ring": {
        "mean": 22.20205579720292,
        "stdDev": 1.5890130255778827,
        "count": 4575,
        "stdError": 0.023492644566621073,
        "ci95": [
          22.156010213852344,
          22.248101380553496
        ]
      }
    }
  }
}