{
  "city": "Urgench",
  "year": 2017,
  "generated": {
    "summer_veg_tif": "suhi_analysis_output\\vegetation\\Urgench\\Urgench_ndvi_evi_summer_2017.tif",
    "winter_veg_tif": "suhi_analysis_output\\vegetation\\Urgench\\Urgench_ndvi_evi_winter_2017.tif",
    "ndvi_change_tif": "suhi_analysis_output\\vegetation\\Urgench\\Urgench_ndvi_change_2017.tif",
    "evi_change_tif": "suhi_analysis_output\\vegetation\\Urgench\\Urgench_evi_change_2017.tif",
    "summer_lst_tif": "suhi_analysis_output\\temperature\\Urgench\\Urgench_lst_summer_2017.tif",
    "winter_lst_tif": "suhi_analysis_output\\temperature\\Urgench\\Urgench_lst_winter_2017.tif",
    "lst_change_tif": "suhi_analysis_output\\temperature\\Urgench\\Urgench_lst_change_2017.tif"
  },
  "stats": {
    "summer_ndvi_mean": 0.44862248773414193,
    "winter_ndvi_mean": 0.12335765866277619,
    "ndvi_change_mean": 0.32584900657104576,
    "summer_evi_mean": 0.326571087826644,
    "winter_evi_mean": 0.07413155361176077,
    "evi_change_mean": 0.2528475790601668,
    "summer_lst_mean": 28.59424939620269,
    "winter_lst_mean": 0.6216923613107195,
    "lst_change_mean": 27.97255703489197,
    "summer_biomass_t_per_ha": 8.050432456425806,
    "winter_biomass_t_per_ha": 1.795339589668773,
    "biomass_change_t_per_ha": 6.255092866757034
  },
  "uncertainty": {
    "summer_ndvi": {
      "city": {
        "mean": 0.44862248773414193,
        "stdDev": 0.1974086248865344,
        "count": 591848,
        "stdError": 0.00025660258736446114,
        "ci95": [
          0.4481195466629076,
          0.44912542880537626
        ]
      }
    },
    "winter_ndvi": {
      "city": {
        "mean": 0.12335765866277619,
        "stdDev": 0.06655682574638257,
        "count": 590631,
        "stdError": 8.660330824612091e-05,
        "ci95": [
          0.1231879161786138,
          0.12352740114693858
        ]
      }
    },
    "ndvi_change": {
      "city": {
        "mean": 0.32584900657104576,
        "stdDev": 0.18457026516752958,
        "count": 590631,
        "stdError": 0.0002401616271226788,
        "ci95": [
          0.3253782897818853,
          0.3263197233602062
        ]
      }
    },
    "summer_evi": {
      "city": {
        "mean": 0.326571087826644,
        "stdDev": 0.1485122369762405,
        "count": 591848,
        "stdError": 0.0001930443732399798,
        "ci95": [
          0.32619272085509365,
          0.32694945479819437
        ]
      }
    },
    "winter_evi": {
      "city": {
        "mean": 0.07413155361176077,
        "stdDev": 0.03515728554757097,
        "count": 590631,
        "stdError": 4.57464310118285e-05,
        "ci95": [
          0.07404189060697759,
          0.07422121661654395
        ]
      }
    },
    "evi_change": {
      "city": {
        "mean": 0.2528475790601668,
        "stdDev": 0.1442329058716281,
        "count": 590631,
        "stdError": 0.0001876749178819312,
        "ci95": [
          0.25247973622111824,
          0.25321542189921536
        ]
      }
    },
    "summer_lst": {
      "city": {
        "mean": 28.59424939620269,
        "stdDev": 1.5178510994564662,
        "count": 591848,
        "stdError": 0.0019729863352140127,
        "ci95": [
          28.590382342985674,
          28.59811644941971
        ]
      }
    },
    "winter_lst": {
      "city": {
        "mean": 0.6216923613107195,
        "stdDev": 0.37501411012020264,
        "count": 591848,
        "stdError": 0.00048746396470942106,
        "ci95": [
          0.620736931939889,
          0.62264779068155
        ]
      }
    },
    "lst_change": {
      "city": {
        "mean": 27.972557034904284,
        "stdDev": 1.2915138896044618,
        "count": 591848,
        "stdError": 0.001678780782147324,
        "ci95": [
          27.969266624571276,
          27.975847445237292
        ]
      }
    }
  }
}