{
  "city": "Urgench",
  "year": 2024,
  "generated": {
    "summer_veg_tif": "suhi_analysis_output\\vegetation\\Urgench\\Urgench_ndvi_evi_summer_2024.tif",
    "winter_veg_tif": "suhi_analysis_output\\vegetation\\Urgench\\Urgench_ndvi_evi_winter_2024.tif",
    "ndvi_change_tif": "suhi_analysis_output\\vegetation\\Urgench\\Urgench_ndvi_change_2024.tif",
    "evi_change_tif": "suhi_analysis_output\\vegetation\\Urgench\\Urgench_evi_change_2024.tif",
    "summer_lst_tif": "suhi_analysis_output\\temperature\\Urgench\\Urgench_lst_summer_2024.tif",
    "winter_lst_tif": "suhi_analysis_output\\temperature\\Urgench\\Urgench_lst_winter_2024.tif",
    "lst_change_tif": "suhi_analysis_output\\temperature\\Urgench\\Urgench_lst_change_2024.tif"
  },
  "stats": {
    "summer_ndvi_mean": 0.49052317371565357,
    "winter_ndvi_mean": 0.14900192010026173,
    "ndvi_change_mean": 0.3420485320601523,
    "summer_evi_mean": 0.3602888519784666,
    "winter_evi_mean": 0.09259629402103144,
    "evi_change_mean": 0.26806224639449594,
    "summer_lst_mean": 28.356273292163785,
    "winter_lst_mean": 1.1088214835181573,
    "lst_change_mean": 27.24745180864563,
    "summer_biomass_t_per_ha": 8.856214879147183,
    "winter_biomass_t_per_ha": 2.2884984634665715,
    "biomass_change_t_per_ha": 6.567716415680612
  },
  "uncertainty": {
    "summer_ndvi": {
      "city": {
        "mean": 0.49052317371565357,
        "stdDev": 0.21713892409025376,
        "count": 591848,
        "stdError": 0.0002822491153622087,
        "ci95": [
          0.48996996544954363,
          0.4910763819817635
        ]
      }
    },
    "winter_ndvi": {
      "city": {
        "mean": 0.14900192010026173,
        "stdDev": 0.09561123731189607,
        "count": 590661,
        "stdError": 0.00012440555994006956,
        "ci95": [
          0.1487580852027792,
          0.14924575499774426
        ]
      }
    },
    "ndvi_change": {
      "city": {
        "mean": 0.3420485320601523,
        "stdDev": 0.21394980287737528,
        "count": 590661,
        "stdError": 0.00027838302038912864,
        "ci95": [
          0.34150290134018957,
          0.342594162780115
        ]
      }
    },
    "summer_evi": {
      "city": {
        "mean": 0.3602888519784666,
        "stdDev": 0.17624122150996943,
        "count": 591848,
        "stdError": 0.00022908803232748768,
        "ci95": [
          0.3598398394351047,
          0.3607378645218285
        ]
      }
    },
    "winter_evi": {
      "city": {
        "mean": 0.09259629402103144,
        "stdDev": 0.060426668005496245,
        "count": 590661,
        "stdError": 7.862479013856587e-05,
        "ci95": [
          0.09244218943235985,
          0.09275039860970302
        ]
      }
    },
    "evi_change": {
      "city": {
        "mean": 0.26806224639449594,
        "stdDev": 0.1834209063677367,
        "count": 590661,
        "stdError": 0.0002386600278684422,
        "ci95": [
          0.2675944727398738,
          0.2685300200491181
        ]
      }
    },
    "summer_lst": {
      "city": {
        "mean": 28.356273292163785,
        "stdDev": 1.7351309539279718,
        "count": 591848,
        "stdError": 0.002255418639636417,
        "ci95": [
          28.3518526716301,
          28.36069391269747
        ]
      }
    },
    "winter_lst": {
      "city": {
        "mean": 1.1088214835181573,
        "stdDev": 0.49670581886599063,
        "count": 591848,
        "stdError": 0.0006456455403265948,
        "ci95": [
          1.1075560182591173,
          1.1100869487771974
        ]
      }
    },
    "lst_change": {
      "city": {
        "mean": 27.247451808673862,
        "stdDev": 1.53232355463661,
        "count": 591848,
        "stdError": 0.0019917984283881365,
        "ci95": [
          27.24354788375422,
          27.251355733593503
        ]
      }
    }
  }
}