{
  "city": "Urgench",
  "year": 2018,
  "generated": {
    "summer_veg_tif": "D:\\dev\\Uzbekistan_URBAN_research\\suhi_analysis_output\\vegetation\\Urgench\\Urgench_ndvi_evi_summer_2018.tif",
    "winter_veg_tif": "D:\\dev\\Uzbekistan_URBAN_research\\suhi_analysis_output\\vegetation\\Urgench\\Urgench_ndvi_evi_winter_2018.tif",
    "ndvi_change_tif": "D:\\dev\\Uzbekistan_URBAN_research\\suhi_analysis_output\\vegetation\\Urgench\\Urgench_ndvi_change_2018.tif",
    "evi_change_tif": "D:\\dev\\Uzbekistan_URBAN_research\\suhi_analysis_output\\vegetation\\Urgench\\Urgench_evi_change_2018.tif",
    "summer_lst_tif": "D:\\dev\\Uzbekistan_URBAN_research\\suhi_analysis_output\\temperature\\Urgench\\Urgench_lst_summer_2018.tif",
    "winter_lst_tif": "D:\\dev\\Uzbekistan_URBAN_research\\suhi_analysis_output\\temperature\\Urgench\\Urgench_lst_winter_2018.tif",
    "lst_change_tif": "D:\\dev\\Uzbekistan_URBAN_research\\suhi_analysis_output\\temperature\\Urgench\\Urgench_lst_change_2018.tif"
  },
  "stats": {
    "summer_ndvi_mean": 0.3780784488551417,
    "winter_ndvi_mean": 0.11743306535731578,
    "ndvi_change_mean": 0.26220145397607475,
    "summer_evi_mean": 0.27615844073477747,
    "winter_evi_mean": 0.08049960196381395,
    "evi_change_mean": 0.19670443474781818,
    "summer_lst_mean": 42.995509419507954,
    "winter_lst_mean": -1.6058096799696102,
    "lst_change_mean": 44.66364891479108,
    "summer_biomass_t_per_ha": 6.693816324137341,
    "winter_biomass_t_per_ha": 1.6814051030253032,
    "biomass_change_t_per_ha": 5.012411221112037
  },
  "uncertainty": {
    "summer_ndvi": {
      "city": {
        "mean": 0.3780784488551417,
        "stdDev": 0.12375824127923739,
        "count": 2160,
        "stdError": 0.0026628533746133652,
        "ci95": [
          0.3728592562408995,
          0.3832976414693839
        ]
      }
    },
    "winter_ndvi": {
      "city": {
        "mean": 0.11743306535731578,
        "stdDev": 0.048968785879195974,
        "count": 2144,
        "stdError": 0.0010575646990022942,
        "ci95": [
          0.11536023854727129,
          0.11950589216736027
        ]
      }
    },
    "ndvi_change": {
      "city": {
        "mean": 0.26220145397607475,
        "stdDev": 0.11880467554133949,
        "count": 2144,
        "stdError": 0.0025657902002900316,
        "ci95": [
          0.25717250518350626,
          0.26723040276864324
        ]
      }
    },
    "summer_evi": {
      "city": {
        "mean": 0.27615844073477747,
        "stdDev": 0.08875982401210503,
        "count": 2160,
        "stdError": 0.0019098073345065775,
        "ci95": [
          0.27241521835914456,
          0.27990166311041037
        ]
      }
    },
    "winter_evi": {
      "city": {
        "mean": 0.08049960196381395,
        "stdDev": 0.03340491360210197,
        "count": 2144,
        "stdError": 0.0007214362530032297,
        "ci95": [
          0.07908558690792762,
          0.08191361701970028
        ]
      }
    },
    "evi_change": {
      "city": {
        "mean": 0.19670443474781818,
        "stdDev": 0.08730352420614647,
        "count": 2144,
        "stdError": 0.0018854689500916978,
        "ci95": [
          0.19300891560563846,
          0.2003999538899979
        ]
      }
    },
    "summer_lst": {
      "city": {
        "mean": 42.995509419507954,
        "stdDev": 4.0183118531778295,
        "count": 2160,
        "stdError": 0.08646030492903109,
        "ci95": [
          42.826047221847055,
          43.16497161716885
        ]
      }
    },
    "winter_lst": {
      "city": {
        "mean": -1.6058096799696102,
        "stdDev": 1.0345665354621607,
        "count": 1888,
        "stdError": 0.023809892326836772,
        "ci95": [
          -1.6524770689302102,
          -1.5591422910090103
        ]
      }
    },
    "lst_change": {
      "city": {
        "mean": 44.66364891479108,
        "stdDev": 4.246991434203831,
        "count": 1888,
        "stdError": 0.09774181291899109,
        "ci95": [
          44.47207496146986,
          44.85522286811231
        ]
      }
    }
  }
}