{
  "city": "Urgench",
  "year": 2016,
  "generated": {
    "summer_veg_tif": "suhi_analysis_output\\vegetation\\Urgench\\Urgench_ndvi_evi_summer_2016.tif",
    "winter_veg_tif": "suhi_analysis_output\\vegetation\\Urgench\\Urgench_ndvi_evi_winter_2016.tif",
    "ndvi_change_tif": "suhi_analysis_output\\vegetation\\Urgench\\Urgench_ndvi_change_2016.tif",
    "evi_change_tif": "suhi_analysis_output\\vegetation\\Urgench\\Urgench_evi_change_2016.tif",
    "summer_lst_tif": "suhi_analysis_output\\temperature\\Urgench\\Urgench_lst_summer_2016.tif",
    "winter_lst_tif": "suhi_analysis_output\\temperature\\Urgench\\Urgench_lst_winter_2016.tif",
    "lst_change_tif": "suhi_analysis_output\\temperature\\Urgench\\Urgench_lst_change_2016.tif"
  },
  "stats": {
    "summer_ndvi_mean": 0.4449714391029502,
    "winter_ndvi_mean": 0.13903829626870015,
    "ndvi_change_mean": 0.30631396290577867,
    "summer_evi_mean": 0.3191875904797153,
    "winter_evi_mean": 0.08412739195787608,
    "evi_change_mean": 0.23531696235741925,
    "summer_lst_mean": 40.86180044244792,
    "winter_lst_mean": 7.474368556224609,
    "lst_change_mean": 33.38311663985564,
    "summer_biomass_t_per_ha": 7.980219982749041,
    "winter_biomass_t_per_ha": 2.0968903128596184,
    "biomass_change_t_per_ha": 5.883329669889423
  },
  "uncertainty": {
    "summer_ndvi": {
      "city": {
        "mean": 0.4449714391029502,
        "stdDev": 0.1833317692630135,
        "count": 591848,
        "stdError": 0.00023830471625053385,
        "ci95": [
          0.44450436185909914,
          0.4454385163468012
        ]
      }
    },
    "winter_ndvi": {
      "city": {
        "mean": 0.13903829626870015,
        "stdDev": 0.10213570799923134,
        "count": 590947,
        "stdError": 0.0001328627807079014,
        "ci95": [
          0.13877788521851267,
          0.13929870731888763
        ]
      }
    },
    "ndvi_change": {
      "city": {
        "mean": 0.30631396290577867,
        "stdDev": 0.18677373012004328,
        "count": 590947,
        "stdError": 0.00024296377469790314,
        "ci95": [
          0.3058377539073708,
          0.30679017190418656
        ]
      }
    },
    "summer_evi": {
      "city": {
        "mean": 0.3191875904797153,
        "stdDev": 0.13968327395643165,
        "count": 591848,
        "stdError": 0.00018156800154684697,
        "ci95": [
          0.31883171719668346,
          0.3195434637627471
        ]
      }
    },
    "winter_evi": {
      "city": {
        "mean": 0.08412739195787608,
        "stdDev": 0.05501487975390121,
        "count": 590947,
        "stdError": 7.156586122131889e-05,
        "ci95": [
          0.08398712286988229,
          0.08426766104586987
        ]
      }
    },
    "evi_change": {
      "city": {
        "mean": 0.23531696235741925,
        "stdDev": 0.1454870246939201,
        "count": 590947,
        "stdError": 0.0001892561478880512,
        "ci95": [
          0.23494602030755868,
          0.23568790440727982
        ]
      }
    },
    "summer_lst": {
      "city": {
        "mean": 40.86180044244792,
        "stdDev": 3.949247412612534,
        "count": 591848,
        "stdError": 0.005133448980768949,
        "ci95": [
          40.851738882445616,
          40.87186200245023
        ]
      }
    },
    "winter_lst": {
      "city": {
        "mean": 7.474368556224609,
        "stdDev": 1.4519044089452389,
        "count": 590934,
        "stdError": 0.0018887241564869,
        "ci95": [
          7.470666656877895,
          7.478070455571323
        ]
      }
    },
    "lst_change": {
      "city": {
        "mean": 33.38311663985564,
        "stdDev": 3.738346736348814,
        "count": 590934,
        "stdError": 0.00486306518718773,
        "ci95": [
          33.373585032088755,
          33.39264824762253
        ]
      }
    }
  }
}