{
  "city": "Urgench",
  "year": 2021,
  "generated": {
    "summer_veg_tif": "suhi_analysis_output\\vegetation\\Urgench\\Urgench_ndvi_evi_summer_2021.tif",
    "winter_veg_tif": "suhi_analysis_output\\vegetation\\Urgench\\Urgench_ndvi_evi_winter_2021.tif",
    "ndvi_change_tif": "suhi_analysis_output\\vegetation\\Urgench\\Urgench_ndvi_change_2021.tif",
    "evi_change_tif": "suhi_analysis_output\\vegetation\\Urgench\\Urgench_evi_change_2021.tif",
    "summer_lst_tif": "suhi_analysis_output\\temperature\\Urgench\\Urgench_lst_summer_2021.tif",
    "winter_lst_tif": "suhi_analysis_output\\temperature\\Urgench\\Urgench_lst_winter_2021.tif",
    "lst_change_tif": "suhi_analysis_output\\temperature\\Urgench\\Urgench_lst_change_2021.tif"
  },
  "stats": {
    "summer_ndvi_mean": 0.4706370919993507,
    "winter_ndvi_mean": 0.12231946220860491,
    "ndvi_change_mean": 0.34876901026585555,
    "summer_evi_mean": 0.35141871173394684,
    "winter_evi_mean": 0.08024577282262065,
    "evi_change_mean": 0.2715004730850957,
    "summer_lst_mean": 29.382580704230932,
    "winter_lst_mean": 0.9093801035023441,
    "lst_change_mean": 28.47320060072859,
    "summer_biomass_t_per_ha": 8.473790230756745,
    "winter_biomass_t_per_ha": 1.7753742732424023,
    "biomass_change_t_per_ha": 6.698415957514342
  },
  "uncertainty": {
    "summer_ndvi": {
      "city": {
        "mean": 0.4706370919993507,
        "stdDev": 0.21131638580443604,
        "count": 591848,
        "stdError": 0.0002746806598804474,
        "ci95": [
          0.47009871790598506,
          0.4711754660927164
        ]
      }
    },
    "winter_ndvi": {
      "city": {
        "mean": 0.12231946220860491,
        "stdDev": 0.060929667122194414,
        "count": 591000,
        "stdError": 7.925653197441545e-05,
        "ci95": [
          0.12216411940593506,
          0.12247480501127476
        ]
      }
    },
    "ndvi_change": {
      "city": {
        "mean": 0.34876901026585555,
        "stdDev": 0.19982974084371638,
        "count": 591000,
        "stdError": 0.0002599359719602018,
        "ci95": [
          0.34825953576081353,
          0.34927848477089757
        ]
      }
    },
    "summer_evi": {
      "city": {
        "mean": 0.35141871173394684,
        "stdDev": 0.1670942341327792,
        "count": 591848,
        "stdError": 0.0002171982750844789,
        "ci95": [
          0.35099300311478127,
          0.3518444203531124
        ]
      }
    },
    "winter_evi": {
      "city": {
        "mean": 0.08024577282262065,
        "stdDev": 0.04050822759465447,
        "count": 590987,
        "stdError": 5.2693164074767836e-05,
        "ci95": [
          0.0801424942210341,
          0.08034905142420719
        ]
      }
    },
    "evi_change": {
      "city": {
        "mean": 0.2715004730850957,
        "stdDev": 0.16230017231591226,
        "count": 590987,
        "stdError": 0.000211120311033653,
        "ci95": [
          0.2710866772754697,
          0.27191426889472164
        ]
      }
    },
    "summer_lst": {
      "city": {
        "mean": 29.382580704230932,
        "stdDev": 2.033695687316845,
        "count": 591848,
        "stdError": 0.0026435095000403148,
        "ci95": [
          29.377399425610854,
          29.38776198285101
        ]
      }
    },
    "winter_lst": {
      "city": {
        "mean": 0.9093801035023441,
        "stdDev": 0.4941132565256737,
        "count": 591848,
        "stdError": 0.0006422755852154067,
        "ci95": [
          0.908121243355322,
          0.9106389636493663
        ]
      }
    },
    "lst_change": {
      "city": {
        "mean": 28.473200600740427,
        "stdDev": 1.7435061643641714,
        "count": 591848,
        "stdError": 0.0022663051987666777,
        "ci95": [
          28.468758642550846,
          28.477642558930008
        ]
      }
    }
  }
}