{
  "city": "Urgench",
  "year": 2019,
  "generated": {
    "summer_veg_tif": "suhi_analysis_output\\vegetation\\Urgench\\Urgench_ndvi_evi_summer_2019.tif",
    "winter_veg_tif": "suhi_analysis_output\\vegetation\\Urgench\\Urgench_ndvi_evi_winter_2019.tif",
    "ndvi_change_tif": "suhi_analysis_output\\vegetation\\Urgench\\Urgench_ndvi_change_2019.tif",
    "evi_change_tif": "suhi_analysis_output\\vegetation\\Urgench\\Urgench_evi_change_2019.tif",
    "summer_lst_tif": "suhi_analysis_output\\temperature\\Urgench\\Urgench_lst_summer_2019.tif",
    "winter_lst_tif": "suhi_analysis_output\\temperature\\Urgench\\Urgench_lst_winter_2019.tif",
    "lst_change_tif": "suhi_analysis_output\\temperature\\Urgench\\Urgench_lst_change_2019.tif"
  },
  "stats": {
    "summer_ndvi_mean": 0.47291122479948133,
    "winter_ndvi_mean": 0.12946989643952442,
    "ndvi_change_mean": 0.3436754651121581,
    "summer_evi_mean": 0.3451848042535108,
    "winter_evi_mean": 0.07548724856307996,
    "evi_change_mean": 0.2698577835041125,
    "summer_lst_mean": 28.860026444808856,
    "winter_lst_mean": 3.605699352968273,
    "lst_change_mean": 25.254327091840583,
    "summer_biomass_t_per_ha": 8.517523553836178,
    "winter_biomass_t_per_ha": 1.912882623837008,
    "biomass_change_t_per_ha": 6.604640929999169
  },
  "uncertainty": {
    "summer_ndvi": {
      "city": {
        "mean": 0.47291122479948133,
        "stdDev": 0.20364401444733413,
        "count": 591848,
        "stdError": 0.000264707689638722,
        "ci95": [
          0.47239239772778946,
          0.4734300518711732
        ]
      }
    },
    "winter_ndvi": {
      "city": {
        "mean": 0.12946989643952442,
        "stdDev": 0.09154602713115358,
        "count": 591433,
        "stdError": 0.00011903830251808622,
        "ci95": [
          0.12923658136658897,
          0.12970321151245987
        ]
      }
    },
    "ndvi_change": {
      "city": {
        "mean": 0.3436754651121581,
        "stdDev": 0.21183019879819256,
        "count": 591433,
        "stdError": 0.0002754451293760676,
        "ci95": [
          0.34313559265858096,
          0.3442153375657352
        ]
      }
    },
    "summer_evi": {
      "city": {
        "mean": 0.3451848042535108,
        "stdDev": 0.15884614358543758,
        "count": 591848,
        "stdError": 0.0002064769533768751,
        "ci95": [
          0.3447801094248921,
          0.34558949908212944
        ]
      }
    },
    "winter_evi": {
      "city": {
        "mean": 0.07548724856307996,
        "stdDev": 0.05157910895863567,
        "count": 591433,
        "stdError": 6.706888073946759e-05,
        "ci95": [
          0.07535579355683061,
          0.07561870356932932
        ]
      }
    },
    "evi_change": {
      "city": {
        "mean": 0.2698577835041125,
        "stdDev": 0.16660952580953567,
        "count": 591433,
        "stdError": 0.00021664419262341927,
        "ci95": [
          0.2694331608865706,
          0.2702824061216544
        ]
      }
    },
    "summer_lst": {
      "city": {
        "mean": 28.860026444808856,
        "stdDev": 1.5065750354009106,
        "count": 591848,
        "stdError": 0.0019583290870132004,
        "ci95": [
          28.85618811979831,
          28.8638647698194
        ]
      }
    },
    "winter_lst": {
      "city": {
        "mean": 3.605699352968273,
        "stdDev": 0.40245348628631805,
        "count": 591848,
        "stdError": 0.0005231311749133265,
        "ci95": [
          3.604674015865443,
          3.6067246900711027
        ]
      }
    },
    "lst_change": {
      "city": {
        "mean": 25.254327091880537,
        "stdDev": 1.3424932266524083,
        "count": 591848,
        "stdError": 0.001745046528115348,
        "ci95": [
          25.25090680068543,
          25.257747383075642
        ]
      }
    }
  }
}