{
  "city": "Urgench",
  "year": 2023,
  "generated": {
    "summer_veg_tif": "suhi_analysis_output\\vegetation\\Urgench\\Urgench_ndvi_evi_summer_2023.tif",
    "winter_veg_tif": "suhi_analysis_output\\vegetation\\Urgench\\Urgench_ndvi_evi_winter_2023.tif",
    "ndvi_change_tif": "suhi_analysis_output\\vegetation\\Urgench\\Urgench_ndvi_change_2023.tif",
    "evi_change_tif": "suhi_analysis_output\\vegetation\\Urgench\\Urgench_evi_change_2023.tif",
    "summer_lst_tif": "suhi_analysis_output\\temperature\\Urgench\\Urgench_lst_summer_2023.tif",
    "winter_lst_tif": "suhi_analysis_output\\temperature\\Urgench\\Urgench_lst_winter_2023.tif",
    "lst_change_tif": "suhi_analysis_output\\temperature\\Urgench\\Urgench_lst_change_2023.tif"
  },
  "stats": {
    "summer_ndvi_mean": 0.46322170582881766,
    "winter_ndvi_mean": 0.13005877621307424,
    "ndvi_change_mean": 0.3332003508554899,
    "summer_evi_mean": 0.34157354361700376,
    "winter_evi_mean": 0.08575889062177565,
    "evi_change_mean": 0.2558405755905495,
    "summer_lst_mean": 28.667769267969952,
    "winter_lst_mean": 0.3874497206707588,
    "lst_change_mean": 28.280319547299193,
    "summer_biomass_t_per_ha": 8.331186650554187,
    "winter_biomass_t_per_ha": 1.9242072348668124,
    "biomass_change_t_per_ha": 6.406979415687375
  },
  "uncertainty": {
    "summer_ndvi": {
      "city": {
        "mean": 0.46322170582881766,
        "stdDev": 0.20838499747514885,
        "count": 591848,
        "stdError": 0.00027087028011463205,
        "ci95": [
          0.46269080007979296,
          0.46375261157784237
        ]
      }
    },
    "winter_ndvi": {
      "city": {
        "mean": 0.13005877621307424,
        "stdDev": 0.07542494874679033,
        "count": 591790,
        "stdError": 9.804630076650568e-05,
        "ci95": [
          0.1298666054635719,
          0.13025094696257658
        ]
      }
    },
    "ndvi_change": {
      "city": {
        "mean": 0.3332003508554899,
        "stdDev": 0.19997073450839328,
        "count": 591790,
        "stdError": 0.0002599456957661284,
        "ci95": [
          0.33269085729178827,
          0.3337098444191915
        ]
      }
    },
    "summer_evi": {
      "city": {
        "mean": 0.34157354361700376,
        "stdDev": 0.16807908480828151,
        "count": 591848,
        "stdError": 0.00021847843815560498,
        "ci95": [
          0.3411453258782188,
          0.34200176135578875
        ]
      }
    },
    "winter_evi": {
      "city": {
        "mean": 0.08575889062177565,
        "stdDev": 0.04917434697800938,
        "count": 591790,
        "stdError": 6.392265283451834e-05,
        "ci95": [
          0.08563360222222,
          0.0858841790213313
        ]
      }
    },
    "evi_change": {
      "city": {
        "mean": 0.2558405755905495,
        "stdDev": 0.1683830811390059,
        "count": 591790,
        "stdError": 0.00021888431469498944,
        "ci95": [
          0.25541156233374734,
          0.2562695888473517
        ]
      }
    },
    "summer_lst": {
      "city": {
        "mean": 28.667769267969952,
        "stdDev": 1.83304155181125,
        "count": 591848,
        "stdError": 0.002382688219482238,
        "ci95": [
          28.663099199059765,
          28.67243933688014
        ]
      }
    },
    "winter_lst": {
      "city": {
        "mean": 0.3874497206707588,
        "stdDev": 0.4456383963127864,
        "count": 591848,
        "stdError": 0.0005792652959744632,
        "ci95": [
          0.38631436069064884,
          0.3885850806508687
        ]
      }
    },
    "lst_change": {
      "city": {
        "mean": 28.28031954729637,
        "stdDev": 1.6346411101402294,
        "count": 591848,
        "stdError": 0.0021247964141150838,
        "ci95": [
          28.276154946324702,
          28.284484148268035
        ]
      }
    }
  }
}