{
  "city": "Urgench",
  "year": 2016,
  "generated": {
    "summer_veg_tif": "suhi_analysis_output\\vegetation\\Urgench\\Urgench_ndvi_evi_summer_2016.tif",
    "winter_veg_tif": "suhi_analysis_output\\vegetation\\Urgench\\Urgench_ndvi_evi_winter_2016.tif",
    "ndvi_change_tif": "suhi_analysis_output\\vegetation\\Urgench\\Urgench_ndvi_change_2016.tif",
    "evi_change_tif": "suhi_analysis_output\\vegetation\\Urgench\\Urgench_evi_change_2016.tif",
    "summer_lst_tif": "suhi_analysis_output\\temperature\\Urgench\\Urgench_lst_summer_2016.tif",
    "winter_lst_tif": "suhi_analysis_output\\temperature\\Urgench\\Urgench_lst_winter_2016.tif",
    "lst_change_tif": "suhi_analysis_output\\temperature\\Urgench\\Urgench_lst_change_2016.tif"
  },
  "stats": {
    "summer_ndvi_mean": 0.4449714391029502,
    "winter_ndvi_mean": 0.13903829626870015,
    "ndvi_change_mean": 0.30631396290577867,
    "summer_evi_mean": 0.3191875904797153,
    "winter_evi_mean": 0.08412739195787608,
    "evi_change_mean": 0.23531696235741925,
    "summer_lst_mean": 28.917331334280565,
    "winter_lst_mean": 3.709080422461977,
    "lst_change_mean": 25.20825091181859,
    "summer_biomass_t_per_ha": 7.980219982749041,
    "winter_biomass_t_per_ha": 2.0968903128596184,
    "biomass_change_t_per_ha": 5.883329669889423
  },
  "uncertainty": {
    "summer_ndvi": {
      "city": {
        "mean": 0.4449714391029502,
        "stdDev": 0.1833317692630135,
        "count": 591848,
        "stdError": 0.00023830471625053385,
        "ci95": [
          0.44450436185909914,
          0.4454385163468012
        ]
      }
    },
    "winter_ndvi": {
      "city": {
        "mean": 0.13903829626870015,
        "stdDev": 0.10213570799923134,
        "count": 590947,
        "stdError": 0.0001328627807079014,
        "ci95": [
          0.13877788521851267,
          0.13929870731888763
        ]
      }
    },
    "ndvi_change": {
      "city": {
        "mean": 0.30631396290577867,
        "stdDev": 0.18677373012004328,
        "count": 590947,
        "stdError": 0.00024296377469790314,
        "ci95": [
          0.3058377539073708,
          0.30679017190418656
        ]
      }
    },
    "summer_evi": {
      "city": {
        "mean": 0.3191875904797153,
        "stdDev": 0.13968327395643165,
        "count": 591848,
        "stdError": 0.00018156800154684697,
        "ci95": [
          0.31883171719668346,
          0.3195434637627471
        ]
      }
    },
    "winter_evi": {
      "city": {
        "mean": 0.08412739195787608,
        "stdDev": 0.05501487975390121,
        "count": 590947,
        "stdError": 7.156586122131889e-05,
        "ci95": [
          0.08398712286988229,
          0.08426766104586987
        ]
      }
    },
    "evi_change": {
      "city": {
        "mean": 0.23531696235741925,
        "stdDev": 0.1454870246939201,
        "count": 590947,
        "stdError": 0.0001892561478880512,
        "ci95": [
          0.23494602030755868,
          0.23568790440727982
        ]
      }
    },
    "summer_lst": {
      "city": {
        "mean": 28.917331334280565,
        "stdDev": 1.5135539790419763,
        "count": 591848,
        "stdError": 0.001967400701773688,
        "ci95": [
          28.91347522890509,
          28.92118743965604
        ]
      }
    },
    "winter_lst": {
      "city": {
        "mean": 3.709080422461977,
        "stdDev": 0.5782310345898393,
        "count": 591848,
        "stdError": 0.0007516164993067785,
        "ci95": [
          3.707607254123336,
          3.710553590800618
        ]
      }
    },
    "lst_change": {
      "city": {
        "mean": 25.208250911776215,
        "stdDev": 1.2753413764490389,
        "count": 591848,
        "stdError": 0.0016577588601200948,
        "ci95": [
          25.20500170441038,
          25.211500119142052
        ]
      }
    }
  }
}