{
  "city": "Bukhara",
  "year": 2018,
  "stats": {
    "urban_mean": 33.94850251878275,
    "rural_mean": 33.977439049166534,
    "suhi": -0.02893653038378119,
    "uncertainty": {
      "urban_core": {
        "mean": 33.94850251878275,
        "stdDev": 3.746799578418709,
        "count": 6469,
        "stdError": 0.04658454812270217,
        "ci95": [
          33.857196804462255,
          34.03980823310325
        ]
      },
      "rural_ring": {
        "mean": 33.977439049166534,
        "stdDev": 3.087102853917296,
        "count": 172,
        "stdError": 0.2353893858460457,
        "ci95": [
          33.51607585290829,
          34.43880224542478
        ]
      }
    }
  }
}