{
  "city": "Bukhara",
  "year": 2020,
  "stats": {
    "day_urban_mean": 38.81555432823677,
    "day_rural_mean": 43.56726966440516,
    "suhi_day": -4.751715336168388,
    "night_urban_mean": 21.008241962676596,
    "night_rural_mean": 21.45815082381567,
    "suhi_night": -0.44990886113907536,
    "suhi_day_night_diff": -4.301806475029313,
    "day_stronger_than_night": false,
    "uncertainty_day": {
      "urban_core": {
        "mean": 38.81555432823677,
        "stdDev": 1.4409269000676082,
        "count": 404,
        "stdError": 0.07168879269706313,
        "ci95": [
          38.67504429455053,
          38.95606436192301
        ]
      },
      "rural_ring": {
        "mean": 43.56726966440516,
        "stdDev": 6.256085296786148,
        "count": 4554,
        "stdError": 0.09270563824527939,
        "ci95": [
          43.38556661344441,
          43.74897271536591
        ]
      }
    },
    "uncertainty_night": {
      "urban_core": {
        "mean": 21.008241962676596,
        "stdDev": 1.3071076847228613,
        "count": 404,
        "stdError": 0.06503103789542601,
        "ci95": [
          20.880781128401562,
          21.13570279695163
        ]
      },
      "rural_ring": {
        "mean": 21.45815082381567,
        "stdDev": 1.7580075079689768,
        "count": 4554,
        "stdError": 0.02605098881084328,
        "ci95": [
          21.40709088574642,
          21.509210761884923
        ]
      }
    }
  }
}