{
  "city": "Bukhara",
  "year": 2021,
  "stats": {
    "day_urban_mean": 38.15720956145963,
    "day_rural_mean": 42.84684959484703,
    "suhi_day": -4.689640033387398,
    "night_urban_mean": 21.493046528302656,
    "night_rural_mean": 21.892639809538764,
    "suhi_night": -0.3995932812361076,
    "suhi_day_night_diff": -4.290046752151291,
    "day_stronger_than_night": false,
    "uncertainty_day": {
      "urban_core": {
        "mean": 38.15720956145963,
        "stdDev": 1.780006449014425,
        "count": 404,
        "stdError": 0.08855863077914869,
        "ci95": [
          37.9836346451325,
          38.330784477786764
        ]
      },
      "rural_ring": {
        "mean": 42.84684959484703,
        "stdDev": 6.6324684656746875,
        "count": 4554,
        "stdError": 0.09828306250362795,
        "ci95": [
          42.65421479233992,
          43.03948439735414
        ]
      }
    },
    "uncertainty_night": {
      "urban_core": {
        "mean": 21.493046528302656,
        "stdDev": 1.2551469586678787,
        "count": 404,
        "stdError": 0.06244589515267497,
        "ci95": [
          21.370652573803415,
          21.615440482801898
        ]
      },
      "rural_ring": {
        "mean": 21.892639809538764,
        "stdDev": 1.5649500580864026,
        "count": 4554,
        "stdError": 0.02319017198045826,
        "ci95": [
          21.847187072457064,
          21.938092546620464
        ]
      }
    }
  }
}