{
  "city": "Bukhara",
  "year": 2021,
  "stats": {
    "urban_mean": 34.125555691513384,
    "rural_mean": 32.86290127534031,
    "suhi": 1.2626544161730706,
    "uncertainty": {
      "urban_core": {
        "mean": 34.125555691513384,
        "stdDev": 5.504327616020797,
        "count": 6469,
        "stdError": 0.06843617048229114,
        "ci95": [
          33.99142079736809,
          34.259690585658674
        ]
      },
      "rural_ring": {
        "mean": 32.86290127534031,
        "stdDev": 5.809279592636387,
        "count": 172,
        "stdError": 0.4429534162697126,
        "ci95": [
          31.994712579451676,
          33.73108997122895
        ]
      }
    }
  }
}