{
  "city": "Bukhara",
  "year": 2016,
  "stats": {
    "day_urban_mean": 38.82246371335005,
    "day_rural_mean": 43.27738180553174,
    "suhi_day": -4.454918092181693,
    "night_urban_mean": 21.826831773346534,
    "night_rural_mean": 22.375196154174898,
    "suhi_night": -0.5483643808283638,
    "suhi_day_night_diff": -3.906553711353329,
    "day_stronger_than_night": false,
    "uncertainty_day": {
      "urban_core": {
        "mean": 38.82246371335005,
        "stdDev": 1.376405758481268,
        "count": 404,
        "stdError": 0.06847874592540248,
        "ci95": [
          38.68824537133626,
          38.956682055363835
        ]
      },
      "rural_ring": {
        "mean": 43.27738180553174,
        "stdDev": 6.283328242383489,
        "count": 4554,
        "stdError": 0.0931093371303602,
        "ci95": [
          43.09488750475623,
          43.45987610630725
        ]
      }
    },
    "uncertainty_night": {
      "urban_core": {
        "mean": 21.826831773346534,
        "stdDev": 1.1731705593628932,
        "count": 404,
        "stdError": 0.05836741685127673,
        "ci95": [
          21.71243163631803,
          21.941231910375038
        ]
      },
      "rural_ring": {
        "mean": 22.375196154174898,
        "stdDev": 1.6027182974320593,
        "count": 4554,
        "stdError": 0.023749839658860638,
        "ci95": [
          22.32864646844353,
          22.421745839906265
        ]
      }
    }
  }
}