{
  "city": "Bukhara",
  "year": 2019,
  "stats": {
    "day_urban_mean": 39.00267765439994,
    "day_rural_mean": 43.6639424887198,
    "suhi_day": -4.661264834319859,
    "night_urban_mean": 21.81066236459126,
    "night_rural_mean": 22.028723485067566,
    "suhi_night": -0.21806112047630677,
    "suhi_day_night_diff": -4.443203713843552,
    "day_stronger_than_night": false,
    "uncertainty_day": {
      "urban_core": {
        "mean": 39.00267765439994,
        "stdDev": 1.3994184557832687,
        "count": 404,
        "stdError": 0.06962367040852928,
        "ci95": [
          38.86621526039922,
          39.139140048400655
        ]
      },
      "rural_ring": {
        "mean": 43.6639424887198,
        "stdDev": 6.442455709776375,
        "count": 4554,
        "stdError": 0.09546736339234078,
        "ci95": [
          43.47682645647081,
          43.851058520968785
        ]
      }
    },
    "uncertainty_night": {
      "urban_core": {
        "mean": 21.81066236459126,
        "stdDev": 1.1807500245714955,
        "count": 404,
        "stdError": 0.058744509339499824,
        "ci95": [
          21.69552312628584,
          21.92580160289668
        ]
      },
      "rural_ring": {
        "mean": 22.028723485067566,
        "stdDev": 1.4692882096109503,
        "count": 4554,
        "stdError": 0.021772609351765223,
        "ci95": [
          21.986049170738106,
          22.071397799397026
        ]
      }
    }
  }
}