{
  "city": "Bukhara",
  "year": 2023,
  "stats": {
    "urban_mean": 39.810926115247966,
    "rural_mean": 39.40284032535909,
    "suhi": 0.40808578988887945,
    "uncertainty": {
      "urban_core": {
        "mean": 39.810926115247966,
        "stdDev": 2.9015707488096214,
        "count": 6469,
        "stdError": 0.0360756852215706,
        "ci95": [
          39.74021777221369,
          39.88163445828224
        ]
      },
      "rural_ring": {
        "mean": 39.40284032535909,
        "stdDev": 2.938001871277599,
        "count": 172,
        "stdError": 0.2240205425021755,
        "ci95": [
          38.963760062054824,
          39.84192058866335
        ]
      }
    }
  }
}