{
  "city": "Bukhara",
  "year": 2018,
  "stats": {
    "urban_mean": 34.02799553806071,
    "rural_mean": 33.83641857258492,
    "suhi": 0.1915769654757895,
    "uncertainty": {
      "urban_core": {
        "mean": 34.02799553806071,
        "stdDev": 3.5617902101038412,
        "count": 1615,
        "stdError": 0.088630270045239,
        "ci95": [
          33.85428020877204,
          34.20171086734938
        ]
      },
      "rural_ring": {
        "mean": 33.83641857258492,
        "stdDev": 2.7625964993579815,
        "count": 94,
        "stdError": 0.2849400724277989,
        "ci95": [
          33.277936030626435,
          34.3949011145434
        ]
      }
    }
  }
}