{
  "city": "Bukhara",
  "year": 2016,
  "stats": {
    "urban_mean": 36.101970155327315,
    "rural_mean": 35.96264013383546,
    "suhi": 0.13933002149185825,
    "uncertainty": {
      "urban_core": {
        "mean": 36.101970155327315,
        "stdDev": 3.6713729456277284,
        "count": 6469,
        "stdError": 0.04564675694080294,
        "ci95": [
          36.01250251172334,
          36.19143779893129
        ]
      },
      "rural_ring": {
        "mean": 35.96264013383546,
        "stdDev": 3.3908381304450876,
        "count": 172,
        "stdError": 0.25854898356107897,
        "ci95": [
          35.45588412605574,
          36.46939614161517
        ]
      }
    }
  }
}