{
  "city": "Bukhara",
  "year": 2022,
  "stats": {
    "urban_mean": 35.47389887438258,
    "rural_mean": 35.288756395694236,
    "suhi": 0.18514247868834133,
    "uncertainty": {
      "urban_core": {
        "mean": 35.47389887438258,
        "stdDev": 2.9214759679875297,
        "count": 6469,
        "stdError": 0.03632316994053642,
        "ci95": [
          35.40270546129913,
          35.54509228746603
        ]
      },
      "rural_ring": {
        "mean": 35.288756395694236,
        "stdDev": 2.92445676632833,
        "count": 172,
        "stdError": 0.2229877379322912,
        "ci95": [
          34.85170042934695,
          35.72581236204152
        ]
      }
    }
  }
}