{
  "city": "Bukhara",
  "year": 2018,
  "stats": {
    "day_urban_mean": 39.4659601185978,
    "day_rural_mean": 44.282959218818895,
    "suhi_day": -4.816999100221096,
    "night_urban_mean": 21.344106156618846,
    "night_rural_mean": 21.483246637104152,
    "suhi_night": -0.13914048048530603,
    "suhi_day_night_diff": -4.67785861973579,
    "day_stronger_than_night": false,
    "uncertainty_day": {
      "urban_core": {
        "mean": 39.4659601185978,
        "stdDev": 1.4053114046276602,
        "count": 404,
        "stdError": 0.06991685557153801,
        "ci95": [
          39.32892308167759,
          39.60299715551801
        ]
      },
      "rural_ring": {
        "mean": 44.282959218818895,
        "stdDev": 6.226762695193963,
        "count": 4554,
        "stdError": 0.09227112203159987,
        "ci95": [
          44.10210781963696,
          44.46381061800083
        ]
      }
    },
    "uncertainty_night": {
      "urban_core": {
        "mean": 21.344106156618846,
        "stdDev": 1.3631737936740385,
        "count": 404,
        "stdError": 0.06782043107126534,
        "ci95": [
          21.211178111719168,
          21.477034201518524
        ]
      },
      "rural_ring": {
        "mean": 21.483246637104152,
        "stdDev": 1.4197307861437896,
        "count": 4554,
        "stdError": 0.021038243953218808,
        "ci95": [
          21.442011678955843,
          21.52448159525246
        ]
      }
    }
  }
}