{
  "city": "Bukhara",
  "year": 2017,
  "stats": {
    "day_urban_mean": 38.22721721605337,
    "day_rural_mean": 42.83770383037358,
    "suhi_day": -4.610486614320209,
    "night_urban_mean": 21.592913105827208,
    "night_rural_mean": 22.044787755373434,
    "suhi_night": -0.4518746495462267,
    "suhi_day_night_diff": -4.158611964773982,
    "day_stronger_than_night": false,
    "uncertainty_day": {
      "urban_core": {
        "mean": 38.22721721605337,
        "stdDev": 1.5996992772224246,
        "count": 404,
        "stdError": 0.07958801369941759,
        "ci95": [
          38.07122470920251,
          38.383209722904226
        ]
      },
      "rural_ring": {
        "mean": 42.83770383037358,
        "stdDev": 6.56347082139369,
        "count": 4554,
        "stdError": 0.097260622695498,
        "ci95": [
          42.6470730098904,
          43.028334650856756
        ]
      }
    },
    "uncertainty_night": {
      "urban_core": {
        "mean": 21.592913105827208,
        "stdDev": 1.1676470293768686,
        "count": 404,
        "stdError": 0.05809261096341,
        "ci95": [
          21.479051588338923,
          21.706774623315493
        ]
      },
      "rural_ring": {
        "mean": 22.044787755373434,
        "stdDev": 1.6542704678842746,
        "count": 4554,
        "stdError": 0.02451376416403917,
        "ci95": [
          21.99674077761192,
          22.09283473313495
        ]
      }
    }
  }
}