{
  "city": "Bukhara",
  "year": 2017,
  "stats": {
    "urban_mean": 38.16692292120449,
    "rural_mean": 37.63255639323326,
    "suhi": 0.5343665279712297,
    "uncertainty": {
      "urban_core": {
        "mean": 38.16692292120449,
        "stdDev": 2.983628285750366,
        "count": 6469,
        "stdError": 0.03709591947708416,
        "ci95": [
          38.094214919029405,
          38.23963092337957
        ]
      },
      "rural_ring": {
        "mean": 37.63255639323326,
        "stdDev": 3.0761359012620044,
        "count": 172,
        "stdError": 0.23455316354562702,
        "ci95": [
          37.17283219268383,
          38.09228059378269
        ]
      }
    }
  }
}