{
  "city": "Bukhara",
  "year": 2024,
  "stats": {
    "urban_mean": 34.15681495532216,
    "rural_mean": 33.75509845058114,
    "suhi": 0.4017165047410245,
    "uncertainty": {
      "urban_core": {
        "mean": 34.15681495532216,
        "stdDev": 2.771593318827858,
        "count": 6469,
        "stdError": 0.03445965540328872,
        "ci95": [
          34.089274030731715,
          34.22435587991261
        ]
      },
      "rural_ring": {
        "mean": 33.75509845058114,
        "stdDev": 2.575405975134562,
        "count": 172,
        "stdError": 0.19637286461703415,
        "ci95": [
          33.37020763593175,
          34.139989265230525
        ]
      }
    }
  }
}