{
  "city": "Bukhara",
  "year": 2024,
  "stats": {
    "day_urban_mean": 37.25079258957816,
    "day_rural_mean": 40.652741669695104,
    "suhi_day": -3.4019490801169425,
    "night_urban_mean": 22.73584936922274,
    "night_rural_mean": 23.235835093586147,
    "suhi_night": -0.4999857243634054,
    "suhi_day_night_diff": -2.901963355753537,
    "day_stronger_than_night": false,
    "uncertainty_day": {
      "urban_core": {
        "mean": 37.25079258957816,
        "stdDev": 1.5496547281545952,
        "count": 404,
        "stdError": 0.07709820432492864,
        "ci95": [
          37.0996801091013,
          37.40190507005502
        ]
      },
      "rural_ring": {
        "mean": 40.652741669695104,
        "stdDev": 5.763790476422287,
        "count": 4554,
        "stdError": 0.08541058017595893,
        "ci95": [
          40.485336932550226,
          40.82014640683998
        ]
      }
    },
    "uncertainty_night": {
      "urban_core": {
        "mean": 22.73584936922274,
        "stdDev": 1.090636106343792,
        "count": 404,
        "stdError": 0.05426117433989448,
        "ci95": [
          22.629497467516547,
          22.842201270928935
        ]
      },
      "rural_ring": {
        "mean": 23.235835093586147,
        "stdDev": 1.7097438188880572,
        "count": 4554,
        "stdError": 0.02533579458185524,
        "ci95": [
          23.18617693620571,
          23.28549325096658
        ]
      }
    }
  }
}