{
  "city": "Bukhara",
  "year": 2023,
  "stats": {
    "day_urban_mean": 38.92357779586461,
    "day_rural_mean": 43.254494855630334,
    "suhi_day": -4.330917059765724,
    "night_urban_mean": 22.177978218320675,
    "night_rural_mean": 22.453405331774874,
    "suhi_night": -0.27542711345419946,
    "suhi_day_night_diff": -4.055489946311525,
    "day_stronger_than_night": false,
    "uncertainty_day": {
      "urban_core": {
        "mean": 38.92357779586461,
        "stdDev": 1.928871180726074,
        "count": 404,
        "stdError": 0.09596492799733485,
        "ci95": [
          38.73548653698983,
          39.11166905473939
        ]
      },
      "rural_ring": {
        "mean": 43.254494855630334,
        "stdDev": 6.363011556440775,
        "count": 4554,
        "stdError": 0.09429012225983638,
        "ci95": [
          43.06968621600105,
          43.439303495259615
        ]
      }
    },
    "uncertainty_night": {
      "urban_core": {
        "mean": 22.177978218320675,
        "stdDev": 1.26541182198013,
        "count": 404,
        "stdError": 0.06295659119008058,
        "ci95": [
          22.054583299588117,
          22.301373137053233
        ]
      },
      "rural_ring": {
        "mean": 22.453405331774874,
        "stdDev": 1.500286298630636,
        "count": 4554,
        "stdError": 0.02223195373257637,
        "ci95": [
          22.409830702459026,
          22.496979961090723
        ]
      }
    }
  }
}