{
  "city": "Bukhara",
  "year": 2022,
  "stats": {
    "day_urban_mean": 38.40736827316247,
    "day_rural_mean": 43.03081627966991,
    "suhi_day": -4.623448006507438,
    "night_urban_mean": 21.61732418657834,
    "night_rural_mean": 21.99462444246668,
    "suhi_night": -0.3773002558883398,
    "suhi_day_night_diff": -4.246147750619098,
    "day_stronger_than_night": false,
    "uncertainty_day": {
      "urban_core": {
        "mean": 38.40736827316247,
        "stdDev": 1.9198203681409047,
        "count": 404,
        "stdError": 0.09551463324114164,
        "ci95": [
          38.22015959200983,
          38.59457695431511
        ]
      },
      "rural_ring": {
        "mean": 43.03081627966991,
        "stdDev": 6.494244889754601,
        "count": 4554,
        "stdError": 0.0962348000170536,
        "ci95": [
          42.84219607163648,
          43.219436487703334
        ]
      }
    },
    "uncertainty_night": {
      "urban_core": {
        "mean": 21.61732418657834,
        "stdDev": 1.3070120518761987,
        "count": 404,
        "stdError": 0.06502627998347427,
        "ci95": [
          21.48987267781073,
          21.74477569534595
        ]
      },
      "rural_ring": {
        "mean": 21.99462444246668,
        "stdDev": 1.5682201037638088,
        "count": 4554,
        "stdError": 0.02323862906779543,
        "ci95": [
          21.9490767294938,
          22.04017215543956
        ]
      }
    }
  }
}