{
  "city": "Bukhara",
  "year": 2019,
  "stats": {
    "urban_mean": 33.99769479171587,
    "rural_mean": 33.506042316255254,
    "suhi": 0.49165247546061863,
    "uncertainty": {
      "urban_core": {
        "mean": 33.99769479171587,
        "stdDev": 4.109199789754632,
        "count": 6469,
        "stdError": 0.05109032691639486,
        "ci95": [
          33.89755775095974,
          34.097831832472004
        ]
      },
      "rural_ring": {
        "mean": 33.506042316255254,
        "stdDev": 3.622397957828921,
        "count": 172,
        "stdError": 0.2762052548723286,
        "ci95": [
          32.964680016705486,
          34.04740461580502
        ]
      }
    }
  }
}