{
  "city": "Bukhara",
  "year": 2020,
  "stats": {
    "urban_mean": 35.23946226449608,
    "rural_mean": 34.54970539210113,
    "suhi": 0.6897568723949519,
    "uncertainty": {
      "urban_core": {
        "mean": 35.23946226449608,
        "stdDev": 3.1293296437530187,
        "count": 6469,
        "stdError": 0.03890744736411413,
        "ci95": [
          35.16320366766242,
          35.315720861329744
        ]
      },
      "rural_ring": {
        "mean": 34.54970539210113,
        "stdDev": 2.8307286933710425,
        "count": 172,
        "stdError": 0.21584103936928303,
        "ci95": [
          34.12665695493734,
          34.972753829264924
        ]
      }
    }
  }
}