{
  "city": "Qarshi",
  "aridity_index": 0.08972507622336225,
  "climatic_water_deficit": 2693.0555964541486,
  "drought_frequency": 0.24583333333333332,
  "surface_water_change": -30.090909090909093,
  "cropland_fraction": 0.3785282614302824,
  "population_density": 3893.572181243414,
  "aqueduct_bws_score": null,
  "water_supply_risk": 0.6381769290445098,
  "water_demand_risk": 0.8299395660023954,
  "overall_water_scarcity_score": 0.7148819838276641,
  "water_scarcity_level": "Critical"
}