{
  "city": "Qarshi",
  "aridity_index": 0.28323639566986963,
  "climatic_water_deficit": 813.3239899879493,
  "drought_frequency": 0.24583333333333332,
  "surface_water_change": -30.090909090909093,
  "cropland_fraction": 0.3785282614302824,
  "population_density": 3893.572181243414,
  "aqueduct_bws_score": 3.0,
  "water_supply_risk": 0.4901686496034805,
  "water_demand_risk": 0.8299395660023954,
  "overall_water_scarcity_score": 0.6260770161630465,
  "water_scarcity_level": "High"
}