{
  "city": "Qarshi",
  "year": 2016,
  "generated": {
    "summer_veg_tif": "suhi_analysis_output\\vegetation\\Qarshi\\Qarshi_ndvi_evi_summer_2016.tif",
    "winter_veg_tif": "suhi_analysis_output\\vegetation\\Qarshi\\Qarshi_ndvi_evi_winter_2016.tif",
    "ndvi_change_tif": "suhi_analysis_output\\vegetation\\Qarshi\\Qarshi_ndvi_change_2016.tif",
    "evi_change_tif": "suhi_analysis_output\\vegetation\\Qarshi\\Qarshi_evi_change_2016.tif",
    "summer_lst_tif": "suhi_analysis_output\\temperature\\Qarshi\\Qarshi_lst_summer_2016.tif",
    "winter_lst_tif": "suhi_analysis_output\\temperature\\Qarshi\\Qarshi_lst_winter_2016.tif",
    "lst_change_tif": "suhi_analysis_output\\temperature\\Qarshi\\Qarshi_lst_change_2016.tif"
  },
  "stats": {
    "summer_ndvi_mean": 0.2997938481798245,
    "winter_ndvi_mean": 0.20216861566593594,
    "ndvi_change_mean": 0.10019535388624697,
    "summer_evi_mean": 0.2380249123112514,
    "winter_evi_mean": 0.12371368896166297,
    "evi_change_mean": 0.11624466801664791,
    "summer_lst_mean": 32.646159745455165,
    "winter_lst_mean": 6.96379988854853,
    "lst_change_mean": 25.682359856906636,
    "summer_biomass_t_per_ha": 5.1883432342273945,
    "winter_biomass_t_per_ha": 3.3109349166526143,
    "biomass_change_t_per_ha": 1.8774083175747802
  },
  "uncertainty": {
    "summer_ndvi": {
      "city": {
        "mean": 0.2997938481798245,
        "stdDev": 0.14034537544516384,
        "count": 363654,
        "stdError": 0.00023273083205233442,
        "ci95": [
          0.29933769574900193,
          0.3002500006106471
        ]
      }
    },
    "winter_ndvi": {
      "city": {
        "mean": 0.20216861566593594,
        "stdDev": 0.10276026602365504,
        "count": 350942,
        "stdError": 0.00017346327693941194,
        "ci95": [
          0.2018286276431347,
          0.2025086036887372
        ]
      }
    },
    "ndvi_change": {
      "city": {
        "mean": 0.10019535388624697,
        "stdDev": 0.14737497246552236,
        "count": 350942,
        "stdError": 0.00024877461544173447,
        "ci95": [
          0.09970775563998116,
          0.10068295213251277
        ]
      }
    },
    "summer_evi": {
      "city": {
        "mean": 0.2380249123112514,
        "stdDev": 0.10911736063508665,
        "count": 363654,
        "stdError": 0.0001809462837760604,
        "ci95": [
          0.2376702575950503,
          0.23837956702745247
        ]
      }
    },
    "winter_evi": {
      "city": {
        "mean": 0.12371368896166297,
        "stdDev": 0.06348196991618982,
        "count": 350933,
        "stdError": 0.00010716137819793402,
        "ci95": [
          0.12350365266039502,
          0.12392372526293093
        ]
      }
    },
    "evi_change": {
      "city": {
        "mean": 0.11624466801664791,
        "stdDev": 0.11626579813171802,
        "count": 350933,
        "stdError": 0.0001962636506322437,
        "ci95": [
          0.11585999126140872,
          0.1166293447718871
        ]
      }
    },
    "summer_lst": {
      "city": {
        "mean": 32.646159745455165,
        "stdDev": 1.5600142829526857,
        "count": 363654,
        "stdError": 0.0025869282898242814,
        "ci95": [
          32.64108936600711,
          32.65123012490322
        ]
      }
    },
    "winter_lst": {
      "city": {
        "mean": 6.96379988854853,
        "stdDev": 0.7286708277947561,
        "count": 363654,
        "stdError": 0.0012083345639785424,
        "ci95": [
          6.961431552803131,
          6.966168224293928
        ]
      }
    },
    "lst_change": {
      "city": {
        "mean": 25.682359856969555,
        "stdDev": 1.3760031639236172,
        "count": 363654,
        "stdError": 0.0022817877698557486,
        "ci95": [
          25.67788755294064,
          25.68683216099847
        ]
      }
    }
  }
}