{
  "city": "Qarshi",
  "year": 2021,
  "generated": {
    "summer_veg_tif": "suhi_analysis_output\\vegetation\\Qarshi\\Qarshi_ndvi_evi_summer_2021.tif",
    "winter_veg_tif": "suhi_analysis_output\\vegetation\\Qarshi\\Qarshi_ndvi_evi_winter_2021.tif",
    "ndvi_change_tif": "suhi_analysis_output\\vegetation\\Qarshi\\Qarshi_ndvi_change_2021.tif",
    "evi_change_tif": "suhi_analysis_output\\vegetation\\Qarshi\\Qarshi_evi_change_2021.tif",
    "summer_lst_tif": "suhi_analysis_output\\temperature\\Qarshi\\Qarshi_lst_summer_2021.tif",
    "winter_lst_tif": "suhi_analysis_output\\temperature\\Qarshi\\Qarshi_lst_winter_2021.tif",
    "lst_change_tif": "suhi_analysis_output\\temperature\\Qarshi\\Qarshi_lst_change_2021.tif"
  },
  "stats": {
    "summer_ndvi_mean": 0.29345894836011965,
    "winter_ndvi_mean": 0.15675949376213438,
    "ndvi_change_mean": 0.13680972467756805,
    "summer_evi_mean": 0.23087488199924283,
    "winter_evi_mean": 0.09438722547165582,
    "evi_change_mean": 0.13657321813146375,
    "summer_lst_mean": 32.76447765952776,
    "winter_lst_mean": 7.904827621831782,
    "lst_change_mean": 24.85965003769598,
    "summer_biomass_t_per_ha": 5.066518237694608,
    "winter_biomass_t_per_ha": 2.437682572348738,
    "biomass_change_t_per_ha": 2.6288356653458704
  },
  "uncertainty": {
    "summer_ndvi": {
      "city": {
        "mean": 0.29345894836011965,
        "stdDev": 0.14575085886384345,
        "count": 363654,
        "stdError": 0.00024169459483884632,
        "ci95": [
          0.2929852269542355,
          0.2939326697660038
        ]
      }
    },
    "winter_ndvi": {
      "city": {
        "mean": 0.15675949376213438,
        "stdDev": 0.06245938038202659,
        "count": 363355,
        "stdError": 0.00010361725936716763,
        "ci95": [
          0.15655640393377473,
          0.15696258359049403
        ]
      }
    },
    "ndvi_change": {
      "city": {
        "mean": 0.13680972467756805,
        "stdDev": 0.1274480601894492,
        "count": 363355,
        "stdError": 0.00021143051096121147,
        "ci95": [
          0.13639532087608408,
          0.13722412847905202
        ]
      }
    },
    "summer_evi": {
      "city": {
        "mean": 0.23087488199924283,
        "stdDev": 0.1130375837950537,
        "count": 363654,
        "stdError": 0.00018744708079168024,
        "ci95": [
          0.23050748572089114,
          0.23124227827759453
        ]
      }
    },
    "winter_evi": {
      "city": {
        "mean": 0.09438722547165582,
        "stdDev": 0.037097779148457646,
        "count": 363355,
        "stdError": 6.154352125269859e-05,
        "ci95": [
          0.09426660017000053,
          0.0945078507733111
        ]
      }
    },
    "evi_change": {
      "city": {
        "mean": 0.13657321813146375,
        "stdDev": 0.10427108016656801,
        "count": 363355,
        "stdError": 0.00017298095965779167,
        "ci95": [
          0.13623417545053448,
          0.13691226081239302
        ]
      }
    },
    "summer_lst": {
      "city": {
        "mean": 32.76447765952776,
        "stdDev": 1.6191011886902371,
        "count": 363654,
        "stdError": 0.002684910461962694,
        "ci95": [
          32.75921523502232,
          32.76974008403321
        ]
      }
    },
    "winter_lst": {
      "city": {
        "mean": 7.904827621831782,
        "stdDev": 0.599081021028414,
        "count": 363654,
        "stdError": 0.0009934393922739638,
        "ci95": [
          7.902880480622925,
          7.906774763040638
        ]
      }
    },
    "lst_change": {
      "city": {
        "mean": 24.85965003772331,
        "stdDev": 1.4608922163886482,
        "count": 363654,
        "stdError": 0.0024225569241627973,
        "ci95": [
          24.85490182615195,
          24.86439824929467
        ]
      }
    }
  }
}