{
  "city": "Nukus",
  "year": 2020,
  "generated": {
    "summer_veg_tif": "D:\\dev\\Uzbekistan_URBAN_research\\suhi_analysis_output\\vegetation\\Nukus\\Nukus_ndvi_evi_summer_2020.tif",
    "winter_veg_tif": "D:\\dev\\Uzbekistan_URBAN_research\\suhi_analysis_output\\vegetation\\Nukus\\Nukus_ndvi_evi_winter_2020.tif",
    "ndvi_change_tif": "D:\\dev\\Uzbekistan_URBAN_research\\suhi_analysis_output\\vegetation\\Nukus\\Nukus_ndvi_change_2020.tif",
    "evi_change_tif": "D:\\dev\\Uzbekistan_URBAN_research\\suhi_analysis_output\\vegetation\\Nukus\\Nukus_evi_change_2020.tif",
    "summer_lst_tif": "D:\\dev\\Uzbekistan_URBAN_research\\suhi_analysis_output\\temperature\\Nukus\\Nukus_lst_summer_2020.tif",
    "winter_lst_tif": "D:\\dev\\Uzbekistan_URBAN_research\\suhi_analysis_output\\temperature\\Nukus\\Nukus_lst_winter_2020.tif",
    "lst_change_tif": "D:\\dev\\Uzbekistan_URBAN_research\\suhi_analysis_output\\temperature\\Nukus\\Nukus_lst_change_2020.tif"
  },
  "stats": {
    "summer_ndvi_mean": 0.250278386442821,
    "winter_ndvi_mean": 0.12221819652213475,
    "ndvi_change_mean": 0.12810128884928867,
    "summer_evi_mean": 0.1820242383660966,
    "winter_evi_mean": 0.08465231345998617,
    "evi_change_mean": 0.09739786372216232,
    "summer_lst_mean": 32.18177769025198,
    "winter_lst_mean": 0.8299483196107258,
    "lst_change_mean": 31.35182937064125,
    "summer_biomass_t_per_ha": 4.236122816208097,
    "winter_biomass_t_per_ha": 1.7734268561948991,
    "biomass_change_t_per_ha": 2.4626959600131975
  },
  "uncertainty": {
    "summer_ndvi": {
      "city": {
        "mean": 0.250278386442821,
        "stdDev": 0.18049592656470842,
        "count": 600532,
        "stdError": 0.00023291600266564703,
        "ci95": [
          0.24982187107759635,
          0.2507349018080457
        ]
      }
    },
    "winter_ndvi": {
      "city": {
        "mean": 0.12221819652213475,
        "stdDev": 0.08815835011703563,
        "count": 600397,
        "stdError": 0.0001137743065020122,
        "ci95": [
          0.1219951988813908,
          0.1224411941628787
        ]
      }
    },
    "ndvi_change": {
      "city": {
        "mean": 0.12810128884928867,
        "stdDev": 0.14604670986474394,
        "count": 600397,
        "stdError": 0.0001884831454956063,
        "ci95": [
          0.12773186188411728,
          0.12847071581446007
        ]
      }
    },
    "summer_evi": {
      "city": {
        "mean": 0.1820242383660966,
        "stdDev": 0.1203634590650849,
        "count": 600532,
        "stdError": 0.00015531971433382637,
        "ci95": [
          0.1817198117260023,
          0.1823286650061909
        ]
      }
    },
    "winter_evi": {
      "city": {
        "mean": 0.08465231345998617,
        "stdDev": 0.04064586931410517,
        "count": 600397,
        "stdError": 5.245624024547289e-05,
        "ci95": [
          0.08454949922910504,
          0.0847551276908673
        ]
      }
    },
    "evi_change": {
      "city": {
        "mean": 0.09739786372216232,
        "stdDev": 0.10217600547954234,
        "count": 600397,
        "stdError": 0.00013186503773207893,
        "ci95": [
          0.09713940824820744,
          0.0976563191961172
        ]
      }
    },
    "summer_lst": {
      "city": {
        "mean": 32.18177769025198,
        "stdDev": 2.74484351951572,
        "count": 600532,
        "stdError": 0.00354200780414349,
        "ci95": [
          32.17483535495585,
          32.1887200255481
        ]
      }
    },
    "winter_lst": {
      "city": {
        "mean": 0.8299483196107258,
        "stdDev": 0.8632264857156494,
        "count": 600532,
        "stdError": 0.0011139268695680115,
        "ci95": [
          0.8277650229463724,
          0.8321316162750791
        ]
      }
    },
    "lst_change": {
      "city": {
        "mean": 31.351829370630302,
        "stdDev": 3.00640082602524,
        "count": 600532,
        "stdError": 0.003879527234413571,
        "ci95": [
          31.34422549725085,
          31.359433244009754
        ]
      }
    }
  }
}