{
  "city": "Nukus",
  "year": 2022,
  "generated": {
    "summer_veg_tif": "D:\\dev\\Uzbekistan_URBAN_research\\suhi_analysis_output\\vegetation\\Nukus\\Nukus_ndvi_evi_summer_2022.tif",
    "winter_veg_tif": "D:\\dev\\Uzbekistan_URBAN_research\\suhi_analysis_output\\vegetation\\Nukus\\Nukus_ndvi_evi_winter_2022.tif",
    "ndvi_change_tif": "D:\\dev\\Uzbekistan_URBAN_research\\suhi_analysis_output\\vegetation\\Nukus\\Nukus_ndvi_change_2022.tif",
    "evi_change_tif": "D:\\dev\\Uzbekistan_URBAN_research\\suhi_analysis_output\\vegetation\\Nukus\\Nukus_evi_change_2022.tif",
    "summer_lst_tif": "D:\\dev\\Uzbekistan_URBAN_research\\suhi_analysis_output\\temperature\\Nukus\\Nukus_lst_summer_2022.tif",
    "winter_lst_tif": "D:\\dev\\Uzbekistan_URBAN_research\\suhi_analysis_output\\temperature\\Nukus\\Nukus_lst_winter_2022.tif",
    "lst_change_tif": "D:\\dev\\Uzbekistan_URBAN_research\\suhi_analysis_output\\temperature\\Nukus\\Nukus_lst_change_2022.tif"
  },
  "stats": {
    "summer_ndvi_mean": 0.2578935133514862,
    "winter_ndvi_mean": 0.11718067595914784,
    "ndvi_change_mean": 0.14071283739233797,
    "summer_evi_mean": 0.19001705315360792,
    "winter_evi_mean": 0.08024220740456693,
    "evi_change_mean": 0.10977484574904084,
    "summer_lst_mean": 49.05521201776646,
    "winter_lst_mean": 7.073808492351474,
    "lst_change_mean": 41.981403525415054,
    "summer_biomass_t_per_ha": 4.382567564451658,
    "winter_biomass_t_per_ha": 1.6765514607528431,
    "biomass_change_t_per_ha": 2.706016103698815
  },
  "uncertainty": {
    "summer_ndvi": {
      "city": {
        "mean": 0.2578935133514862,
        "stdDev": 0.1452973286193643,
        "count": 2160,
        "stdError": 0.0031263007443956907,
        "ci95": [
          0.25176596389247063,
          0.26402106281050175
        ]
      }
    },
    "winter_ndvi": {
      "city": {
        "mean": 0.11718067595914784,
        "stdDev": 0.05337001836001845,
        "count": 2160,
        "stdError": 0.0011483399571951974,
        "ci95": [
          0.11492992964304526,
          0.11943142227525043
        ]
      }
    },
    "ndvi_change": {
      "city": {
        "mean": 0.14071283739233797,
        "stdDev": 0.1169221172082427,
        "count": 2160,
        "stdError": 0.002515763404171309,
        "ci95": [
          0.1357819411201622,
          0.14564373366451375
        ]
      }
    },
    "summer_evi": {
      "city": {
        "mean": 0.19001705315360792,
        "stdDev": 0.09898199779558818,
        "count": 2160,
        "stdError": 0.0021297534946480685,
        "ci95": [
          0.1858427363040977,
          0.19419137000311815
        ]
      }
    },
    "winter_evi": {
      "city": {
        "mean": 0.08024220740456693,
        "stdDev": 0.026868818369628757,
        "count": 2160,
        "stdError": 0.0005781249226546895,
        "ci95": [
          0.07910908255616374,
          0.08137533225297013
        ]
      }
    },
    "evi_change": {
      "city": {
        "mean": 0.10977484574904084,
        "stdDev": 0.08553732853812544,
        "count": 2160,
        "stdError": 0.001840470271706846,
        "ci95": [
          0.10616752401649542,
          0.11338216748158626
        ]
      }
    },
    "summer_lst": {
      "city": {
        "mean": 49.05521201776646,
        "stdDev": 7.2026818206362,
        "count": 2160,
        "stdError": 0.15497703744086067,
        "ci95": [
          48.75145702438237,
          49.35896701115055
        ]
      }
    },
    "winter_lst": {
      "city": {
        "mean": 7.073808492351474,
        "stdDev": 1.8255140488841561,
        "count": 2160,
        "stdError": 0.0392788083866445,
        "ci95": [
          6.996822027913651,
          7.150794956789297
        ]
      }
    },
    "lst_change": {
      "city": {
        "mean": 41.981403525415054,
        "stdDev": 5.856353467279777,
        "count": 2160,
        "stdError": 0.126008663601548,
        "ci95": [
          41.73442654475602,
          42.22838050607409
        ]
      }
    }
  }
}