{
  "city": "Nukus",
  "year": 2017,
  "generated": {
    "summer_veg_tif": "suhi_analysis_output\\vegetation\\Nukus\\Nukus_ndvi_evi_summer_2017.tif",
    "winter_veg_tif": "suhi_analysis_output\\vegetation\\Nukus\\Nukus_ndvi_evi_winter_2017.tif",
    "ndvi_change_tif": "suhi_analysis_output\\vegetation\\Nukus\\Nukus_ndvi_change_2017.tif",
    "evi_change_tif": "suhi_analysis_output\\vegetation\\Nukus\\Nukus_evi_change_2017.tif",
    "summer_lst_tif": "suhi_analysis_output\\temperature\\Nukus\\Nukus_lst_summer_2017.tif",
    "winter_lst_tif": "suhi_analysis_output\\temperature\\Nukus\\Nukus_lst_winter_2017.tif",
    "lst_change_tif": "suhi_analysis_output\\temperature\\Nukus\\Nukus_lst_change_2017.tif"
  },
  "stats": {
    "summer_ndvi_mean": 0.25320649848799376,
    "winter_ndvi_mean": 0.10869021062661707,
    "ndvi_change_mean": 0.1445180404284359,
    "summer_evi_mean": 0.18374907234096488,
    "winter_evi_mean": 0.0720624312506463,
    "evi_change_mean": 0.11168780571490068,
    "summer_lst_mean": 46.316179111205244,
    "winter_lst_mean": 9.727678313576666,
    "lst_change_mean": 36.59193122339352,
    "summer_biomass_t_per_ha": 4.292432663230649,
    "winter_biomass_t_per_ha": 1.5132732812810976,
    "biomass_change_t_per_ha": 2.779159381949551
  },
  "uncertainty": {
    "summer_ndvi": {
      "city": {
        "mean": 0.25320649848799376,
        "stdDev": 0.18408233170614252,
        "count": 600532,
        "stdError": 0.00023754398051191098,
        "ci95": [
          0.2527409122861904,
          0.25367208468979713
        ]
      }
    },
    "winter_ndvi": {
      "city": {
        "mean": 0.10869021062661707,
        "stdDev": 0.06772937141627648,
        "count": 600527,
        "stdError": 8.739986783074769e-05,
        "ci95": [
          0.10851890688566881,
          0.10886151436756533
        ]
      }
    },
    "ndvi_change": {
      "city": {
        "mean": 0.1445180404284359,
        "stdDev": 0.15586208297348542,
        "count": 600527,
        "stdError": 0.00020112877422089862,
        "ci95": [
          0.14412382803096296,
          0.14491225282590886
        ]
      }
    },
    "summer_evi": {
      "city": {
        "mean": 0.18374907234096488,
        "stdDev": 0.12278351500769323,
        "count": 600532,
        "stdError": 0.00015844260894484408,
        "ci95": [
          0.18343852482743297,
          0.1840596198544968
        ]
      }
    },
    "winter_evi": {
      "city": {
        "mean": 0.0720624312506463,
        "stdDev": 0.03568604749510355,
        "count": 600527,
        "stdError": 4.605026990881387e-05,
        "ci95": [
          0.07197217272162502,
          0.07215268977966759
        ]
      }
    },
    "evi_change": {
      "city": {
        "mean": 0.11168780571490068,
        "stdDev": 0.11286957354743091,
        "count": 600527,
        "stdError": 0.00014565004227674918,
        "ci95": [
          0.11140233163203825,
          0.11197327979776311
        ]
      }
    },
    "summer_lst": {
      "city": {
        "mean": 46.316179111205244,
        "stdDev": 7.319201487423881,
        "count": 600532,
        "stdError": 0.009444862194959654,
        "ci95": [
          46.297667181303126,
          46.33469104110736
        ]
      }
    },
    "winter_lst": {
      "city": {
        "mean": 9.727678313576666,
        "stdDev": 3.187011563979234,
        "count": 600302,
        "stdError": 0.0041133791669602715,
        "ci95": [
          9.719616090409424,
          9.735740536743908
        ]
      }
    },
    "lst_change": {
      "city": {
        "mean": 36.59193122339352,
        "stdDev": 6.88111572706855,
        "count": 600302,
        "stdError": 0.008881247372013264,
        "ci95": [
          36.57452397854438,
          36.60933846824267
        ]
      }
    }
  }
}