{
  "city": "Nukus",
  "year": 2018,
  "generated": {
    "summer_veg_tif": "D:\\dev\\Uzbekistan_URBAN_research\\suhi_analysis_output\\vegetation\\Nukus\\Nukus_ndvi_evi_summer_2018.tif",
    "winter_veg_tif": "D:\\dev\\Uzbekistan_URBAN_research\\suhi_analysis_output\\vegetation\\Nukus\\Nukus_ndvi_evi_winter_2018.tif",
    "ndvi_change_tif": "D:\\dev\\Uzbekistan_URBAN_research\\suhi_analysis_output\\vegetation\\Nukus\\Nukus_ndvi_change_2018.tif",
    "evi_change_tif": "D:\\dev\\Uzbekistan_URBAN_research\\suhi_analysis_output\\vegetation\\Nukus\\Nukus_evi_change_2018.tif",
    "summer_lst_tif": "D:\\dev\\Uzbekistan_URBAN_research\\suhi_analysis_output\\temperature\\Nukus\\Nukus_lst_summer_2018.tif",
    "winter_lst_tif": "D:\\dev\\Uzbekistan_URBAN_research\\suhi_analysis_output\\temperature\\Nukus\\Nukus_lst_winter_2018.tif",
    "lst_change_tif": "D:\\dev\\Uzbekistan_URBAN_research\\suhi_analysis_output\\temperature\\Nukus\\Nukus_lst_change_2018.tif"
  },
  "stats": {
    "summer_ndvi_mean": 0.24211397285665198,
    "winter_ndvi_mean": 0.10702045184764776,
    "ndvi_change_mean": 0.13535464574907244,
    "summer_evi_mean": 0.17957419439476663,
    "winter_evi_mean": 0.07215230887529529,
    "evi_change_mean": 0.10757452771341734,
    "summer_lst_mean": 48.16608732691,
    "winter_lst_mean": -2.020063406988234,
    "lst_change_mean": 48.9937749346373,
    "summer_biomass_t_per_ha": 4.0791148626279226,
    "winter_biomass_t_per_ha": 1.4811625355316878,
    "biomass_change_t_per_ha": 2.597952327096235
  },
  "uncertainty": {
    "summer_ndvi": {
      "city": {
        "mean": 0.24211397285665198,
        "stdDev": 0.1280547356505873,
        "count": 2160,
        "stdError": 0.0027552992143206547,
        "ci95": [
          0.2367135863965835,
          0.24751435931672047
        ]
      }
    },
    "winter_ndvi": {
      "city": {
        "mean": 0.10702045184764776,
        "stdDev": 0.05400605430124683,
        "count": 2150,
        "stdError": 0.0011647245210157859,
        "ci95": [
          0.10473759178645682,
          0.1093033119088387
        ]
      }
    },
    "ndvi_change": {
      "city": {
        "mean": 0.13535464574907244,
        "stdDev": 0.12486817869973824,
        "count": 2150,
        "stdError": 0.0026929763988110585,
        "ci95": [
          0.13007641200740278,
          0.1406328794907421
        ]
      }
    },
    "summer_evi": {
      "city": {
        "mean": 0.17957419439476663,
        "stdDev": 0.08885238069997209,
        "count": 2160,
        "stdError": 0.00191179883734374,
        "ci95": [
          0.1758270686735729,
          0.18332132011596036
        ]
      }
    },
    "winter_evi": {
      "city": {
        "mean": 0.07215230887529529,
        "stdDev": 0.035976349469885566,
        "count": 2150,
        "stdError": 0.0007758859066147624,
        "ci95": [
          0.07063157249833035,
          0.07367304525226023
        ]
      }
    },
    "evi_change": {
      "city": {
        "mean": 0.10757452771341734,
        "stdDev": 0.09113030569300415,
        "count": 2150,
        "stdError": 0.001965366717150746,
        "ci95": [
          0.10372240894780188,
          0.1114266464790328
        ]
      }
    },
    "summer_lst": {
      "city": {
        "mean": 48.16608732691,
        "stdDev": 6.202560740785252,
        "count": 2160,
        "stdError": 0.13345785807167346,
        "ci95": [
          47.90450992508952,
          48.427664728730484
        ]
      }
    },
    "winter_lst": {
      "city": {
        "mean": -2.020063406988234,
        "stdDev": 5.346487333346514,
        "count": 911,
        "stdError": 0.17713702797599892,
        "ci95": [
          -2.367251981821192,
          -1.6728748321552762
        ]
      }
    },
    "lst_change": {
      "city": {
        "mean": 48.9937749346373,
        "stdDev": 4.838174175492481,
        "count": 911,
        "stdError": 0.1602958617205841,
        "ci95": [
          48.67959504566495,
          49.30795482360965
        ]
      }
    }
  }
}