{
  "city": "Nukus",
  "year": 2022,
  "generated": {
    "summer_veg_tif": "D:\\dev\\Uzbekistan_URBAN_research\\suhi_analysis_output\\vegetation\\Nukus\\Nukus_ndvi_evi_summer_2022.tif",
    "winter_veg_tif": "D:\\dev\\Uzbekistan_URBAN_research\\suhi_analysis_output\\vegetation\\Nukus\\Nukus_ndvi_evi_winter_2022.tif",
    "ndvi_change_tif": "D:\\dev\\Uzbekistan_URBAN_research\\suhi_analysis_output\\vegetation\\Nukus\\Nukus_ndvi_change_2022.tif",
    "evi_change_tif": "D:\\dev\\Uzbekistan_URBAN_research\\suhi_analysis_output\\vegetation\\Nukus\\Nukus_evi_change_2022.tif",
    "summer_lst_tif": "D:\\dev\\Uzbekistan_URBAN_research\\suhi_analysis_output\\temperature\\Nukus\\Nukus_lst_summer_2022.tif",
    "winter_lst_tif": "D:\\dev\\Uzbekistan_URBAN_research\\suhi_analysis_output\\temperature\\Nukus\\Nukus_lst_winter_2022.tif",
    "lst_change_tif": "D:\\dev\\Uzbekistan_URBAN_research\\suhi_analysis_output\\temperature\\Nukus\\Nukus_lst_change_2022.tif"
  },
  "stats": {
    "summer_ndvi_mean": 0.26007212965939724,
    "winter_ndvi_mean": 0.11701608548819173,
    "ndvi_change_mean": 0.1430675309806832,
    "summer_evi_mean": 0.19214278562100448,
    "winter_evi_mean": 0.07969538221406314,
    "evi_change_mean": 0.1124546684649955,
    "summer_lst_mean": 31.500020905961126,
    "winter_lst_mean": 0.9271157432766921,
    "lst_change_mean": 30.572905162684435,
    "summer_biomass_t_per_ha": 4.424464031911485,
    "winter_biomass_t_per_ha": 1.6733862593883027,
    "biomass_change_t_per_ha": 2.7510777725231828
  },
  "uncertainty": {
    "summer_ndvi": {
      "city": {
        "mean": 0.26007212965939724,
        "stdDev": 0.1774969000365393,
        "count": 600532,
        "stdError": 0.00022904599139102162,
        "ci95": [
          0.25962319951627083,
          0.26052105980252366
        ]
      }
    },
    "winter_ndvi": {
      "city": {
        "mean": 0.11701608548819173,
        "stdDev": 0.08347953337793979,
        "count": 600499,
        "stdError": 0.00010772682707843051,
        "ci95": [
          0.116804940907118,
          0.11722723006926546
        ]
      }
    },
    "ndvi_change": {
      "city": {
        "mean": 0.1430675309806832,
        "stdDev": 0.14349841876852246,
        "count": 600499,
        "stdError": 0.0001851786745706692,
        "ci95": [
          0.1427045807785247,
          0.1434304811828417
        ]
      }
    },
    "summer_evi": {
      "city": {
        "mean": 0.19214278562100448,
        "stdDev": 0.12454936310442169,
        "count": 600532,
        "stdError": 0.0001607212990395886,
        "ci95": [
          0.1918277718748869,
          0.19245779936712207
        ]
      }
    },
    "winter_evi": {
      "city": {
        "mean": 0.07969538221406314,
        "stdDev": 0.040542215358862266,
        "count": 600499,
        "stdError": 5.231802391093374e-05,
        "ci95": [
          0.0795928388871977,
          0.07979792554092857
        ]
      }
    },
    "evi_change": {
      "city": {
        "mean": 0.1124546684649955,
        "stdDev": 0.10814294092013738,
        "count": 600499,
        "stdError": 0.00013955391728788887,
        "ci95": [
          0.11218114278711123,
          0.11272819414287975
        ]
      }
    },
    "summer_lst": {
      "city": {
        "mean": 31.500020905961126,
        "stdDev": 2.617645418325521,
        "count": 600532,
        "stdError": 0.0033778685139126906,
        "ci95": [
          31.493400283673857,
          31.506641528248394
        ]
      }
    },
    "winter_lst": {
      "city": {
        "mean": 0.9271157432766921,
        "stdDev": 0.6703829004762548,
        "count": 600532,
        "stdError": 0.0008650771704720649,
        "ci95": [
          0.9254201920225669,
          0.9288112945308173
        ]
      }
    },
    "lst_change": {
      "city": {
        "mean": 30.57290516269707,
        "stdDev": 2.6882626654302935,
        "count": 600532,
        "stdError": 0.003468994597630703,
        "ci95": [
          30.566105933285712,
          30.579704392108425
        ]
      }
    }
  }
}