{
  "city": "Nukus",
  "year": 2016,
  "generated": {
    "summer_veg_tif": "suhi_analysis_output\\vegetation\\Nukus\\Nukus_ndvi_evi_summer_2016.tif",
    "winter_veg_tif": "suhi_analysis_output\\vegetation\\Nukus\\Nukus_ndvi_evi_winter_2016.tif",
    "ndvi_change_tif": "suhi_analysis_output\\vegetation\\Nukus\\Nukus_ndvi_change_2016.tif",
    "evi_change_tif": "suhi_analysis_output\\vegetation\\Nukus\\Nukus_evi_change_2016.tif",
    "summer_lst_tif": "suhi_analysis_output\\temperature\\Nukus\\Nukus_lst_summer_2016.tif",
    "winter_lst_tif": "suhi_analysis_output\\temperature\\Nukus\\Nukus_lst_winter_2016.tif",
    "lst_change_tif": "suhi_analysis_output\\temperature\\Nukus\\Nukus_lst_change_2016.tif"
  },
  "stats": {
    "summer_ndvi_mean": 0.2593756822220295,
    "winter_ndvi_mean": 0.1087418291902447,
    "ndvi_change_mean": 0.15063641115367607,
    "summer_evi_mean": 0.18593180188868108,
    "winter_evi_mean": 0.07543511752120338,
    "evi_change_mean": 0.1104983530485689,
    "summer_lst_mean": 47.69224133912331,
    "winter_lst_mean": 12.947856043293848,
    "lst_change_mean": 34.74446896706311,
    "summer_biomass_t_per_ha": 4.411070811962105,
    "winter_biomass_t_per_ha": 1.5142659459662442,
    "biomass_change_t_per_ha": 2.896804865995861
  },
  "uncertainty": {
    "summer_ndvi": {
      "city": {
        "mean": 0.2593756822220295,
        "stdDev": 0.1811196623468459,
        "count": 600532,
        "stdError": 0.0002337208853456055,
        "ci95": [
          0.2589175892867521,
          0.2598337751573069
        ]
      }
    },
    "winter_ndvi": {
      "city": {
        "mean": 0.1087418291902447,
        "stdDev": 0.09581402976449031,
        "count": 600528,
        "stdError": 0.00012364099046434458,
        "ci95": [
          0.10849949284893458,
          0.10898416553155481
        ]
      }
    },
    "ndvi_change": {
      "city": {
        "mean": 0.15063641115367607,
        "stdDev": 0.15693332930520268,
        "count": 600528,
        "stdError": 0.00020251097172152877,
        "ci95": [
          0.1502394896491019,
          0.15103333265825025
        ]
      }
    },
    "summer_evi": {
      "city": {
        "mean": 0.18593180188868108,
        "stdDev": 0.12056699684255157,
        "count": 600532,
        "stdError": 0.0001555823640590654,
        "ci95": [
          0.1856268604551253,
          0.18623674332223686
        ]
      }
    },
    "winter_evi": {
      "city": {
        "mean": 0.07543511752120338,
        "stdDev": 0.040005950976519815,
        "count": 600528,
        "stdError": 5.162475073184013e-05,
        "ci95": [
          0.07533393300976897,
          0.0755363020326378
        ]
      }
    },
    "evi_change": {
      "city": {
        "mean": 0.1104983530485689,
        "stdDev": 0.11210190278827617,
        "count": 600528,
        "stdError": 0.0001446592980980844,
        "ci95": [
          0.11021482082429666,
          0.11078188527284115
        ]
      }
    },
    "summer_lst": {
      "city": {
        "mean": 47.69224133912331,
        "stdDev": 7.260605288558791,
        "count": 600532,
        "stdError": 0.009369248342221735,
        "ci95": [
          47.67387761237256,
          47.71060506587407
        ]
      }
    },
    "winter_lst": {
      "city": {
        "mean": 12.947856043293848,
        "stdDev": 4.148878050325672,
        "count": 600528,
        "stdError": 0.005353823367192908,
        "ci95": [
          12.93736254949415,
          12.958349537093547
        ]
      }
    },
    "lst_change": {
      "city": {
        "mean": 34.74446896706311,
        "stdDev": 6.79392433494654,
        "count": 600528,
        "stdError": 0.008767061942570747,
        "ci95": [
          34.727285525655674,
          34.76165240847055
        ]
      }
    }
  }
}