{
  "city": "Nukus",
  "year": 2019,
  "generated": {
    "summer_veg_tif": "D:\\dev\\Uzbekistan_URBAN_research\\suhi_analysis_output\\vegetation\\Nukus\\Nukus_ndvi_evi_summer_2019.tif",
    "winter_veg_tif": "D:\\dev\\Uzbekistan_URBAN_research\\suhi_analysis_output\\vegetation\\Nukus\\Nukus_ndvi_evi_winter_2019.tif",
    "ndvi_change_tif": "D:\\dev\\Uzbekistan_URBAN_research\\suhi_analysis_output\\vegetation\\Nukus\\Nukus_ndvi_change_2019.tif",
    "evi_change_tif": "D:\\dev\\Uzbekistan_URBAN_research\\suhi_analysis_output\\vegetation\\Nukus\\Nukus_evi_change_2019.tif",
    "summer_lst_tif": "D:\\dev\\Uzbekistan_URBAN_research\\suhi_analysis_output\\temperature\\Nukus\\Nukus_lst_summer_2019.tif",
    "winter_lst_tif": "D:\\dev\\Uzbekistan_URBAN_research\\suhi_analysis_output\\temperature\\Nukus\\Nukus_lst_winter_2019.tif",
    "lst_change_tif": "D:\\dev\\Uzbekistan_URBAN_research\\suhi_analysis_output\\temperature\\Nukus\\Nukus_lst_change_2019.tif"
  },
  "stats": {
    "summer_ndvi_mean": 0.247009919456754,
    "winter_ndvi_mean": 0.12120193625377566,
    "ndvi_change_mean": 0.12377156736193068,
    "summer_evi_mean": 0.18010701777313204,
    "winter_evi_mean": 0.08127331602147685,
    "evi_change_mean": 0.09721771944498488,
    "summer_lst_mean": 46.24403188284126,
    "winter_lst_mean": 13.230497334382608,
    "lst_change_mean": 33.37715646133672,
    "summer_biomass_t_per_ha": 4.173267681860653,
    "winter_biomass_t_per_ha": 1.7538833894956856,
    "biomass_change_t_per_ha": 2.4193842923649678
  },
  "uncertainty": {
    "summer_ndvi": {
      "city": {
        "mean": 0.247009919456754,
        "stdDev": 0.13490112500361315,
        "count": 2160,
        "stdError": 0.0029026100584646597,
        "ci95": [
          0.24132080374216325,
          0.25269903517134473
        ]
      }
    },
    "winter_ndvi": {
      "city": {
        "mean": 0.12120193625377566,
        "stdDev": 0.043613199258481304,
        "count": 2025,
        "stdError": 0.000969182205744029,
        "ci95": [
          0.11930233913051737,
          0.12310153337703396
        ]
      }
    },
    "ndvi_change": {
      "city": {
        "mean": 0.12377156736193068,
        "stdDev": 0.1179810905505655,
        "count": 2025,
        "stdError": 0.002621802012234789,
        "ci95": [
          0.1186328354179505,
          0.12891029930591086
        ]
      }
    },
    "summer_evi": {
      "city": {
        "mean": 0.18010701777313204,
        "stdDev": 0.09145876237497198,
        "count": 2160,
        "stdError": 0.0019678792419056002,
        "ci95": [
          0.17624997445899707,
          0.183964061087267
        ]
      }
    },
    "winter_evi": {
      "city": {
        "mean": 0.08127331602147685,
        "stdDev": 0.02297817104750519,
        "count": 2025,
        "stdError": 0.0005106260232778931,
        "ci95": [
          0.08027248901585217,
          0.08227414302710152
        ]
      }
    },
    "evi_change": {
      "city": {
        "mean": 0.09721771944498488,
        "stdDev": 0.08673622385400806,
        "count": 2025,
        "stdError": 0.0019274716412001792,
        "ci95": [
          0.09343987502823252,
          0.10099556386173723
        ]
      }
    },
    "summer_lst": {
      "city": {
        "mean": 46.24403188284126,
        "stdDev": 6.682820963012273,
        "count": 2160,
        "stdError": 0.14379141275240193,
        "ci95": [
          45.962200713846556,
          46.52586305183597
        ]
      }
    },
    "winter_lst": {
      "city": {
        "mean": 13.230497334382608,
        "stdDev": 1.6409052326383227,
        "count": 2014,
        "stdError": 0.03656400560264075,
        "ci95": [
          13.158831883401433,
          13.302162785363784
        ]
      }
    },
    "lst_change": {
      "city": {
        "mean": 33.37715646133672,
        "stdDev": 5.445823236606816,
        "count": 2014,
        "stdError": 0.12134833101490375,
        "ci95": [
          33.13931373254751,
          33.61499919012593
        ]
      }
    }
  }
}