{
  "city": "Nukus",
  "year": 2016,
  "generated": {
    "summer_veg_tif": "suhi_analysis_output\\vegetation\\Nukus\\Nukus_ndvi_evi_summer_2016.tif",
    "winter_veg_tif": "suhi_analysis_output\\vegetation\\Nukus\\Nukus_ndvi_evi_winter_2016.tif",
    "ndvi_change_tif": "suhi_analysis_output\\vegetation\\Nukus\\Nukus_ndvi_change_2016.tif",
    "evi_change_tif": "suhi_analysis_output\\vegetation\\Nukus\\Nukus_evi_change_2016.tif",
    "summer_lst_tif": "suhi_analysis_output\\temperature\\Nukus\\Nukus_lst_summer_2016.tif",
    "winter_lst_tif": "suhi_analysis_output\\temperature\\Nukus\\Nukus_lst_winter_2016.tif",
    "lst_change_tif": "suhi_analysis_output\\temperature\\Nukus\\Nukus_lst_change_2016.tif"
  },
  "stats": {
    "summer_ndvi_mean": 0.2593756822220295,
    "winter_ndvi_mean": 0.1087418291902447,
    "ndvi_change_mean": 0.15063641115367607,
    "summer_evi_mean": 0.18593180188868108,
    "winter_evi_mean": 0.07543511752120338,
    "evi_change_mean": 0.1104983530485689,
    "summer_lst_mean": 32.02956719286086,
    "winter_lst_mean": 2.3525520184283457,
    "lst_change_mean": 29.677015174432515,
    "summer_biomass_t_per_ha": 4.411070811962105,
    "winter_biomass_t_per_ha": 1.5142659459662442,
    "biomass_change_t_per_ha": 2.896804865995861
  },
  "uncertainty": {
    "summer_ndvi": {
      "city": {
        "mean": 0.2593756822220295,
        "stdDev": 0.1811196623468459,
        "count": 600532,
        "stdError": 0.0002337208853456055,
        "ci95": [
          0.2589175892867521,
          0.2598337751573069
        ]
      }
    },
    "winter_ndvi": {
      "city": {
        "mean": 0.1087418291902447,
        "stdDev": 0.09581402976449031,
        "count": 600528,
        "stdError": 0.00012364099046434458,
        "ci95": [
          0.10849949284893458,
          0.10898416553155481
        ]
      }
    },
    "ndvi_change": {
      "city": {
        "mean": 0.15063641115367607,
        "stdDev": 0.15693332930520268,
        "count": 600528,
        "stdError": 0.00020251097172152877,
        "ci95": [
          0.1502394896491019,
          0.15103333265825025
        ]
      }
    },
    "summer_evi": {
      "city": {
        "mean": 0.18593180188868108,
        "stdDev": 0.12056699684255157,
        "count": 600532,
        "stdError": 0.0001555823640590654,
        "ci95": [
          0.1856268604551253,
          0.18623674332223686
        ]
      }
    },
    "winter_evi": {
      "city": {
        "mean": 0.07543511752120338,
        "stdDev": 0.040005950976519815,
        "count": 600528,
        "stdError": 5.162475073184013e-05,
        "ci95": [
          0.07533393300976897,
          0.0755363020326378
        ]
      }
    },
    "evi_change": {
      "city": {
        "mean": 0.1104983530485689,
        "stdDev": 0.11210190278827617,
        "count": 600528,
        "stdError": 0.0001446592980980844,
        "ci95": [
          0.11021482082429666,
          0.11078188527284115
        ]
      }
    },
    "summer_lst": {
      "city": {
        "mean": 32.02956719286086,
        "stdDev": 2.7213754707003175,
        "count": 600532,
        "stdError": 0.003511724106198172,
        "ci95": [
          32.02268421361271,
          32.03645017210901
        ]
      }
    },
    "winter_lst": {
      "city": {
        "mean": 2.3525520184283457,
        "stdDev": 0.7092101298959206,
        "count": 600532,
        "stdError": 0.000915180700469283,
        "ci95": [
          2.350758264255426,
          2.3543457726012655
        ]
      }
    },
    "lst_change": {
      "city": {
        "mean": 29.67701517441396,
        "stdDev": 2.7344546234647487,
        "count": 600532,
        "stdError": 0.0035286017390518563,
        "ci95": [
          29.670099115005417,
          29.683931233822502
        ]
      }
    }
  }
}