{
  "city": "Nurafshon",
  "aridity_index": 0.16308673721982908,
  "climatic_water_deficit": 2380.7517825963882,
  "drought_frequency": 0.25,
  "surface_water_change": -85.73762376237623,
  "cropland_fraction": 0.6691707080246746,
  "population_density": 5272.045028142589,
  "aqueduct_bws_score": null,
  "water_supply_risk": 0.8226375685322627,
  "water_demand_risk": 1.0,
  "overall_water_scarcity_score": 0.8935825411193576,
  "water_scarcity_level": "Critical"
}