{
  "city": "Nurafshon",
  "aridity_index": 0.5169175020879542,
  "climatic_water_deficit": 696.1303353208515,
  "drought_frequency": 0.23333333333333334,
  "surface_water_change": -85.73762376237623,
  "cropland_fraction": 0.6691707080246746,
  "population_density": 5272.045028142589,
  "aqueduct_bws_score": 3.0,
  "water_supply_risk": 0.5660217755265093,
  "water_demand_risk": 1.0,
  "overall_water_scarcity_score": 0.7396130653159056,
  "water_scarcity_level": "Critical"
}