{
  "city": "Nurafshon",
  "year": 2020,
  "stats": {
    "day_urban_mean": 37.020248974374226,
    "day_rural_mean": 39.47859017451867,
    "suhi_day": -2.458341200144446,
    "night_urban_mean": 18.271384148879264,
    "night_rural_mean": 19.00609175373685,
    "suhi_night": -0.7347076048575865,
    "suhi_day_night_diff": -1.7236335952868593,
    "day_stronger_than_night": false,
    "uncertainty_day": {
      "urban_core": {
        "mean": 37.020248974374226,
        "stdDev": 1.8934593349822006,
        "count": 268,
        "stdError": 0.11566143743301732,
        "ci95": [
          36.79355255700551,
          37.24694539174294
        ]
      },
      "rural_ring": {
        "mean": 39.47859017451867,
        "stdDev": 2.526381345770004,
        "count": 4225,
        "stdError": 0.03886740531953852,
        "ci95": [
          39.40241006009238,
          39.554770288944965
        ]
      }
    },
    "uncertainty_night": {
      "urban_core": {
        "mean": 18.271384148879264,
        "stdDev": 1.1516412560785299,
        "count": 268,
        "stdError": 0.0703476861764557,
        "ci95": [
          18.13350268397341,
          18.409265613785116
        ]
      },
      "rural_ring": {
        "mean": 19.00609175373685,
        "stdDev": 1.4104001577152017,
        "count": 4225,
        "stdError": 0.021698463964849257,
        "ci95": [
          18.963562764365747,
          19.048620743107954
        ]
      }
    }
  }
}