{
  "city": "Nurafshon",
  "year": 2017,
  "stats": {
    "day_urban_mean": 36.1351208454724,
    "day_rural_mean": 38.397537954728705,
    "suhi_day": -2.2624171092563046,
    "night_urban_mean": 20.353440602889595,
    "night_rural_mean": 20.667643425103194,
    "suhi_night": -0.3142028222135984,
    "suhi_day_night_diff": -1.9482142870427062,
    "day_stronger_than_night": false,
    "uncertainty_day": {
      "urban_core": {
        "mean": 36.1351208454724,
        "stdDev": 1.9370459161475688,
        "count": 268,
        "stdError": 0.11832391163419934,
        "ci95": [
          35.90320597866937,
          36.36703571227543
        ]
      },
      "rural_ring": {
        "mean": 38.397537954728705,
        "stdDev": 2.9038599327205357,
        "count": 4225,
        "stdError": 0.04467476819570055,
        "ci95": [
          38.30997540906513,
          38.48510050039228
        ]
      }
    },
    "uncertainty_night": {
      "urban_core": {
        "mean": 20.353440602889595,
        "stdDev": 0.9788205045279327,
        "count": 268,
        "stdError": 0.059790978581367935,
        "ci95": [
          20.236250284870113,
          20.470630920909077
        ]
      },
      "rural_ring": {
        "mean": 20.667643425103194,
        "stdDev": 1.0850361663878216,
        "count": 4225,
        "stdError": 0.01669286409827418,
        "ci95": [
          20.634925411470576,
          20.70036143873581
        ]
      }
    }
  }
}