{
  "city": "Nurafshon",
  "year": 2016,
  "stats": {
    "urban_mean": 34.36275930972278,
    "rural_mean": 33.811462020449945,
    "suhi": 0.5512972892728385,
    "uncertainty": {
      "urban_core": {
        "mean": 34.36275930972278,
        "stdDev": 3.3094692513748507,
        "count": 4226,
        "stdError": 0.05090888719568505,
        "ci95": [
          34.26297789081924,
          34.46254072862632
        ]
      },
      "rural_ring": {
        "mean": 33.811462020449945,
        "stdDev": 2.9062219922390273,
        "count": 127,
        "stdError": 0.25788550026215673,
        "ci95": [
          33.30600643993612,
          34.31691760096377
        ]
      }
    }
  }
}