{
  "city": "Nurafshon",
  "year": 2023,
  "stats": {
    "urban_mean": 33.94503597987385,
    "rural_mean": 33.488681646263025,
    "suhi": 0.45635433361082534,
    "uncertainty": {
      "urban_core": {
        "mean": 33.94503597987385,
        "stdDev": 3.6745467538274053,
        "count": 4226,
        "stdError": 0.0565247995907975,
        "ci95": [
          33.83424737267589,
          34.05582458707181
        ]
      },
      "rural_ring": {
        "mean": 33.488681646263025,
        "stdDev": 3.342224174735104,
        "count": 127,
        "stdError": 0.29657443773790937,
        "ci95": [
          32.90739574829672,
          34.06996754422933
        ]
      }
    }
  }
}