{
  "city": "Nurafshon",
  "year": 2019,
  "stats": {
    "urban_mean": 31.403203035239343,
    "rural_mean": 31.37937404924113,
    "suhi": 0.02382898599821459,
    "uncertainty": {
      "urban_core": {
        "mean": 31.403203035239343,
        "stdDev": 3.056072969158653,
        "count": 4226,
        "stdError": 0.0470109441216434,
        "ci95": [
          31.31106158476092,
          31.495344485717766
        ]
      },
      "rural_ring": {
        "mean": 31.37937404924113,
        "stdDev": 2.5590786322737267,
        "count": 127,
        "stdError": 0.22708150824557768,
        "ci95": [
          30.934294293079798,
          31.82445380540246
        ]
      }
    }
  }
}