{
  "city": "Nurafshon",
  "year": 2018,
  "stats": {
    "urban_mean": 31.56371995211899,
    "rural_mean": 31.77519588963588,
    "suhi": -0.21147593751689087,
    "uncertainty": {
      "urban_core": {
        "mean": 31.56371995211899,
        "stdDev": 3.0065747972830046,
        "count": 4226,
        "stdError": 0.04624952388866702,
        "ci95": [
          31.473070885297204,
          31.654369018940777
        ]
      },
      "rural_ring": {
        "mean": 31.77519588963588,
        "stdDev": 2.671936515444223,
        "count": 127,
        "stdError": 0.237096025972604,
        "ci95": [
          31.31048767872958,
          32.239904100542184
        ]
      }
    }
  }
}