{
  "city": "Nurafshon",
  "year": 2021,
  "stats": {
    "urban_mean": 29.517683511090045,
    "rural_mean": 29.544316201376517,
    "suhi": -0.026632690286472638,
    "uncertainty": {
      "urban_core": {
        "mean": 29.517683511090045,
        "stdDev": 3.730080624907221,
        "count": 4226,
        "stdError": 0.05737906574757402,
        "ci95": [
          29.4052205422248,
          29.63014647995529
        ]
      },
      "rural_ring": {
        "mean": 29.544316201376517,
        "stdDev": 3.0635548129034595,
        "count": 127,
        "stdError": 0.27184653051829494,
        "ci95": [
          29.01149700156066,
          30.077135401192375
        ]
      }
    }
  }
}