{
  "city": "Nurafshon",
  "year": 2019,
  "stats": {
    "day_urban_mean": 37.48085751233727,
    "day_rural_mean": 39.264091035529745,
    "suhi_day": -1.7832335231924716,
    "night_urban_mean": 20.017516053273106,
    "night_rural_mean": 20.44447237368346,
    "suhi_night": -0.4269563204103548,
    "suhi_day_night_diff": -1.3562772027821168,
    "day_stronger_than_night": false,
    "uncertainty_day": {
      "urban_core": {
        "mean": 37.48085751233727,
        "stdDev": 2.109215750549978,
        "count": 268,
        "stdError": 0.12884085813612906,
        "ci95": [
          37.22832943039046,
          37.73338559428409
        ]
      },
      "rural_ring": {
        "mean": 39.264091035529745,
        "stdDev": 2.4551510309215105,
        "count": 4225,
        "stdError": 0.03777155432186939,
        "ci95": [
          39.19005878905888,
          39.33812328200061
        ]
      }
    },
    "uncertainty_night": {
      "urban_core": {
        "mean": 20.017516053273106,
        "stdDev": 1.0342588333553324,
        "count": 268,
        "stdError": 0.06317741349581071,
        "ci95": [
          19.893688322821315,
          20.141343783724896
        ]
      },
      "rural_ring": {
        "mean": 20.44447237368346,
        "stdDev": 1.2646593908538815,
        "count": 4225,
        "stdError": 0.019456298320828947,
        "ci95": [
          20.406338028974634,
          20.482606718392287
        ]
      }
    }
  }
}