{
  "city": "Nurafshon",
  "year": 2024,
  "stats": {
    "urban_mean": 32.567381460002885,
    "rural_mean": 32.153783377328665,
    "suhi": 0.4135980826742198,
    "uncertainty": {
      "urban_core": {
        "mean": 32.567381460002885,
        "stdDev": 3.22305215377623,
        "count": 4226,
        "stdError": 0.04957955069509692,
        "ci95": [
          32.47020554064049,
          32.66455737936528
        ]
      },
      "rural_ring": {
        "mean": 32.153783377328665,
        "stdDev": 3.21429967039137,
        "count": 127,
        "stdError": 0.2852229735735851,
        "ci95": [
          31.59474634912444,
          32.712820405532895
        ]
      }
    }
  }
}