{
  "city": "Nurafshon",
  "year": 2022,
  "stats": {
    "day_urban_mean": 37.641011802128595,
    "day_rural_mean": 39.330567858003356,
    "suhi_day": -1.6895560558747604,
    "night_urban_mean": 19.79427626493851,
    "night_rural_mean": 20.10465167425021,
    "suhi_night": -0.3103754093116997,
    "suhi_day_night_diff": -1.3791806465630607,
    "day_stronger_than_night": false,
    "uncertainty_day": {
      "urban_core": {
        "mean": 37.641011802128595,
        "stdDev": 2.3715886757529017,
        "count": 268,
        "stdError": 0.14486783537921885,
        "ci95": [
          37.357070844785326,
          37.924952759471864
        ]
      },
      "rural_ring": {
        "mean": 39.330567858003356,
        "stdDev": 2.706477517038082,
        "count": 4225,
        "stdError": 0.04163811564673973,
        "ci95": [
          39.248957151335745,
          39.41217856467097
        ]
      }
    },
    "uncertainty_night": {
      "urban_core": {
        "mean": 19.79427626493851,
        "stdDev": 1.1916076802414426,
        "count": 268,
        "stdError": 0.07278902409290143,
        "ci95": [
          19.651609777716423,
          19.936942752160597
        ]
      },
      "rural_ring": {
        "mean": 20.10465167425021,
        "stdDev": 1.316939493210166,
        "count": 4225,
        "stdError": 0.020260607587848707,
        "ci95": [
          20.064940883378025,
          20.144362465122395
        ]
      }
    }
  }
}