{
  "city": "Nurafshon",
  "year": 2018,
  "stats": {
    "day_urban_mean": 37.46978372673764,
    "day_rural_mean": 40.1594046417384,
    "suhi_day": -2.6896209150007593,
    "night_urban_mean": 19.703368214519326,
    "night_rural_mean": 20.024400059912566,
    "suhi_night": -0.3210318453932395,
    "suhi_day_night_diff": -2.36858906960752,
    "day_stronger_than_night": false,
    "uncertainty_day": {
      "urban_core": {
        "mean": 37.46978372673764,
        "stdDev": 1.8936190419747958,
        "count": 268,
        "stdError": 0.1156711930902899,
        "ci95": [
          37.243068188280674,
          37.6964992651946
        ]
      },
      "rural_ring": {
        "mean": 40.1594046417384,
        "stdDev": 3.3055637407300105,
        "count": 4225,
        "stdError": 0.0508548267804617,
        "ci95": [
          40.05972918124869,
          40.259080102228104
        ]
      }
    },
    "uncertainty_night": {
      "urban_core": {
        "mean": 19.703368214519326,
        "stdDev": 0.917278148772636,
        "count": 268,
        "stdError": 0.056031680877866606,
        "ci95": [
          19.593546119998706,
          19.813190309039946
        ]
      },
      "rural_ring": {
        "mean": 20.024400059912566,
        "stdDev": 1.169822274012787,
        "count": 4225,
        "stdError": 0.01799726575404288,
        "ci95": [
          19.989125419034643,
          20.059674700790488
        ]
      }
    }
  }
}