{
  "city": "Nurafshon",
  "year": 2023,
  "stats": {
    "day_urban_mean": 36.956165794637016,
    "day_rural_mean": 39.19434252892597,
    "suhi_day": -2.238176734288956,
    "night_urban_mean": 20.623440751531014,
    "night_rural_mean": 21.000479272936374,
    "suhi_night": -0.3770385214053604,
    "suhi_day_night_diff": -1.8611382128835956,
    "day_stronger_than_night": false,
    "uncertainty_day": {
      "urban_core": {
        "mean": 36.956165794637016,
        "stdDev": 2.1870889509741387,
        "count": 268,
        "stdError": 0.1335977209491625,
        "ci95": [
          36.69431426157666,
          37.218017327697375
        ]
      },
      "rural_ring": {
        "mean": 39.19434252892597,
        "stdDev": 2.905817372710697,
        "count": 4225,
        "stdError": 0.04470488265708764,
        "ci95": [
          39.10672095891808,
          39.28196409893386
        ]
      }
    },
    "uncertainty_night": {
      "urban_core": {
        "mean": 20.623440751531014,
        "stdDev": 1.0191488853950803,
        "count": 268,
        "stdError": 0.06225442652253237,
        "ci95": [
          20.501422075546852,
          20.745459427515176
        ]
      },
      "rural_ring": {
        "mean": 21.000479272936374,
        "stdDev": 1.3491157540194596,
        "count": 4225,
        "stdError": 0.020755626984914764,
        "ci95": [
          20.959798244045942,
          21.041160301826807
        ]
      }
    }
  }
}