{
  "city": "Nurafshon",
  "year": 2021,
  "stats": {
    "day_urban_mean": 37.917201082109536,
    "day_rural_mean": 40.2664615280131,
    "suhi_day": -2.3492604459035675,
    "night_urban_mean": 20.01416537844108,
    "night_rural_mean": 20.477023748277674,
    "suhi_night": -0.46285836983659223,
    "suhi_day_night_diff": -1.8864020760669753,
    "day_stronger_than_night": false,
    "uncertainty_day": {
      "urban_core": {
        "mean": 37.917201082109536,
        "stdDev": 2.1797827082302694,
        "count": 268,
        "stdError": 0.1331514211409871,
        "ci95": [
          37.6562242966732,
          38.17817786754587
        ]
      },
      "rural_ring": {
        "mean": 40.2664615280131,
        "stdDev": 3.059856643290687,
        "count": 4225,
        "stdError": 0.04707471758908749,
        "ci95": [
          40.17419508153849,
          40.358727974487714
        ]
      }
    },
    "uncertainty_night": {
      "urban_core": {
        "mean": 20.01416537844108,
        "stdDev": 0.929899973391934,
        "count": 268,
        "stdError": 0.05680268152811779,
        "ci95": [
          19.90283212264597,
          20.12549863423619
        ]
      },
      "rural_ring": {
        "mean": 20.477023748277674,
        "stdDev": 1.131457295158654,
        "count": 4225,
        "stdError": 0.017407035310133136,
        "ci95": [
          20.44290595906981,
          20.511141537485535
        ]
      }
    }
  }
}