{
  "city": "Nurafshon",
  "year": 2016,
  "stats": {
    "day_urban_mean": 37.262398031987686,
    "day_rural_mean": 39.200286026873094,
    "suhi_day": -1.9378879948854077,
    "night_urban_mean": 20.326628069445302,
    "night_rural_mean": 20.50975927970905,
    "suhi_night": -0.183131210263749,
    "suhi_day_night_diff": -1.7547567846216587,
    "day_stronger_than_night": false,
    "uncertainty_day": {
      "urban_core": {
        "mean": 37.262398031987686,
        "stdDev": 2.0620685089728834,
        "count": 268,
        "stdError": 0.12596088198292596,
        "ci95": [
          37.01551470330115,
          37.50928136067422
        ]
      },
      "rural_ring": {
        "mean": 39.200286026873094,
        "stdDev": 2.5683740943951476,
        "count": 4225,
        "stdError": 0.039513447606079194,
        "ci95": [
          39.12283966956518,
          39.27773238418101
        ]
      }
    },
    "uncertainty_night": {
      "urban_core": {
        "mean": 20.326628069445302,
        "stdDev": 0.9473210246804888,
        "count": 268,
        "stdError": 0.05786684160613051,
        "ci95": [
          20.213209059897288,
          20.440047078993317
        ]
      },
      "rural_ring": {
        "mean": 20.50975927970905,
        "stdDev": 1.0080179971428966,
        "count": 4225,
        "stdError": 0.015507969186813795,
        "ci95": [
          20.479363660102898,
          20.540154899315205
        ]
      }
    }
  }
}