{
  "city": "Nurafshon",
  "year": 2017,
  "stats": {
    "urban_mean": 34.58152382236913,
    "rural_mean": 33.80546446384533,
    "suhi": 0.7760593585237956,
    "uncertainty": {
      "urban_core": {
        "mean": 34.58152382236913,
        "stdDev": 3.3929428716762917,
        "count": 4226,
        "stdError": 0.05219294478829635,
        "ci95": [
          34.47922565058407,
          34.68382199415419
        ]
      },
      "rural_ring": {
        "mean": 33.80546446384533,
        "stdDev": 2.9233934752639925,
        "count": 127,
        "stdError": 0.2594092229860099,
        "ci95": [
          33.297022386792754,
          34.31390654089791
        ]
      }
    }
  }
}