{
  "city": "Nurafshon",
  "year": 2020,
  "stats": {
    "urban_mean": 32.475596120493655,
    "rural_mean": 32.39950760133152,
    "suhi": 0.0760885191621341,
    "uncertainty": {
      "urban_core": {
        "mean": 32.475596120493655,
        "stdDev": 3.1319651166719984,
        "count": 4226,
        "stdError": 0.048178377472229805,
        "ci95": [
          32.381166500648085,
          32.570025740339226
        ]
      },
      "rural_ring": {
        "mean": 32.39950760133152,
        "stdDev": 2.5790536679821185,
        "count": 127,
        "stdError": 0.22885400604174377,
        "ci95": [
          31.950953749489702,
          32.84806145317334
        ]
      }
    }
  }
}