{
  "city": "Nurafshon",
  "year": 2022,
  "stats": {
    "urban_mean": 32.23574349657029,
    "rural_mean": 32.111115937162175,
    "suhi": 0.12462755940811121,
    "uncertainty": {
      "urban_core": {
        "mean": 32.23574349657029,
        "stdDev": 3.208859416364329,
        "count": 4226,
        "stdError": 0.049361226724387634,
        "ci95": [
          32.13899549219049,
          32.332491500950084
        ]
      },
      "rural_ring": {
        "mean": 32.111115937162175,
        "stdDev": 2.973578976424413,
        "count": 127,
        "stdError": 0.2638624660993108,
        "ci95": [
          31.593945503607525,
          32.62828637071682
        ]
      }
    }
  }
}