{
  "city": "Nurafshon",
  "year": 2018,
  "stats": {
    "urban_mean": 31.552182186756404,
    "rural_mean": 31.935174776171976,
    "suhi": -0.3829925894155721,
    "uncertainty": {
      "urban_core": {
        "mean": 31.552182186756404,
        "stdDev": 2.829700509680887,
        "count": 1057,
        "stdError": 0.08703681282994763,
        "ci95": [
          31.381590033609708,
          31.7227743399031
        ]
      },
      "rural_ring": {
        "mean": 31.935174776171976,
        "stdDev": 2.4051896718485466,
        "count": 67,
        "stdError": 0.29384068578126105,
        "ci95": [
          31.359247032040706,
          32.51110252030325
        ]
      }
    }
  }
}