{
  "city": "Nurafshon",
  "year": 2024,
  "stats": {
    "day_urban_mean": 36.044736012842655,
    "day_rural_mean": 37.91515091185306,
    "suhi_day": -1.870414899010406,
    "night_urban_mean": 21.15337148463051,
    "night_rural_mean": 21.50958822177708,
    "suhi_night": -0.35621673714656765,
    "suhi_day_night_diff": -1.5141981618638383,
    "day_stronger_than_night": false,
    "uncertainty_day": {
      "urban_core": {
        "mean": 36.044736012842655,
        "stdDev": 1.920603993057679,
        "count": 268,
        "stdError": 0.11731956133017886,
        "ci95": [
          35.814789672635506,
          36.274682353049805
        ]
      },
      "rural_ring": {
        "mean": 37.91515091185306,
        "stdDev": 2.5763481961069163,
        "count": 4225,
        "stdError": 0.03963612609395256,
        "ci95": [
          37.837464104708914,
          37.99283771899721
        ]
      }
    },
    "uncertainty_night": {
      "urban_core": {
        "mean": 21.15337148463051,
        "stdDev": 1.0490232491385199,
        "count": 268,
        "stdError": 0.06407929373204946,
        "ci95": [
          21.027776068915696,
          21.278966900345328
        ]
      },
      "rural_ring": {
        "mean": 21.50958822177708,
        "stdDev": 1.2986687485005632,
        "count": 4225,
        "stdError": 0.019979519207700972,
        "ci95": [
          21.470428364129987,
          21.548748079424172
        ]
      }
    }
  }
}