{
  "city": "Samarkand",
  "aridity_index": 0.1372573314023014,
  "climatic_water_deficit": 2364.444574704571,
  "drought_frequency": 0.24583333333333332,
  "surface_water_change": -23.125,
  "cropland_fraction": 0.41119320028706885,
  "population_density": 5291.13924050633,
  "aqueduct_bws_score": null,
  "water_supply_risk": 0.5849627565854392,
  "water_demand_risk": 0.8756704804018964,
  "overall_water_scarcity_score": 0.7012458461120221,
  "water_scarcity_level": "Critical"
}