{
  "city": "Samarkand",
  "aridity_index": 0.46733537368374833,
  "climatic_water_deficit": 631.9359806535543,
  "drought_frequency": 0.24166666666666667,
  "surface_water_change": -23.125,
  "cropland_fraction": 0.41119320028706885,
  "population_density": 5291.13924050633,
  "aqueduct_bws_score": 3.0,
  "water_supply_risk": 0.3195857693921873,
  "water_demand_risk": 0.8756704804018964,
  "overall_water_scarcity_score": 0.542019653796071,
  "water_scarcity_level": "High"
}