{
  "city": "Nukus",
  "year": 2023,
  "stats": {
    "urban_mean": 36.11434279503972,
    "rural_mean": 36.236104926564664,
    "suhi": -0.12176213152494597
  }
}