{
  "city": "Nukus",
  "year": 2019,
  "stats": {
    "day_urban_mean": 42.0793050634677,
    "day_rural_mean": 40.326145203541124,
    "suhi_day": 1.7531598599265763,
    "night_urban_mean": 21.04874831450229,
    "night_rural_mean": 20.269397371172317,
    "suhi_night": 0.7793509433299732,
    "suhi_day_night_diff": 0.9738089165966031,
    "day_stronger_than_night": true,
    "uncertainty_day": {
      "urban_core": {
        "mean": 42.0793050634677,
        "stdDev": 4.2160249053036845,
        "count": 424,
        "stdError": 0.2047482692933796,
        "ci95": [
          41.67799845565268,
          42.48061167128272
        ]
      },
      "rural_ring": {
        "mean": 40.326145203541124,
        "stdDev": 5.011819207430144,
        "count": 4739,
        "stdError": 0.07280346370529371,
        "ci95": [
          40.183450414678745,
          40.4688399924035
        ]
      }
    },
    "uncertainty_night": {
      "urban_core": {
        "mean": 21.04874831450229,
        "stdDev": 1.2323629058445453,
        "count": 424,
        "stdError": 0.05984883338701616,
        "ci95": [
          20.93144460106374,
          21.166052027940843
        ]
      },
      "rural_ring": {
        "mean": 20.269397371172317,
        "stdDev": 1.42470218903922,
        "count": 4739,
        "stdError": 0.020695729398378358,
        "ci95": [
          20.228833741551497,
          20.309961000793137
        ]
      }
    }
  }
}