{
  "city": "Nukus",
  "year": 2017,
  "stats": {
    "day_urban_mean": 41.59120825777657,
    "day_rural_mean": 40.280689209810895,
    "suhi_day": 1.310519047965677,
    "night_urban_mean": 22.202720509601534,
    "night_rural_mean": 21.415825066814275,
    "suhi_night": 0.7868954427872588,
    "suhi_day_night_diff": 0.5236236051784182,
    "day_stronger_than_night": true,
    "uncertainty_day": {
      "urban_core": {
        "mean": 41.59120825777657,
        "stdDev": 4.7027385487188385,
        "count": 424,
        "stdError": 0.22838517333665628,
        "ci95": [
          41.14357331803672,
          42.03884319751642
        ]
      },
      "rural_ring": {
        "mean": 40.280689209810895,
        "stdDev": 5.204390536314419,
        "count": 4739,
        "stdError": 0.07560082314162807,
        "ci95": [
          40.132511596453305,
          40.428866823168484
        ]
      }
    },
    "uncertainty_night": {
      "urban_core": {
        "mean": 22.202720509601534,
        "stdDev": 0.8756864440471365,
        "count": 424,
        "stdError": 0.042527093148044454,
        "ci95": [
          22.119367407031366,
          22.286073612171702
        ]
      },
      "rural_ring": {
        "mean": 21.415825066814275,
        "stdDev": 1.125034425396959,
        "count": 4739,
        "stdError": 0.01634264915924446,
        "ci95": [
          21.383793474462156,
          21.447856659166394
        ]
      }
    }
  }
}