{
  "city": "Nukus",
  "year": 2020,
  "stats": {
    "urban_mean": 40.076924916684625,
    "rural_mean": 39.979162195478885,
    "suhi": 0.09776272120573992
  }
}