{
  "city": "Nukus",
  "year": 2020,
  "stats": {
    "day_urban_mean": 42.81152062119314,
    "day_rural_mean": 41.658155090226224,
    "suhi_day": 1.1533655309669157,
    "night_urban_mean": 21.685500348723703,
    "night_rural_mean": 21.015436425815018,
    "suhi_night": 0.6700639229086853,
    "suhi_day_night_diff": 0.4833016080582304,
    "day_stronger_than_night": true,
    "uncertainty_day": {
      "urban_core": {
        "mean": 42.81152062119314,
        "stdDev": 4.4650919441943175,
        "count": 424,
        "stdError": 0.21684403397606253,
        "ci95": [
          42.386506314600055,
          43.236534927786224
        ]
      },
      "rural_ring": {
        "mean": 41.658155090226224,
        "stdDev": 5.105738575338993,
        "count": 4739,
        "stdError": 0.07416776976059575,
        "ci95": [
          41.51278626149546,
          41.80352391895699
        ]
      }
    },
    "uncertainty_night": {
      "urban_core": {
        "mean": 21.685500348723703,
        "stdDev": 1.0631300696583947,
        "count": 424,
        "stdError": 0.05163016032530461,
        "ci95": [
          21.584305234486106,
          21.7866954629613
        ]
      },
      "rural_ring": {
        "mean": 21.015436425815018,
        "stdDev": 1.1176359700427818,
        "count": 4739,
        "stdError": 0.01623517657223363,
        "ci95": [
          20.98361547973344,
          21.047257371896595
        ]
      }
    }
  }
}