{
  "city": "Nukus",
  "year": 2021,
  "stats": {
    "urban_mean": 40.8802658891562,
    "rural_mean": 40.52171735663983,
    "suhi": 0.358548532516366
  }
}