{
  "city": "Nukus",
  "year": 2018,
  "stats": {
    "urban_mean": 37.89141087070459,
    "rural_mean": 38.197846716669865,
    "suhi": -0.3064358459652752,
    "uncertainty": {
      "urban_core": {
        "mean": 37.89141087070459,
        "stdDev": 4.122996572285004,
        "count": 1685,
        "stdError": 0.10044146097667987,
        "ci95": [
          37.6945456071903,
          38.08827613421888
        ]
      },
      "rural_ring": {
        "mean": 38.197846716669865,
        "stdDev": 4.877777668020588,
        "count": 90,
        "stdError": 0.5141629116949906,
        "ci95": [
          37.19008740974768,
          39.20560602359205
        ]
      }
    }
  }
}