{
  "city": "Nukus",
  "year": 2017,
  "stats": {
    "urban_mean": 40.56812486531213,
    "rural_mean": 40.595416267931526,
    "suhi": -0.02729140261939733,
    "uncertainty": {
      "urban_core": {
        "mean": 40.56812486531213,
        "stdDev": 5.4861131756205035,
        "count": 6747,
        "stdError": 0.06678968689799755,
        "ci95": [
          40.437217078992056,
          40.6990326516322
        ]
      },
      "rural_ring": {
        "mean": 40.595416267931526,
        "stdDev": 6.949538832677606,
        "count": 173,
        "stdError": 0.5283636533801888,
        "ci95": [
          39.559823507306355,
          41.6310090285567
        ]
      }
    }
  }
}