{
  "city": "Nukus",
  "year": 2021,
  "stats": {
    "urban_mean": 40.8802658891562,
    "rural_mean": 40.52171735663983,
    "suhi": 0.358548532516366,
    "uncertainty": {
      "urban_core": {
        "mean": 40.8802658891562,
        "stdDev": 4.990590957596176,
        "count": 6747,
        "stdError": 0.0607570417932777,
        "ci95": [
          40.76118208724137,
          40.999349691071025
        ]
      },
      "rural_ring": {
        "mean": 40.52171735663983,
        "stdDev": 6.07469110924567,
        "count": 173,
        "stdError": 0.46185021264217335,
        "ci95": [
          39.61649093986117,
          41.42694377341849
        ]
      }
    }
  }
}