{
  "city": "Nukus",
  "year": 2020,
  "stats": {
    "urban_mean": 40.076924916684625,
    "rural_mean": 39.979162195478885,
    "suhi": 0.09776272120573992,
    "uncertainty": {
      "urban_core": {
        "mean": 40.076924916684625,
        "stdDev": 4.925275599380226,
        "count": 6747,
        "stdError": 0.0599618718459533,
        "ci95": [
          39.959399647866555,
          40.194450185502696
        ]
      },
      "rural_ring": {
        "mean": 39.979162195478885,
        "stdDev": 5.93607772190908,
        "count": 173,
        "stdError": 0.451311631953022,
        "ci95": [
          39.09459139685096,
          40.86373299410681
        ]
      }
    }
  }
}