{
  "city": "Nukus",
  "year": 2018,
  "stats": {
    "urban_mean": 37.9115009143919,
    "rural_mean": 37.96294343328244,
    "suhi": -0.05144251889053919
  }
}