{
  "city": "Nukus",
  "year": 2024,
  "stats": {
    "day_urban_mean": 40.28733314734737,
    "day_rural_mean": 39.29823335360272,
    "suhi_day": 0.98909979374465,
    "night_urban_mean": 23.597159622448533,
    "night_rural_mean": 22.65348006508279,
    "suhi_night": 0.9436795573657442,
    "suhi_day_night_diff": 0.0454202363789058,
    "day_stronger_than_night": true,
    "uncertainty_day": {
      "urban_core": {
        "mean": 40.28733314734737,
        "stdDev": 2.9925532367608936,
        "count": 424,
        "stdError": 0.14533123256086633,
        "ci95": [
          40.00248393152807,
          40.57218236316667
        ]
      },
      "rural_ring": {
        "mean": 39.29823335360272,
        "stdDev": 3.9674604083937792,
        "count": 4739,
        "stdError": 0.05763273731352215,
        "ci95": [
          39.185273188468216,
          39.41119351873722
        ]
      }
    },
    "uncertainty_night": {
      "urban_core": {
        "mean": 23.597159622448533,
        "stdDev": 1.2513445098739413,
        "count": 424,
        "stdError": 0.060770661568946956,
        "ci95": [
          23.478049125773396,
          23.71627011912367
        ]
      },
      "rural_ring": {
        "mean": 22.65348006508279,
        "stdDev": 1.3743022617565848,
        "count": 4739,
        "stdError": 0.019963602175746113,
        "ci95": [
          22.614351404818326,
          22.692608725347252
        ]
      }
    }
  }
}