{
  "city": "Nukus",
  "year": 2022,
  "stats": {
    "day_urban_mean": 41.460645278281504,
    "day_rural_mean": 41.01485422648735,
    "suhi_day": 0.4457910517941528,
    "night_urban_mean": 21.621093504440484,
    "night_rural_mean": 20.333567375099186,
    "suhi_night": 1.2875261293412983,
    "suhi_day_night_diff": -0.8417350775471455,
    "day_stronger_than_night": false,
    "uncertainty_day": {
      "urban_core": {
        "mean": 41.460645278281504,
        "stdDev": 4.050103047915582,
        "count": 424,
        "stdError": 0.1966903915765235,
        "ci95": [
          41.075132110791515,
          41.84615844577149
        ]
      },
      "rural_ring": {
        "mean": 41.01485422648735,
        "stdDev": 4.325961441888549,
        "count": 4739,
        "stdError": 0.06284045050111134,
        "ci95": [
          40.89168694350517,
          41.13802150946953
        ]
      }
    },
    "uncertainty_night": {
      "urban_core": {
        "mean": 21.621093504440484,
        "stdDev": 1.2241117048705268,
        "count": 424,
        "stdError": 0.05944811964433952,
        "ci95": [
          21.50457518993758,
          21.73761181894339
        ]
      },
      "rural_ring": {
        "mean": 20.333567375099186,
        "stdDev": 1.7269114258122513,
        "count": 4739,
        "stdError": 0.025085727977774752,
        "ci95": [
          20.28439934826275,
          20.382735401935623
        ]
      }
    }
  }
}