{
  "city": "Nukus",
  "year": 2023,
  "stats": {
    "day_urban_mean": 42.331307946250135,
    "day_rural_mean": 41.476713907469126,
    "suhi_day": 0.8545940387810091,
    "night_urban_mean": 21.894237132096553,
    "night_rural_mean": 20.891765461718318,
    "suhi_night": 1.0024716703782346,
    "suhi_day_night_diff": -0.14787763159722545,
    "day_stronger_than_night": false,
    "uncertainty_day": {
      "urban_core": {
        "mean": 42.331307946250135,
        "stdDev": 3.370221727263016,
        "count": 424,
        "stdError": 0.16367243583499233,
        "ci95": [
          42.01050997201355,
          42.65210592048672
        ]
      },
      "rural_ring": {
        "mean": 41.476713907469126,
        "stdDev": 4.074440207798492,
        "count": 4739,
        "stdError": 0.0591867638298047,
        "ci95": [
          41.36070785036271,
          41.592719964575544
        ]
      }
    },
    "uncertainty_night": {
      "urban_core": {
        "mean": 21.894237132096553,
        "stdDev": 1.270569161620111,
        "count": 424,
        "stdError": 0.061704293191436776,
        "ci95": [
          21.773296717441337,
          22.01517754675177
        ]
      },
      "rural_ring": {
        "mean": 20.891765461718318,
        "stdDev": 1.4615701932398384,
        "count": 4739,
        "stdError": 0.021231287105992206,
        "ci95": [
          20.850152138990573,
          20.933378784446063
        ]
      }
    }
  }
}