{
  "city": "Nukus",
  "year": 2017,
  "stats": {
    "urban_mean": 40.56812486531213,
    "rural_mean": 40.595416267931526,
    "suhi": -0.02729140261939733
  }
}