{
  "city": "Nukus",
  "year": 2018,
  "stats": {
    "urban_mean": 37.9115009143919,
    "rural_mean": 37.96294343328244,
    "suhi": -0.05144251889053919,
    "uncertainty": {
      "urban_core": {
        "mean": 37.9115009143919,
        "stdDev": 4.206234947360973,
        "count": 6747,
        "stdError": 0.05120804222597537,
        "ci95": [
          37.81113315162899,
          38.011868677154816
        ]
      },
      "rural_ring": {
        "mean": 37.96294343328244,
        "stdDev": 4.904876082656949,
        "count": 173,
        "stdError": 0.37291082312165824,
        "ci95": [
          37.23203821996399,
          38.69384864660089
        ]
      }
    }
  }
}