{
  "city": "Nukus",
  "year": 2022,
  "stats": {
    "urban_mean": 39.8256086707189,
    "rural_mean": 39.65107980775431,
    "suhi": 0.1745288629645927
  }
}