{
  "city": "Nukus",
  "year": 2023,
  "stats": {
    "urban_mean": 36.11434279503972,
    "rural_mean": 36.236104926564664,
    "suhi": -0.12176213152494597,
    "uncertainty": {
      "urban_core": {
        "mean": 36.11434279503972,
        "stdDev": 3.8788531459272377,
        "count": 6747,
        "stdError": 0.047222392037235245,
        "ci95": [
          36.02178690664674,
          36.2068986834327
        ]
      },
      "rural_ring": {
        "mean": 36.236104926564664,
        "stdDev": 4.6074111099493935,
        "count": 173,
        "stdError": 0.3502949800396151,
        "ci95": [
          35.54952676568702,
          36.92268308744231
        ]
      }
    }
  }
}