{
  "city": "Nukus",
  "year": 2019,
  "stats": {
    "urban_mean": 36.271448435101014,
    "rural_mean": 35.759797748656126,
    "suhi": 0.511650686444888,
    "uncertainty": {
      "urban_core": {
        "mean": 36.271448435101014,
        "stdDev": 4.679051897929107,
        "count": 6747,
        "stdError": 0.05696426618228118,
        "ci95": [
          36.159798473383745,
          36.38309839681828
        ]
      },
      "rural_ring": {
        "mean": 35.759797748656126,
        "stdDev": 5.646778705631722,
        "count": 173,
        "stdError": 0.42931663504173695,
        "ci95": [
          34.91833714397432,
          36.60125835333793
        ]
      }
    }
  }
}