{
  "city": "Nukus",
  "year": 2018,
  "stats": {
    "day_urban_mean": 42.63431450225513,
    "day_rural_mean": 41.204629477134084,
    "suhi_day": 1.4296850251210458,
    "night_urban_mean": 21.649702794439055,
    "night_rural_mean": 20.65655525160763,
    "suhi_night": 0.9931475428314229,
    "suhi_day_night_diff": 0.43653748228962286,
    "day_stronger_than_night": true,
    "uncertainty_day": {
      "urban_core": {
        "mean": 42.63431450225513,
        "stdDev": 4.3589117072096615,
        "count": 424,
        "stdError": 0.21168746582381553,
        "ci95": [
          42.219407069240454,
          43.049221935269806
        ]
      },
      "rural_ring": {
        "mean": 41.204629477134084,
        "stdDev": 4.761551569101435,
        "count": 4739,
        "stdError": 0.06916798721071833,
        "ci95": [
          41.069060222201074,
          41.340198732067094
        ]
      }
    },
    "uncertainty_night": {
      "urban_core": {
        "mean": 21.649702794439055,
        "stdDev": 1.2880444233839052,
        "count": 424,
        "stdError": 0.06255296692604508,
        "ci95": [
          21.527098979264007,
          21.772306609614102
        ]
      },
      "rural_ring": {
        "mean": 20.65655525160763,
        "stdDev": 1.5828339824463828,
        "count": 4739,
        "stdError": 0.02299280792525414,
        "ci95": [
          20.611489348074134,
          20.70162115514113
        ]
      }
    }
  }
}