{
  "city": "Nukus",
  "year": 2024,
  "stats": {
    "urban_mean": 38.85667670095871,
    "rural_mean": 39.01447448402325,
    "suhi": -0.15779778306454517
  }
}