{
  "city": "Nukus",
  "year": 2024,
  "stats": {
    "urban_mean": 38.85667670095871,
    "rural_mean": 39.01447448402325,
    "suhi": -0.15779778306454517,
    "uncertainty": {
      "urban_core": {
        "mean": 38.85667670095871,
        "stdDev": 3.9393105262829846,
        "count": 6747,
        "stdError": 0.04795841941679742,
        "ci95": [
          38.76267819890179,
          38.95067520301563
        ]
      },
      "rural_ring": {
        "mean": 39.01447448402325,
        "stdDev": 4.650883525572752,
        "count": 173,
        "stdError": 0.3536001265958176,
        "ci95": [
          38.32141823589545,
          39.707530732151056
        ]
      }
    }
  }
}