{
  "city": "Nukus",
  "year": 2019,
  "stats": {
    "urban_mean": 36.271448435101014,
    "rural_mean": 35.759797748656126,
    "suhi": 0.511650686444888
  }
}