{
  "city": "Nukus",
  "year": 2021,
  "stats": {
    "day_urban_mean": 43.17242507090717,
    "day_rural_mean": 42.389840789079095,
    "suhi_day": 0.7825842818280719,
    "night_urban_mean": 23.201851490212498,
    "night_rural_mean": 22.00126303354048,
    "suhi_night": 1.200588456672019,
    "suhi_day_night_diff": -0.41800417484394714,
    "day_stronger_than_night": false,
    "uncertainty_day": {
      "urban_core": {
        "mean": 43.17242507090717,
        "stdDev": 4.244299980523869,
        "count": 424,
        "stdError": 0.20612142833430228,
        "ci95": [
          42.76842707137193,
          43.5764230704424
        ]
      },
      "rural_ring": {
        "mean": 42.389840789079095,
        "stdDev": 4.454480975411391,
        "count": 4739,
        "stdError": 0.0647073708362224,
        "ci95": [
          42.2630143422401,
          42.51666723591809
        ]
      }
    },
    "uncertainty_night": {
      "urban_core": {
        "mean": 23.201851490212498,
        "stdDev": 0.9461238681056022,
        "count": 424,
        "stdError": 0.04594783685648701,
        "ci95": [
          23.111793729973783,
          23.291909250451212
        ]
      },
      "rural_ring": {
        "mean": 22.00126303354048,
        "stdDev": 1.2272749393464792,
        "count": 4739,
        "stdError": 0.01782783113378563,
        "ci95": [
          21.96632048451826,
          22.036205582562697
        ]
      }
    }
  }
}