{
  "city": "Nukus",
  "year": 2016,
  "stats": {
    "urban_mean": 35.598736248117106,
    "rural_mean": 35.81101091160539,
    "suhi": -0.21227466348828727,
    "uncertainty": {
      "urban_core": {
        "mean": 35.598736248117106,
        "stdDev": 3.980926079908698,
        "count": 6747,
        "stdError": 0.04846506040428194,
        "ci95": [
          35.503744729724716,
          35.6937277665095
        ]
      },
      "rural_ring": {
        "mean": 35.81101091160539,
        "stdDev": 4.889932175557318,
        "count": 173,
        "stdError": 0.3717746589039971,
        "ci95": [
          35.08233258015356,
          36.539689243057225
        ]
      }
    }
  }
}