{
  "city": "Nukus",
  "year": 2016,
  "stats": {
    "day_urban_mean": 41.62882540568194,
    "day_rural_mean": 39.826717420084066,
    "suhi_day": 1.8021079855978712,
    "night_urban_mean": 22.589155344771502,
    "night_rural_mean": 21.953695063616433,
    "suhi_night": 0.6354602811550691,
    "suhi_day_night_diff": 1.166647704442802,
    "day_stronger_than_night": true,
    "uncertainty_day": {
      "urban_core": {
        "mean": 41.62882540568194,
        "stdDev": 4.485002329418506,
        "count": 424,
        "stdError": 0.2178109677601796,
        "ci95": [
          41.20191590887198,
          42.05573490249189
        ]
      },
      "rural_ring": {
        "mean": 39.826717420084066,
        "stdDev": 5.037703809388388,
        "count": 4739,
        "stdError": 0.07317947261567084,
        "ci95": [
          39.68328565375735,
          39.97014918641078
        ]
      }
    },
    "uncertainty_night": {
      "urban_core": {
        "mean": 22.589155344771502,
        "stdDev": 0.9430517425294794,
        "count": 424,
        "stdError": 0.0457986412495133,
        "ci95": [
          22.499390007922457,
          22.678920681620546
        ]
      },
      "rural_ring": {
        "mean": 21.953695063616433,
        "stdDev": 1.0763541288475262,
        "count": 4739,
        "stdError": 0.015635501902666375,
        "ci95": [
          21.923049479887208,
          21.984340647345658
        ]
      }
    }
  }
}