{
  "city": "Nukus",
  "year": 2022,
  "stats": {
    "urban_mean": 39.8256086707189,
    "rural_mean": 39.65107980775431,
    "suhi": 0.1745288629645927,
    "uncertainty": {
      "urban_core": {
        "mean": 39.8256086707189,
        "stdDev": 4.052595101743891,
        "count": 6747,
        "stdError": 0.04933758187356732,
        "ci95": [
          39.72890701024671,
          39.92231033119109
        ]
      },
      "rural_ring": {
        "mean": 39.65107980775431,
        "stdDev": 5.124443740349326,
        "count": 173,
        "stdError": 0.3896042430126263,
        "ci95": [
          38.88745549144956,
          40.41470412405906
        ]
      }
    }
  }
}