{
  "city": "Nurafshon",
  "year": 2017,
  "generated": {
    "summer_veg_tif": "suhi_analysis_output\\vegetation\\Nurafshon\\Nurafshon_ndvi_evi_summer_2017.tif",
    "winter_veg_tif": "suhi_analysis_output\\vegetation\\Nurafshon\\Nurafshon_ndvi_evi_winter_2017.tif",
    "ndvi_change_tif": "suhi_analysis_output\\vegetation\\Nurafshon\\Nurafshon_ndvi_change_2017.tif",
    "evi_change_tif": "suhi_analysis_output\\vegetation\\Nurafshon\\Nurafshon_evi_change_2017.tif",
    "summer_lst_tif": "suhi_analysis_output\\temperature\\Nurafshon\\Nurafshon_lst_summer_2017.tif",
    "winter_lst_tif": "suhi_analysis_output\\temperature\\Nurafshon\\Nurafshon_lst_winter_2017.tif",
    "lst_change_tif": "suhi_analysis_output\\temperature\\Nurafshon\\Nurafshon_lst_change_2017.tif"
  },
  "stats": {
    "summer_ndvi_mean": 0.38165555194984574,
    "winter_ndvi_mean": 0.018770656478380575,
    "ndvi_change_mean": 0.3486672706707067,
    "summer_evi_mean": 0.28344311204867895,
    "winter_evi_mean": 0.0788753143519198,
    "evi_change_mean": 0.19548428805931797,
    "summer_lst_mean": 28.265691800883292,
    "winter_lst_mean": 2.2028241187824116,
    "lst_change_mean": 26.06286768210088,
    "summer_biomass_t_per_ha": 6.762606768266265,
    "winter_biomass_t_per_ha": 0.0,
    "biomass_change_t_per_ha": 6.762606768266265
  },
  "uncertainty": {
    "summer_ndvi": {
      "city": {
        "mean": 0.38165555194984574,
        "stdDev": 0.1905565660061,
        "count": 375400,
        "stdError": 0.0003110117405155492,
        "ci95": [
          0.3810459689384353,
          0.3822651349612562
        ]
      }
    },
    "winter_ndvi": {
      "city": {
        "mean": 0.018770656478380575,
        "stdDev": 0.02032132585874616,
        "count": 1489,
        "stdError": 0.0005266289032940093,
        "ci95": [
          0.017738463827924315,
          0.019802849128836834
        ]
      }
    },
    "ndvi_change": {
      "city": {
        "mean": 0.3486672706707067,
        "stdDev": 0.1708338204514085,
        "count": 1489,
        "stdError": 0.0044271731153373624,
        "ci95": [
          0.33999001136464546,
          0.3573445299767679
        ]
      }
    },
    "summer_evi": {
      "city": {
        "mean": 0.28344311204867895,
        "stdDev": 0.12838556864104095,
        "count": 375400,
        "stdError": 0.00020954103024112253,
        "ci95": [
          0.28303241162940634,
          0.28385381246795155
        ]
      }
    },
    "winter_evi": {
      "city": {
        "mean": 0.0788753143519198,
        "stdDev": 0.5463042290115371,
        "count": 1489,
        "stdError": 0.014157520970286549,
        "ci95": [
          0.05112657325015817,
          0.10662405545368144
        ]
      }
    },
    "evi_change": {
      "city": {
        "mean": 0.19548428805931797,
        "stdDev": 0.5576645115933128,
        "count": 1489,
        "stdError": 0.014451923668158532,
        "ci95": [
          0.16715851766972725,
          0.2238100584489087
        ]
      }
    },
    "summer_lst": {
      "city": {
        "mean": 28.265691800883292,
        "stdDev": 0.6975666382349631,
        "count": 375402,
        "stdError": 0.0011385114714847694,
        "ci95": [
          28.263460318399183,
          28.267923283367402
        ]
      }
    },
    "winter_lst": {
      "city": {
        "mean": 2.2028241187824116,
        "stdDev": 0.4676085052104988,
        "count": 375402,
        "stdError": 0.0007631925298105732,
        "ci95": [
          2.2013282614239826,
          2.2043199761408405
        ]
      }
    },
    "lst_change": {
      "city": {
        "mean": 26.062867682107417,
        "stdDev": 0.8141974887704355,
        "count": 375402,
        "stdError": 0.001328866849717371,
        "ci95": [
          26.060263103081972,
          26.06547226113286
        ]
      }
    }
  }
}