{
  "city": "Nurafshon",
  "year": 2020,
  "generated": {
    "summer_veg_tif": "suhi_analysis_output\\vegetation\\Nurafshon\\Nurafshon_ndvi_evi_summer_2020.tif",
    "winter_veg_tif": "suhi_analysis_output\\vegetation\\Nurafshon\\Nurafshon_ndvi_evi_winter_2020.tif",
    "ndvi_change_tif": "suhi_analysis_output\\vegetation\\Nurafshon\\Nurafshon_ndvi_change_2020.tif",
    "evi_change_tif": "suhi_analysis_output\\vegetation\\Nurafshon\\Nurafshon_evi_change_2020.tif",
    "summer_lst_tif": "suhi_analysis_output\\temperature\\Nurafshon\\Nurafshon_lst_summer_2020.tif",
    "winter_lst_tif": "suhi_analysis_output\\temperature\\Nurafshon\\Nurafshon_lst_winter_2020.tif",
    "lst_change_tif": "suhi_analysis_output\\temperature\\Nurafshon\\Nurafshon_lst_change_2020.tif"
  },
  "stats": {
    "summer_ndvi_mean": 0.4065536700468172,
    "winter_ndvi_mean": 0.16769751990759335,
    "ndvi_change_mean": 0.2388561501392229,
    "summer_evi_mean": 0.3074107543791936,
    "winter_evi_mean": 0.0860129083360365,
    "evi_change_mean": 0.2213978460431452,
    "summer_lst_mean": 27.667866718402525,
    "winter_lst_mean": 3.8782181047483126,
    "lst_change_mean": 23.78964861365421,
    "summer_biomass_t_per_ha": 7.2414167316695615,
    "winter_biomass_t_per_ha": 2.6480292289921796,
    "biomass_change_t_per_ha": 4.593387502677382
  },
  "uncertainty": {
    "summer_ndvi": {
      "city": {
        "mean": 0.4065536700468172,
        "stdDev": 0.2249864765584376,
        "count": 375402,
        "stdError": 0.00036720460877952824,
        "ci95": [
          0.4058339490136093,
          0.4072733910800251
        ]
      }
    },
    "winter_ndvi": {
      "city": {
        "mean": 0.16769751990759335,
        "stdDev": 0.23526824922213302,
        "count": 375402,
        "stdError": 0.000383985680985669,
        "ci95": [
          0.16694490797286143,
          0.16845013184232527
        ]
      }
    },
    "ndvi_change": {
      "city": {
        "mean": 0.2388561501392229,
        "stdDev": 0.2074436436374075,
        "count": 375402,
        "stdError": 0.0003385726252123813,
        "ci95": [
          0.23819254779380664,
          0.23951975248463916
        ]
      }
    },
    "summer_evi": {
      "city": {
        "mean": 0.3074107543791936,
        "stdDev": 0.14481001607439065,
        "count": 375402,
        "stdError": 0.0002363471178950716,
        "ci95": [
          0.3069475140281192,
          0.30787399473026794
        ]
      }
    },
    "winter_evi": {
      "city": {
        "mean": 0.0860129083360365,
        "stdDev": 0.04646197194325743,
        "count": 375402,
        "stdError": 7.583144770089262e-05,
        "ci95": [
          0.08586427869854275,
          0.08616153797353025
        ]
      }
    },
    "evi_change": {
      "city": {
        "mean": 0.2213978460431452,
        "stdDev": 0.13982782483938253,
        "count": 375402,
        "stdError": 0.00022821559100820663,
        "ci95": [
          0.2209505434847691,
          0.22184514860152127
        ]
      }
    },
    "summer_lst": {
      "city": {
        "mean": 27.667866718402525,
        "stdDev": 0.6918068096909162,
        "count": 375402,
        "stdError": 0.001129110748296838,
        "ci95": [
          27.665653661335863,
          27.670079775469187
        ]
      }
    },
    "winter_lst": {
      "city": {
        "mean": 3.8782181047483126,
        "stdDev": 0.615593270168634,
        "count": 375402,
        "stdError": 0.0010047212143476107,
        "ci95": [
          3.8762488511681914,
          3.880187358328434
        ]
      }
    },
    "lst_change": {
      "city": {
        "mean": 23.789648613664554,
        "stdDev": 0.8644493485362517,
        "count": 375402,
        "stdError": 0.001410883843751932,
        "ci95": [
          23.786883281330798,
          23.79241394599831
        ]
      }
    }
  }
}