{
  "city": "Nurafshon",
  "year": 2022,
  "generated": {
    "summer_veg_tif": "suhi_analysis_output\\vegetation\\Nurafshon\\Nurafshon_ndvi_evi_summer_2022.tif",
    "winter_veg_tif": "suhi_analysis_output\\vegetation\\Nurafshon\\Nurafshon_ndvi_evi_winter_2022.tif",
    "ndvi_change_tif": "suhi_analysis_output\\vegetation\\Nurafshon\\Nurafshon_ndvi_change_2022.tif",
    "evi_change_tif": "suhi_analysis_output\\vegetation\\Nurafshon\\Nurafshon_evi_change_2022.tif",
    "summer_lst_tif": "suhi_analysis_output\\temperature\\Nurafshon\\Nurafshon_lst_summer_2022.tif",
    "winter_lst_tif": "suhi_analysis_output\\temperature\\Nurafshon\\Nurafshon_lst_winter_2022.tif",
    "lst_change_tif": "suhi_analysis_output\\temperature\\Nurafshon\\Nurafshon_lst_change_2022.tif"
  },
  "stats": {
    "summer_ndvi_mean": 0.38309053419092004,
    "winter_ndvi_mean": 0.2174404868231188,
    "ndvi_change_mean": 0.16565289795720392,
    "summer_evi_mean": 0.283075241525555,
    "winter_evi_mean": 0.11158954639099378,
    "evi_change_mean": 0.17148768048070287,
    "summer_lst_mean": 28.648752391667077,
    "winter_lst_mean": 3.8036403432000263,
    "lst_change_mean": 24.84511204846705,
    "summer_biomass_t_per_ha": 6.790202580594617,
    "winter_biomass_t_per_ha": 3.604624746598439,
    "biomass_change_t_per_ha": 3.1855778339961778
  },
  "uncertainty": {
    "summer_ndvi": {
      "city": {
        "mean": 0.38309053419092004,
        "stdDev": 0.20670066071317716,
        "count": 375402,
        "stdError": 0.0003373599889766607,
        "ci95": [
          0.3824293086125258,
          0.3837517597693143
        ]
      }
    },
    "winter_ndvi": {
      "city": {
        "mean": 0.2174404868231188,
        "stdDev": 0.17432463007065852,
        "count": 375399,
        "stdError": 0.00028451960466022006,
        "ci95": [
          0.21688282839798478,
          0.21799814524825284
        ]
      }
    },
    "ndvi_change": {
      "city": {
        "mean": 0.16565289795720392,
        "stdDev": 0.2073031610675721,
        "count": 375399,
        "stdError": 0.00033834469293210376,
        "ci95": [
          0.164989742359057,
          0.16631605355535084
        ]
      }
    },
    "summer_evi": {
      "city": {
        "mean": 0.283075241525555,
        "stdDev": 0.14595393433861187,
        "count": 375402,
        "stdError": 0.00023821412814881905,
        "ci95": [
          0.2826083418343833,
          0.2835421412167267
        ]
      }
    },
    "winter_evi": {
      "city": {
        "mean": 0.11158954639099378,
        "stdDev": 0.06672462244431086,
        "count": 375399,
        "stdError": 0.00010890293122241448,
        "ci95": [
          0.11137609664579784,
          0.11180299613618971
        ]
      }
    },
    "evi_change": {
      "city": {
        "mean": 0.17148768048070287,
        "stdDev": 0.15224992434136145,
        "count": 375399,
        "stdError": 0.000248490923317001,
        "ci95": [
          0.17100063827100154,
          0.1719747226904042
        ]
      }
    },
    "summer_lst": {
      "city": {
        "mean": 28.648752391667077,
        "stdDev": 0.823862835776974,
        "count": 375402,
        "stdError": 0.0013446418421548941,
        "ci95": [
          28.646116893656455,
          28.6513878896777
        ]
      }
    },
    "winter_lst": {
      "city": {
        "mean": 3.8036403432000263,
        "stdDev": 0.4105645910331148,
        "count": 375402,
        "stdError": 0.0006700900975703021,
        "ci95": [
          3.8023269666087884,
          3.804953719791264
        ]
      }
    },
    "lst_change": {
      "city": {
        "mean": 24.84511204846199,
        "stdDev": 0.9997728186468008,
        "count": 375402,
        "stdError": 0.0016317477937135005,
        "ci95": [
          24.84191382278631,
          24.848310274137667
        ]
      }
    }
  }
}