{
  "city": "Nurafshon",
  "year": 2018,
  "generated": {
    "summer_veg_tif": "suhi_analysis_output\\vegetation\\Nurafshon\\Nurafshon_ndvi_evi_summer_2018.tif",
    "winter_veg_tif": "suhi_analysis_output\\vegetation\\Nurafshon\\Nurafshon_ndvi_evi_winter_2018.tif",
    "ndvi_change_tif": "suhi_analysis_output\\vegetation\\Nurafshon\\Nurafshon_ndvi_change_2018.tif",
    "evi_change_tif": "suhi_analysis_output\\vegetation\\Nurafshon\\Nurafshon_evi_change_2018.tif",
    "summer_lst_tif": "suhi_analysis_output\\temperature\\Nurafshon\\Nurafshon_lst_summer_2018.tif",
    "winter_lst_tif": "suhi_analysis_output\\temperature\\Nurafshon\\Nurafshon_lst_winter_2018.tif",
    "lst_change_tif": "suhi_analysis_output\\temperature\\Nurafshon\\Nurafshon_lst_change_2018.tif"
  },
  "stats": {
    "summer_ndvi_mean": 0.38503760955386435,
    "winter_ndvi_mean": 0.13339152746974106,
    "ndvi_change_mean": 0.2517344425523204,
    "summer_evi_mean": 0.2829184992610173,
    "winter_evi_mean": 0.08343469349045024,
    "evi_change_mean": 0.1995480471528988,
    "summer_lst_mean": 28.60973339142429,
    "winter_lst_mean": 3.454727283629859,
    "lst_change_mean": 25.15500610779443,
    "summer_biomass_t_per_ha": 6.827646337574313,
    "winter_biomass_t_per_ha": 1.9882986051873281,
    "biomass_change_t_per_ha": 4.839347732386985
  },
  "uncertainty": {
    "summer_ndvi": {
      "city": {
        "mean": 0.38503760955386435,
        "stdDev": 0.17392102968083245,
        "count": 375402,
        "stdError": 0.0002838597441028627,
        "ci95": [
          0.38448124445542275,
          0.38559397465230594
        ]
      }
    },
    "winter_ndvi": {
      "city": {
        "mean": 0.13339152746974106,
        "stdDev": 0.08380975508507597,
        "count": 375084,
        "stdError": 0.0001368454311206222,
        "ci95": [
          0.13312331042474465,
          0.13365974451473747
        ]
      }
    },
    "ndvi_change": {
      "city": {
        "mean": 0.2517344425523204,
        "stdDev": 0.17094346840986396,
        "count": 375084,
        "stdError": 0.00027911825548298093,
        "ci95": [
          0.25118737077157377,
          0.25228151433306706
        ]
      }
    },
    "summer_evi": {
      "city": {
        "mean": 0.2829184992610173,
        "stdDev": 0.12788844051222556,
        "count": 375402,
        "stdError": 0.00020872910000667587,
        "ci95": [
          0.2825093902250042,
          0.2833276082970304
        ]
      }
    },
    "winter_evi": {
      "city": {
        "mean": 0.08343469349045024,
        "stdDev": 0.03420187310595543,
        "count": 375084,
        "stdError": 5.584517059578808e-05,
        "ci95": [
          0.0833252369560825,
          0.08354415002481798
        ]
      }
    },
    "evi_change": {
      "city": {
        "mean": 0.1995480471528988,
        "stdDev": 0.12379308693335925,
        "count": 375084,
        "stdError": 0.00020213062708454102,
        "ci95": [
          0.1991518711238131,
          0.19994422318198452
        ]
      }
    },
    "summer_lst": {
      "city": {
        "mean": 28.60973339142429,
        "stdDev": 0.7342355963132878,
        "count": 375402,
        "stdError": 0.001198359559296424,
        "ci95": [
          28.60738460668807,
          28.61208217616051
        ]
      }
    },
    "winter_lst": {
      "city": {
        "mean": 3.454727283629859,
        "stdDev": 0.5972367734092133,
        "count": 375402,
        "stdError": 0.0009747612349114469,
        "ci95": [
          3.4528167516094324,
          3.4566378156502853
        ]
      }
    },
    "lst_change": {
      "city": {
        "mean": 25.155006107787447,
        "stdDev": 0.8071441542234621,
        "count": 375402,
        "stdError": 0.001317354971347918,
        "ci95": [
          25.152424092043606,
          25.157588123531287
        ]
      }
    }
  }
}