{
  "city": "Nurafshon",
  "year": 2018,
  "generated": {
    "summer_veg_tif": "D:\\dev\\Uzbekistan_URBAN_research\\suhi_analysis_output\\vegetation\\Nurafshon\\Nurafshon_ndvi_evi_summer_2018.tif",
    "winter_veg_tif": "D:\\dev\\Uzbekistan_URBAN_research\\suhi_analysis_output\\vegetation\\Nurafshon\\Nurafshon_ndvi_evi_winter_2018.tif",
    "ndvi_change_tif": "D:\\dev\\Uzbekistan_URBAN_research\\suhi_analysis_output\\vegetation\\Nurafshon\\Nurafshon_ndvi_change_2018.tif",
    "evi_change_tif": "D:\\dev\\Uzbekistan_URBAN_research\\suhi_analysis_output\\vegetation\\Nurafshon\\Nurafshon_evi_change_2018.tif",
    "summer_lst_tif": "D:\\dev\\Uzbekistan_URBAN_research\\suhi_analysis_output\\temperature\\Nurafshon\\Nurafshon_lst_summer_2018.tif",
    "winter_lst_tif": "D:\\dev\\Uzbekistan_URBAN_research\\suhi_analysis_output\\temperature\\Nurafshon\\Nurafshon_lst_winter_2018.tif",
    "lst_change_tif": "D:\\dev\\Uzbekistan_URBAN_research\\suhi_analysis_output\\temperature\\Nurafshon\\Nurafshon_lst_change_2018.tif"
  },
  "stats": {
    "summer_ndvi_mean": 0.38571335169986615,
    "winter_ndvi_mean": 0.134703487270493,
    "ndvi_change_mean": 0.2510098644293726,
    "summer_evi_mean": 0.28051128913867224,
    "winter_evi_mean": 0.08276132421071448,
    "evi_change_mean": 0.19774996492795796,
    "summer_lst_mean": 40.45775685325452,
    "winter_lst_mean": 0.41934497659095366,
    "lst_change_mean": 40.03841187666356,
    "summer_biomass_t_per_ha": 6.84064137884358,
    "winter_biomass_t_per_ha": 2.0135286013556346,
    "biomass_change_t_per_ha": 4.827112777487946
  },
  "uncertainty": {
    "summer_ndvi": {
      "city": {
        "mean": 0.38571335169986615,
        "stdDev": 0.12576880794553935,
        "count": 1344,
        "stdError": 0.0034306254909214143,
        "ci95": [
          0.3789893257376602,
          0.3924373776620721
        ]
      }
    },
    "winter_ndvi": {
      "city": {
        "mean": 0.134703487270493,
        "stdDev": 0.0687683927371761,
        "count": 1344,
        "stdError": 0.0018758116972533386,
        "ci95": [
          0.13102689634387646,
          0.13838007819710954
        ]
      }
    },
    "ndvi_change": {
      "city": {
        "mean": 0.2510098644293726,
        "stdDev": 0.125184594550553,
        "count": 1344,
        "stdError": 0.003414689764108723,
        "ci95": [
          0.24431707249171952,
          0.2577026563670257
        ]
      }
    },
    "summer_evi": {
      "city": {
        "mean": 0.28051128913867224,
        "stdDev": 0.09069259702957468,
        "count": 1344,
        "stdError": 0.002473843397977102,
        "ci95": [
          0.2756625560786371,
          0.2853600221987074
        ]
      }
    },
    "winter_evi": {
      "city": {
        "mean": 0.08276132421071448,
        "stdDev": 0.027083585594044075,
        "count": 1344,
        "stdError": 0.0007387653635447768,
        "ci95": [
          0.08131334409816672,
          0.08420930432326225
        ]
      }
    },
    "evi_change": {
      "city": {
        "mean": 0.19774996492795796,
        "stdDev": 0.08555745749730666,
        "count": 1344,
        "stdError": 0.002333770983627231,
        "ci95": [
          0.19317577380004858,
          0.20232415605586734
        ]
      }
    },
    "summer_lst": {
      "city": {
        "mean": 40.45775685325452,
        "stdDev": 3.40873825020551,
        "count": 1344,
        "stdError": 0.09298095866582184,
        "ci95": [
          40.27551417426951,
          40.639999532239536
        ]
      }
    },
    "winter_lst": {
      "city": {
        "mean": 0.41934497659095366,
        "stdDev": 4.442927581120354,
        "count": 1344,
        "stdError": 0.12119078540292307,
        "ci95": [
          0.18181103720122446,
          0.6568789159806828
        ]
      }
    },
    "lst_change": {
      "city": {
        "mean": 40.03841187666356,
        "stdDev": 5.674297555937946,
        "count": 1344,
        "stdError": 0.15477915515350332,
        "ci95": [
          39.73504473256269,
          40.34177902076443
        ]
      }
    }
  }
}