{
  "city": "Nurafshon",
  "year": 2019,
  "generated": {
    "summer_veg_tif": "suhi_analysis_output\\vegetation\\Nurafshon\\Nurafshon_ndvi_evi_summer_2019.tif",
    "winter_veg_tif": "suhi_analysis_output\\vegetation\\Nurafshon\\Nurafshon_ndvi_evi_winter_2019.tif",
    "ndvi_change_tif": "suhi_analysis_output\\vegetation\\Nurafshon\\Nurafshon_ndvi_change_2019.tif",
    "evi_change_tif": "suhi_analysis_output\\vegetation\\Nurafshon\\Nurafshon_evi_change_2019.tif",
    "summer_lst_tif": "suhi_analysis_output\\temperature\\Nurafshon\\Nurafshon_lst_summer_2019.tif",
    "winter_lst_tif": "suhi_analysis_output\\temperature\\Nurafshon\\Nurafshon_lst_winter_2019.tif",
    "lst_change_tif": "suhi_analysis_output\\temperature\\Nurafshon\\Nurafshon_lst_change_2019.tif"
  },
  "stats": {
    "summer_ndvi_mean": 0.3900584142214751,
    "winter_ndvi_mean": 0.2342274366476426,
    "ndvi_change_mean": 0.15588814165107975,
    "summer_evi_mean": 0.2870053464128532,
    "winter_evi_mean": 0.12009292078003744,
    "evi_change_mean": 0.16695251030903363,
    "summer_lst_mean": 28.719403610808847,
    "winter_lst_mean": 3.9122019085061903,
    "lst_change_mean": 24.807201702302656,
    "summer_biomass_t_per_ha": 6.924200273489905,
    "winter_biomass_t_per_ha": 3.9274507047623572,
    "biomass_change_t_per_ha": 2.996749568727548
  },
  "uncertainty": {
    "summer_ndvi": {
      "city": {
        "mean": 0.3900584142214751,
        "stdDev": 0.2027388335559206,
        "count": 375402,
        "stdError": 0.0003308938172600924,
        "ci95": [
          0.3894098623396453,
          0.39070696610330485
        ]
      }
    },
    "winter_ndvi": {
      "city": {
        "mean": 0.2342274366476426,
        "stdDev": 0.25201270684588273,
        "count": 375271,
        "stdError": 0.000411386406204538,
        "ci95": [
          0.23342111929148168,
          0.2350337540038035
        ]
      }
    },
    "ndvi_change": {
      "city": {
        "mean": 0.15588814165107975,
        "stdDev": 0.2344943758033953,
        "count": 375271,
        "stdError": 0.0003827894225822892,
        "ci95": [
          0.15513787438281848,
          0.15663840891934103
        ]
      }
    },
    "summer_evi": {
      "city": {
        "mean": 0.2870053464128532,
        "stdDev": 0.13525322060433081,
        "count": 375402,
        "stdError": 0.0002207492944371902,
        "ci95": [
          0.2865726777957563,
          0.2874380150299501
        ]
      }
    },
    "winter_evi": {
      "city": {
        "mean": 0.12009292078003744,
        "stdDev": 0.07560572910582415,
        "count": 375271,
        "stdError": 0.00012341905126371204,
        "ci95": [
          0.11985101943956057,
          0.12033482212051431
        ]
      }
    },
    "evi_change": {
      "city": {
        "mean": 0.16695251030903363,
        "stdDev": 0.14641358595727175,
        "count": 375271,
        "stdError": 0.00023900603941894168,
        "ci95": [
          0.1664840584717725,
          0.16742096214629476
        ]
      }
    },
    "summer_lst": {
      "city": {
        "mean": 28.719403610808847,
        "stdDev": 0.7281917970595037,
        "count": 375402,
        "stdError": 0.001188495362236778,
        "ci95": [
          28.717074159898864,
          28.72173306171883
        ]
      }
    },
    "winter_lst": {
      "city": {
        "mean": 3.9122019085061903,
        "stdDev": 0.42284442107597087,
        "count": 375402,
        "stdError": 0.0006901322363501183,
        "ci95": [
          3.910849249322944,
          3.9135545676894368
        ]
      }
    },
    "lst_change": {
      "city": {
        "mean": 24.807201702305427,
        "stdDev": 0.8539729012383463,
        "count": 375402,
        "stdError": 0.0013937850394581217,
        "ci95": [
          24.80446988362809,
          24.809933520982764
        ]
      }
    }
  }
}