{
  "city": "Nurafshon",
  "year": 2021,
  "generated": {
    "summer_veg_tif": "suhi_analysis_output\\vegetation\\Nurafshon\\Nurafshon_ndvi_evi_summer_2021.tif",
    "winter_veg_tif": "suhi_analysis_output\\vegetation\\Nurafshon\\Nurafshon_ndvi_evi_winter_2021.tif",
    "ndvi_change_tif": "suhi_analysis_output\\vegetation\\Nurafshon\\Nurafshon_ndvi_change_2021.tif",
    "evi_change_tif": "suhi_analysis_output\\vegetation\\Nurafshon\\Nurafshon_evi_change_2021.tif",
    "summer_lst_tif": "suhi_analysis_output\\temperature\\Nurafshon\\Nurafshon_lst_summer_2021.tif",
    "winter_lst_tif": "suhi_analysis_output\\temperature\\Nurafshon\\Nurafshon_lst_winter_2021.tif",
    "lst_change_tif": "suhi_analysis_output\\temperature\\Nurafshon\\Nurafshon_lst_change_2021.tif"
  },
  "stats": {
    "summer_ndvi_mean": 0.36281140181858595,
    "winter_ndvi_mean": 0.16432930468868348,
    "ndvi_change_mean": 0.19849839720746063,
    "summer_evi_mean": 0.2677304581175468,
    "winter_evi_mean": 0.08442257445308424,
    "evi_change_mean": 0.18331874311529323,
    "summer_lst_mean": 28.972543297306093,
    "winter_lst_mean": 4.710915985427508,
    "lst_change_mean": 24.261627311878584,
    "summer_biomass_t_per_ha": 6.400219265742036,
    "winter_biomass_t_per_ha": 2.583255859397759,
    "biomass_change_t_per_ha": 3.816963406344277
  },
  "uncertainty": {
    "summer_ndvi": {
      "city": {
        "mean": 0.36281140181858595,
        "stdDev": 0.1637406148523502,
        "count": 375402,
        "stdError": 0.00026724409990286493,
        "ci95": [
          0.3622876033827763,
          0.3633352002543956
        ]
      }
    },
    "winter_ndvi": {
      "city": {
        "mean": 0.16432930468868348,
        "stdDev": 0.10471526246752101,
        "count": 375382,
        "stdError": 0.00017091227838868673,
        "ci95": [
          0.16399431662304165,
          0.16466429275432531
        ]
      }
    },
    "ndvi_change": {
      "city": {
        "mean": 0.19849839720746063,
        "stdDev": 0.1487096808990283,
        "count": 375382,
        "stdError": 0.00024271829895657033,
        "ci95": [
          0.19802266934150575,
          0.1989741250734155
        ]
      }
    },
    "summer_evi": {
      "city": {
        "mean": 0.2677304581175468,
        "stdDev": 0.12002024265777532,
        "count": 375402,
        "stdError": 0.00019588726809242356,
        "ci95": [
          0.2673465190720857,
          0.26811439716300794
        ]
      }
    },
    "winter_evi": {
      "city": {
        "mean": 0.08442257445308424,
        "stdDev": 0.041939752171510185,
        "count": 375382,
        "stdError": 6.845247225458604e-05,
        "ci95": [
          0.08428840760746525,
          0.08455674129870322
        ]
      }
    },
    "evi_change": {
      "city": {
        "mean": 0.18331874311529323,
        "stdDev": 0.11265342334084824,
        "count": 375382,
        "stdError": 0.00018386864338368537,
        "ci95": [
          0.1829583605742612,
          0.18367912565632524
        ]
      }
    },
    "summer_lst": {
      "city": {
        "mean": 28.972543297306093,
        "stdDev": 0.8502713247350054,
        "count": 375402,
        "stdError": 0.001387743627669428,
        "ci95": [
          28.96982331979586,
          28.975263274816324
        ]
      }
    },
    "winter_lst": {
      "city": {
        "mean": 4.710915985427508,
        "stdDev": 1.1174509285756287,
        "count": 375402,
        "stdError": 0.0018238124234607278,
        "ci95": [
          4.707341313077524,
          4.714490657777491
        ]
      }
    },
    "lst_change": {
      "city": {
        "mean": 24.261627311872495,
        "stdDev": 0.9447458388919415,
        "count": 375402,
        "stdError": 0.0015419372376201267,
        "ci95": [
          24.25860511488676,
          24.26464950885823
        ]
      }
    }
  }
}