{
  "city": "Samarkand",
  "year": 2022,
  "generated": {
    "summer_veg_tif": "suhi_analysis_output\\vegetation\\Samarkand\\Samarkand_ndvi_evi_summer_2022.tif",
    "winter_veg_tif": "suhi_analysis_output\\vegetation\\Samarkand\\Samarkand_ndvi_evi_winter_2022.tif",
    "ndvi_change_tif": "suhi_analysis_output\\vegetation\\Samarkand\\Samarkand_ndvi_change_2022.tif",
    "evi_change_tif": "suhi_analysis_output\\vegetation\\Samarkand\\Samarkand_evi_change_2022.tif",
    "summer_lst_tif": "suhi_analysis_output\\temperature\\Samarkand\\Samarkand_lst_summer_2022.tif",
    "winter_lst_tif": "suhi_analysis_output\\temperature\\Samarkand\\Samarkand_lst_winter_2022.tif",
    "lst_change_tif": "suhi_analysis_output\\temperature\\Samarkand\\Samarkand_lst_change_2022.tif"
  },
  "stats": {
    "summer_ndvi_mean": 0.3467465639881776,
    "winter_ndvi_mean": 0.18295799196066634,
    "ndvi_change_mean": 0.1766403865565064,
    "summer_evi_mean": 0.2617339610073364,
    "winter_evi_mean": 0.08782754961651207,
    "evi_change_mean": 0.18318777671452008,
    "summer_lst_mean": 28.685549210419545,
    "winter_lst_mean": 3.8159952863480355,
    "lst_change_mean": 24.86955392407151,
    "summer_biomass_t_per_ha": 6.091280076695722,
    "winter_biomass_t_per_ha": 2.9414998453974297,
    "biomass_change_t_per_ha": 3.1497802312982923
  },
  "uncertainty": {
    "summer_ndvi": {
      "city": {
        "mean": 0.3467465639881776,
        "stdDev": 0.17848522587975776,
        "count": 829267,
        "stdError": 0.00019599955328505463,
        "ci95": [
          0.34636240486373887,
          0.34713072311261634
        ]
      }
    },
    "winter_ndvi": {
      "city": {
        "mean": 0.18295799196066634,
        "stdDev": 0.12813822913022602,
        "count": 735378,
        "stdError": 0.00014942504702818797,
        "ci95": [
          0.1826651188684911,
          0.18325086505284158
        ]
      }
    },
    "ndvi_change": {
      "city": {
        "mean": 0.1766403865565064,
        "stdDev": 0.177674590783516,
        "count": 735378,
        "stdError": 0.00020719058054532132,
        "ci95": [
          0.17623429301863758,
          0.17704648009437524
        ]
      }
    },
    "summer_evi": {
      "city": {
        "mean": 0.2617339610073364,
        "stdDev": 0.13646888712459856,
        "count": 829267,
        "stdError": 0.00014986025191658943,
        "ci95": [
          0.2614402349135799,
          0.2620276871010929
        ]
      }
    },
    "winter_evi": {
      "city": {
        "mean": 0.08782754961651207,
        "stdDev": 0.06831868320531735,
        "count": 735378,
        "stdError": 7.966804692207482e-05,
        "ci95": [
          0.0876714002445448,
          0.08798369898847934
        ]
      }
    },
    "evi_change": {
      "city": {
        "mean": 0.18318777671452008,
        "stdDev": 0.13627090176756096,
        "count": 735378,
        "stdError": 0.00015890875067812375,
        "ci95": [
          0.18287631556319095,
          0.1834992378658492
        ]
      }
    },
    "summer_lst": {
      "city": {
        "mean": 28.685549210419545,
        "stdDev": 1.6105179977062685,
        "count": 829268,
        "stdError": 0.0017685532022443165,
        "ci95": [
          28.682082846143146,
          28.689015574695944
        ]
      }
    },
    "winter_lst": {
      "city": {
        "mean": 3.8159952863480355,
        "stdDev": 0.48776637176969634,
        "count": 829268,
        "stdError": 0.0005356293937534249,
        "ci95": [
          3.814945452736279,
          3.817045119959792
        ]
      }
    },
    "lst_change": {
      "city": {
        "mean": 24.86955392403216,
        "stdDev": 1.649744166952715,
        "count": 829268,
        "stdError": 0.001811628515486009,
        "ci95": [
          24.86600313214181,
          24.873104715922512
        ]
      }
    }
  }
}