{
  "city": "Bukhara",
  "year": 2017,
  "generated": {
    "summer_veg_tif": "suhi_analysis_output\\vegetation\\Bukhara\\Bukhara_ndvi_evi_summer_2017.tif",
    "winter_veg_tif": "suhi_analysis_output\\vegetation\\Bukhara\\Bukhara_ndvi_evi_winter_2017.tif",
    "ndvi_change_tif": "suhi_analysis_output\\vegetation\\Bukhara\\Bukhara_ndvi_change_2017.tif",
    "evi_change_tif": "suhi_analysis_output\\vegetation\\Bukhara\\Bukhara_evi_change_2017.tif",
    "summer_lst_tif": "suhi_analysis_output\\temperature\\Bukhara\\Bukhara_lst_summer_2017.tif",
    "winter_lst_tif": "suhi_analysis_output\\temperature\\Bukhara\\Bukhara_lst_winter_2017.tif",
    "lst_change_tif": "suhi_analysis_output\\temperature\\Bukhara\\Bukhara_lst_change_2017.tif"
  },
  "stats": {
    "summer_ndvi_mean": 0.3956729404346892,
    "winter_ndvi_mean": 0.11091679529127316,
    "ndvi_change_mean": 0.26468409954342786,
    "summer_evi_mean": 0.3142604833642388,
    "winter_evi_mean": 0.08577479566526795,
    "evi_change_mean": 0.21778692960305943,
    "summer_lst_mean": 41.3816104624381,
    "winter_lst_mean": 11.462104473063274,
    "lst_change_mean": 30.27367845123593,
    "summer_biomass_t_per_ha": 7.032171931436331,
    "winter_biomass_t_per_ha": 1.5560922171398683,
    "biomass_change_t_per_ha": 5.476079714296462
  },
  "uncertainty": {
    "summer_ndvi": {
      "city": {
        "mean": 0.3956729404346892,
        "stdDev": 0.19146904497606201,
        "count": 575621,
        "stdError": 0.0002523656583534563,
        "ci95": [
          0.39517830374431645,
          0.39616757712506195
        ]
      }
    },
    "winter_ndvi": {
      "city": {
        "mean": 0.11091679529127316,
        "stdDev": 0.10285770234425644,
        "count": 326073,
        "stdError": 0.00018012724189108917,
        "ci95": [
          0.11056374589716662,
          0.11126984468537969
        ]
      }
    },
    "ndvi_change": {
      "city": {
        "mean": 0.26468409954342786,
        "stdDev": 0.2039295703366108,
        "count": 326073,
        "stdError": 0.00035712708146858345,
        "ci95": [
          0.26398413046374947,
          0.26538406862310626
        ]
      }
    },
    "summer_evi": {
      "city": {
        "mean": 0.3142604833642388,
        "stdDev": 0.1531202595760346,
        "count": 575621,
        "stdError": 0.00020182006506581395,
        "ci95": [
          0.3138649160367098,
          0.3146560506917678
        ]
      }
    },
    "winter_evi": {
      "city": {
        "mean": 0.08577479566526795,
        "stdDev": 11.75999793168606,
        "count": 326073,
        "stdError": 0.020594432344889033,
        "ci95": [
          0.04540970826928545,
          0.12613988306125046
        ]
      }
    },
    "evi_change": {
      "city": {
        "mean": 0.21778692960305943,
        "stdDev": 11.761252488312456,
        "count": 326073,
        "stdError": 0.02059662935901397,
        "ci95": [
          0.17741753605939203,
          0.2581563231467268
        ]
      }
    },
    "summer_lst": {
      "city": {
        "mean": 41.3816104624381,
        "stdDev": 3.5974589715593197,
        "count": 575621,
        "stdError": 0.004741628610883919,
        "ci95": [
          41.37231687036076,
          41.39090405451543
        ]
      }
    },
    "winter_lst": {
      "city": {
        "mean": 11.462104473063274,
        "stdDev": 1.008325490898756,
        "count": 317789,
        "stdError": 0.0017886745029208667,
        "ci95": [
          11.45859867103755,
          11.465610275088999
        ]
      }
    },
    "lst_change": {
      "city": {
        "mean": 30.27367845123593,
        "stdDev": 3.421086664068957,
        "count": 317789,
        "stdError": 0.006068685700733877,
        "ci95": [
          30.26178382726249,
          30.28557307520937
        ]
      }
    }
  }
}