{
  "city": "Bukhara",
  "year": 2017,
  "generated": {
    "summer_veg_tif": "suhi_analysis_output\\vegetation\\Bukhara\\Bukhara_ndvi_evi_summer_2017.tif",
    "winter_veg_tif": "suhi_analysis_output\\vegetation\\Bukhara\\Bukhara_ndvi_evi_winter_2017.tif",
    "ndvi_change_tif": "suhi_analysis_output\\vegetation\\Bukhara\\Bukhara_ndvi_change_2017.tif",
    "evi_change_tif": "suhi_analysis_output\\vegetation\\Bukhara\\Bukhara_evi_change_2017.tif",
    "summer_lst_tif": "suhi_analysis_output\\temperature\\Bukhara\\Bukhara_lst_summer_2017.tif",
    "winter_lst_tif": "suhi_analysis_output\\temperature\\Bukhara\\Bukhara_lst_winter_2017.tif",
    "lst_change_tif": "suhi_analysis_output\\temperature\\Bukhara\\Bukhara_lst_change_2017.tif"
  },
  "stats": {
    "summer_ndvi_mean": 0.3956729404346892,
    "winter_ndvi_mean": 0.11091679529127316,
    "ndvi_change_mean": 0.26468409954342786,
    "summer_evi_mean": 0.3142604833642388,
    "winter_evi_mean": 0.08577479566526795,
    "evi_change_mean": 0.21778692960305943,
    "summer_lst_mean": 29.87880190022403,
    "winter_lst_mean": 2.6100157403260558,
    "lst_change_mean": 27.268786159897974,
    "summer_biomass_t_per_ha": 7.032171931436331,
    "winter_biomass_t_per_ha": 1.5560922171398683,
    "biomass_change_t_per_ha": 5.476079714296462
  },
  "uncertainty": {
    "summer_ndvi": {
      "city": {
        "mean": 0.3956729404346892,
        "stdDev": 0.19146904497606201,
        "count": 575621,
        "stdError": 0.0002523656583534563,
        "ci95": [
          0.39517830374431645,
          0.39616757712506195
        ]
      }
    },
    "winter_ndvi": {
      "city": {
        "mean": 0.11091679529127316,
        "stdDev": 0.10285770234425644,
        "count": 326073,
        "stdError": 0.00018012724189108917,
        "ci95": [
          0.11056374589716662,
          0.11126984468537969
        ]
      }
    },
    "ndvi_change": {
      "city": {
        "mean": 0.26468409954342786,
        "stdDev": 0.2039295703366108,
        "count": 326073,
        "stdError": 0.00035712708146858345,
        "ci95": [
          0.26398413046374947,
          0.26538406862310626
        ]
      }
    },
    "summer_evi": {
      "city": {
        "mean": 0.3142604833642388,
        "stdDev": 0.1531202595760346,
        "count": 575621,
        "stdError": 0.00020182006506581395,
        "ci95": [
          0.3138649160367098,
          0.3146560506917678
        ]
      }
    },
    "winter_evi": {
      "city": {
        "mean": 0.08577479566526795,
        "stdDev": 11.75999793168606,
        "count": 326073,
        "stdError": 0.020594432344889033,
        "ci95": [
          0.04540970826928545,
          0.12613988306125046
        ]
      }
    },
    "evi_change": {
      "city": {
        "mean": 0.21778692960305943,
        "stdDev": 11.761252488312456,
        "count": 326073,
        "stdError": 0.02059662935901397,
        "ci95": [
          0.17741753605939203,
          0.2581563231467268
        ]
      }
    },
    "summer_lst": {
      "city": {
        "mean": 29.87880190022403,
        "stdDev": 1.366902183460343,
        "count": 575621,
        "stdError": 0.0018016445920899333,
        "ci95": [
          29.875270676823533,
          29.882333123624527
        ]
      }
    },
    "winter_lst": {
      "city": {
        "mean": 2.6100157403260558,
        "stdDev": 0.38934603141110274,
        "count": 575621,
        "stdError": 0.0005131773000520938,
        "ci95": [
          2.6090099128179536,
          2.611021567834158
        ]
      }
    },
    "lst_change": {
      "city": {
        "mean": 27.26878615990467,
        "stdDev": 1.236376231989131,
        "count": 575621,
        "stdError": 0.0016296049410885823,
        "ci95": [
          27.26559213422014,
          27.271980185589204
        ]
      }
    }
  }
}