{
  "city": "Bukhara",
  "year": 2022,
  "generated": {
    "summer_veg_tif": "suhi_analysis_output\\vegetation\\Bukhara\\Bukhara_ndvi_evi_summer_2022.tif",
    "winter_veg_tif": "suhi_analysis_output\\vegetation\\Bukhara\\Bukhara_ndvi_evi_winter_2022.tif",
    "ndvi_change_tif": "suhi_analysis_output\\vegetation\\Bukhara\\Bukhara_ndvi_change_2022.tif",
    "evi_change_tif": "suhi_analysis_output\\vegetation\\Bukhara\\Bukhara_evi_change_2022.tif",
    "summer_lst_tif": "suhi_analysis_output\\temperature\\Bukhara\\Bukhara_lst_summer_2022.tif",
    "winter_lst_tif": "suhi_analysis_output\\temperature\\Bukhara\\Bukhara_lst_winter_2022.tif",
    "lst_change_tif": "suhi_analysis_output\\temperature\\Bukhara\\Bukhara_lst_change_2022.tif"
  },
  "stats": {
    "summer_ndvi_mean": 0.3912799078294076,
    "winter_ndvi_mean": 0.12877665211154365,
    "ndvi_change_mean": 0.2625412140039557,
    "summer_evi_mean": 0.31340379214926606,
    "winter_evi_mean": 0.07408795164618459,
    "evi_change_mean": 0.2393445784364623,
    "summer_lst_mean": 29.97510518432461,
    "winter_lst_mean": 3.9206605442528506,
    "lst_change_mean": 26.05444464007176,
    "summer_biomass_t_per_ha": 6.9476905351809135,
    "winter_biomass_t_per_ha": 1.8995510021450701,
    "biomass_change_t_per_ha": 5.048139533035844
  },
  "uncertainty": {
    "summer_ndvi": {
      "city": {
        "mean": 0.3912799078294076,
        "stdDev": 0.20091525646359687,
        "count": 575621,
        "stdError": 0.000264816231663078,
        "ci95": [
          0.39076086801534793,
          0.39179894764346723
        ]
      }
    },
    "winter_ndvi": {
      "city": {
        "mean": 0.12877665211154365,
        "stdDev": 0.12061110174541989,
        "count": 575535,
        "stdError": 0.000158983266147181,
        "ci95": [
          0.1284650449098952,
          0.12908825931319212
        ]
      }
    },
    "ndvi_change": {
      "city": {
        "mean": 0.2625412140039557,
        "stdDev": 0.22819734601801517,
        "count": 575535,
        "stdError": 0.0003007978442369228,
        "ci95": [
          0.2619516502292513,
          0.26313077777866006
        ]
      }
    },
    "summer_evi": {
      "city": {
        "mean": 0.31340379214926606,
        "stdDev": 0.16180619132843624,
        "count": 575621,
        "stdError": 0.0002132685521326507,
        "ci95": [
          0.3129857857870861,
          0.31382179851144604
        ]
      }
    },
    "winter_evi": {
      "city": {
        "mean": 0.07408795164618459,
        "stdDev": 0.07559979757532163,
        "count": 575535,
        "stdError": 9.96517116969855e-05,
        "ci95": [
          0.0738926342912585,
          0.07428326900111068
        ]
      }
    },
    "evi_change": {
      "city": {
        "mean": 0.2393445784364623,
        "stdDev": 0.17776108409200422,
        "count": 575535,
        "stdError": 0.00023431539330817628,
        "ci95": [
          0.2388853202655783,
          0.23980383660734633
        ]
      }
    },
    "summer_lst": {
      "city": {
        "mean": 29.97510518432461,
        "stdDev": 1.5287629135409289,
        "count": 575621,
        "stdError": 0.0020149850289917057,
        "ci95": [
          29.97115581366779,
          29.979054554981435
        ]
      }
    },
    "winter_lst": {
      "city": {
        "mean": 3.9206605442528506,
        "stdDev": 0.41884222358165973,
        "count": 575621,
        "stdError": 0.0005520547382143478,
        "ci95": [
          3.9195785169659505,
          3.9217425715397507
        ]
      }
    },
    "lst_change": {
      "city": {
        "mean": 26.054444640075427,
        "stdDev": 1.3638856881574803,
        "count": 575621,
        "stdError": 0.0017976687022894582,
        "ci95": [
          26.05092120941894,
          26.057968070731913
        ]
      }
    }
  }
}