{
  "city": "Bukhara",
  "year": 2018,
  "generated": {
    "summer_veg_tif": "D:\\dev\\Uzbekistan_URBAN_research\\suhi_analysis_output\\vegetation\\Bukhara\\Bukhara_ndvi_evi_summer_2018.tif",
    "winter_veg_tif": "D:\\dev\\Uzbekistan_URBAN_research\\suhi_analysis_output\\vegetation\\Bukhara\\Bukhara_ndvi_evi_winter_2018.tif",
    "ndvi_change_tif": "D:\\dev\\Uzbekistan_URBAN_research\\suhi_analysis_output\\vegetation\\Bukhara\\Bukhara_ndvi_change_2018.tif",
    "evi_change_tif": "D:\\dev\\Uzbekistan_URBAN_research\\suhi_analysis_output\\vegetation\\Bukhara\\Bukhara_evi_change_2018.tif",
    "summer_lst_tif": "D:\\dev\\Uzbekistan_URBAN_research\\suhi_analysis_output\\temperature\\Bukhara\\Bukhara_lst_summer_2018.tif",
    "winter_lst_tif": "D:\\dev\\Uzbekistan_URBAN_research\\suhi_analysis_output\\temperature\\Bukhara\\Bukhara_lst_winter_2018.tif",
    "lst_change_tif": "D:\\dev\\Uzbekistan_URBAN_research\\suhi_analysis_output\\temperature\\Bukhara\\Bukhara_lst_change_2018.tif"
  },
  "stats": {
    "summer_ndvi_mean": 0.34168418029248815,
    "winter_ndvi_mean": 0.10118466696898838,
    "ndvi_change_mean": 0.2405577458127004,
    "summer_evi_mean": 0.2691433664791158,
    "winter_evi_mean": 0.0599125567774943,
    "evi_change_mean": 0.20927083763453444,
    "summer_lst_mean": 39.91248758702172,
    "winter_lst_mean": 5.577729064495645,
    "lst_change_mean": 34.42132732379121,
    "summer_biomass_t_per_ha": 5.99392654408631,
    "winter_biomass_t_per_ha": 1.3689359032497768,
    "biomass_change_t_per_ha": 4.6249906408365336
  },
  "uncertainty": {
    "summer_ndvi": {
      "city": {
        "mean": 0.34168418029248815,
        "stdDev": 0.12352437141588045,
        "count": 2080,
        "stdError": 0.002708451013253948,
        "ci95": [
          0.3363756163065104,
          0.3469927442784659
        ]
      }
    },
    "winter_ndvi": {
      "city": {
        "mean": 0.10118466696898838,
        "stdDev": 0.07242515639992406,
        "count": 2079,
        "stdError": 0.0015884084803685465,
        "ci95": [
          0.09807138634746602,
          0.10429794759051074
        ]
      }
    },
    "ndvi_change": {
      "city": {
        "mean": 0.2405577458127004,
        "stdDev": 0.14273908609604435,
        "count": 2079,
        "stdError": 0.003130514121130026,
        "ci95": [
          0.23442193813528556,
          0.24669355349011524
        ]
      }
    },
    "summer_evi": {
      "city": {
        "mean": 0.2691433664791158,
        "stdDev": 0.09355108233524216,
        "count": 2080,
        "stdError": 0.0020512431744244075,
        "ci95": [
          0.26512292985724395,
          0.27316380310098765
        ]
      }
    },
    "winter_evi": {
      "city": {
        "mean": 0.0599125567774943,
        "stdDev": 0.04116217707438589,
        "count": 2079,
        "stdError": 0.0009027574724775447,
        "ci95": [
          0.05814315213143831,
          0.061681961423550286
        ]
      }
    },
    "evi_change": {
      "city": {
        "mean": 0.20927083763453444,
        "stdDev": 0.10299443912316211,
        "count": 2079,
        "stdError": 0.0022588455264171753,
        "ci95": [
          0.20484350040275678,
          0.2136981748663121
        ]
      }
    },
    "summer_lst": {
      "city": {
        "mean": 39.91248758702172,
        "stdDev": 3.401198708184111,
        "count": 2080,
        "stdError": 0.07457621505673957,
        "ci95": [
          39.766318205510515,
          40.05865696853293
        ]
      }
    },
    "winter_lst": {
      "city": {
        "mean": 5.577729064495645,
        "stdDev": 1.5314920025492906,
        "count": 2023,
        "stdError": 0.03404997456831699,
        "ci95": [
          5.510991114341744,
          5.644467014649546
        ]
      }
    },
    "lst_change": {
      "city": {
        "mean": 34.42132732379121,
        "stdDev": 2.818956534531593,
        "count": 2023,
        "stdError": 0.06267443653000888,
        "ci95": [
          34.29848542819239,
          34.54416921939003
        ]
      }
    }
  }
}