{
  "city": "Bukhara",
  "year": 2016,
  "generated": {
    "summer_veg_tif": "suhi_analysis_output\\vegetation\\Bukhara\\Bukhara_ndvi_evi_summer_2016.tif",
    "winter_veg_tif": "suhi_analysis_output\\vegetation\\Bukhara\\Bukhara_ndvi_evi_winter_2016.tif",
    "ndvi_change_tif": "suhi_analysis_output\\vegetation\\Bukhara\\Bukhara_ndvi_change_2016.tif",
    "evi_change_tif": "suhi_analysis_output\\vegetation\\Bukhara\\Bukhara_evi_change_2016.tif",
    "summer_lst_tif": "suhi_analysis_output\\temperature\\Bukhara\\Bukhara_lst_summer_2016.tif",
    "winter_lst_tif": "suhi_analysis_output\\temperature\\Bukhara\\Bukhara_lst_winter_2016.tif",
    "lst_change_tif": "suhi_analysis_output\\temperature\\Bukhara\\Bukhara_lst_change_2016.tif"
  },
  "stats": {
    "summer_ndvi_mean": 0.3863486523428641,
    "winter_ndvi_mean": 0.08641325115077901,
    "ndvi_change_mean": 0.3000605900389478,
    "summer_evi_mean": 0.3045341230285992,
    "winter_evi_mean": -0.0540626596322564,
    "evi_change_mean": 0.3586927756057792,
    "summer_lst_mean": 30.299695533377157,
    "winter_lst_mean": 5.717679226433164,
    "lst_change_mean": 24.58201630694399,
    "summer_biomass_t_per_ha": 6.8528586989012314,
    "winter_biomass_t_per_ha": 1.084870214438058,
    "biomass_change_t_per_ha": 5.7679884844631735
  },
  "uncertainty": {
    "summer_ndvi": {
      "city": {
        "mean": 0.3863486523428641,
        "stdDev": 0.18379425958875667,
        "count": 575621,
        "stdError": 0.00024224991213854752,
        "ci95": [
          0.3858738425150725,
          0.38682346217065566
        ]
      }
    },
    "winter_ndvi": {
      "city": {
        "mean": 0.08641325115077901,
        "stdDev": 0.1362529546855055,
        "count": 575017,
        "stdError": 0.00017968241936894394,
        "ci95": [
          0.08606107360881587,
          0.08676542869274215
        ]
      }
    },
    "ndvi_change": {
      "city": {
        "mean": 0.3000605900389478,
        "stdDev": 0.22730039437199426,
        "count": 575017,
        "stdError": 0.0002997504522272188,
        "ci95": [
          0.2994730791525825,
          0.30064810092531313
        ]
      }
    },
    "summer_evi": {
      "city": {
        "mean": 0.3045341230285992,
        "stdDev": 0.1477927389647764,
        "count": 575621,
        "stdError": 0.00019479812976227768,
        "ci95": [
          0.3041523186942652,
          0.30491592736293327
        ]
      }
    },
    "winter_evi": {
      "city": {
        "mean": -0.0540626596322564,
        "stdDev": 8.896272105817655,
        "count": 575017,
        "stdError": 0.011731882798632725,
        "ci95": [
          -0.07705714991757653,
          -0.031068169346936257
        ]
      }
    },
    "evi_change": {
      "city": {
        "mean": 0.3586927756057792,
        "stdDev": 8.898470082736221,
        "count": 575017,
        "stdError": 0.011734781361906869,
        "ci95": [
          0.33569260413644175,
          0.3816929470751167
        ]
      }
    },
    "summer_lst": {
      "city": {
        "mean": 30.299695533377157,
        "stdDev": 1.2271644179257353,
        "count": 575621,
        "stdError": 0.0016174633151613777,
        "ci95": [
          30.29652530527944,
          30.302865761474873
        ]
      }
    },
    "winter_lst": {
      "city": {
        "mean": 5.717679226433164,
        "stdDev": 0.5274732916764693,
        "count": 575621,
        "stdError": 0.0006952358514894112,
        "ci95": [
          5.716316564164245,
          5.719041888702083
        ]
      }
    },
    "lst_change": {
      "city": {
        "mean": 24.582016306989722,
        "stdDev": 1.1172474144583489,
        "count": 575621,
        "stdError": 0.0014725872755500964,
        "ci95": [
          24.579130035929644,
          24.5849025780498
        ]
      }
    }
  }
}