{
  "city": "Termez",
  "year": 2017,
  "stats": {
    "urban_mean": 36.17787560517194,
    "rural_mean": 41.52823496299765,
    "suhi": -5.35035935782571,
    "uncertainty": {
      "urban_core": {
        "mean": 36.17787560517194,
        "stdDev": 5.778429409818916,
        "count": 3998,
        "stdError": 0.0913878409844819,
        "ci95": [
          35.99875543684236,
          36.356995773501524
        ]
      },
      "rural_ring": {
        "mean": 41.52823496299765,
        "stdDev": 6.992589807872916,
        "count": 137,
        "stdError": 0.59741726496284,
        "ci95": [
          40.357297123670484,
          42.69917280232482
        ]
      }
    }
  }
}