{
  "city": "Termez",
  "year": 2016,
  "stats": {
    "day_urban_mean": 39.05682653237322,
    "day_rural_mean": 48.99653714965701,
    "suhi_day": -9.939710617283787,
    "night_urban_mean": 23.414983448643742,
    "night_rural_mean": 25.05151515657309,
    "suhi_night": -1.6365317079293469,
    "suhi_day_night_diff": -8.30317890935444,
    "day_stronger_than_night": false,
    "uncertainty_day": {
      "urban_core": {
        "mean": 39.05682653237322,
        "stdDev": 4.645508636613225,
        "count": 251,
        "stdError": 0.2932219050972774,
        "ci95": [
          38.48211159838256,
          39.631541466363885
        ]
      },
      "rural_ring": {
        "mean": 48.99653714965701,
        "stdDev": 6.602320289192017,
        "count": 4010,
        "stdError": 0.10426160412650268,
        "ci95": [
          48.79218440556906,
          49.20088989374496
        ]
      }
    },
    "uncertainty_night": {
      "urban_core": {
        "mean": 23.414983448643742,
        "stdDev": 1.0750617083976084,
        "count": 251,
        "stdError": 0.06785729333253329,
        "ci95": [
          23.281983153711977,
          23.547983743575507
        ]
      },
      "rural_ring": {
        "mean": 25.05151515657309,
        "stdDev": 1.748145657688011,
        "count": 4010,
        "stdError": 0.027606123685895486,
        "ci95": [
          24.997407154148735,
          25.105623158997442
        ]
      }
    }
  }
}