{
  "city": "Termez",
  "year": 2021,
  "stats": {
    "urban_mean": 35.66884806412607,
    "rural_mean": 40.165961939506744,
    "suhi": -4.497113875380677,
    "uncertainty": {
      "urban_core": {
        "mean": 35.66884806412607,
        "stdDev": 5.809374055506012,
        "count": 3998,
        "stdError": 0.09187724115861366,
        "ci95": [
          35.48876867145518,
          35.84892745679695
        ]
      },
      "rural_ring": {
        "mean": 40.165961939506744,
        "stdDev": 7.311865371943291,
        "count": 137,
        "stdError": 0.6246948172713763,
        "ci95": [
          38.94156009765484,
          41.390363781358644
        ]
      }
    }
  }
}