{
  "city": "Termez",
  "year": 2018,
  "stats": {
    "day_urban_mean": 39.12903688363851,
    "day_rural_mean": 48.62375287431942,
    "suhi_day": -9.494715990680909,
    "night_urban_mean": 23.209964544014095,
    "night_rural_mean": 24.52143260396143,
    "suhi_night": -1.3114680599473338,
    "suhi_day_night_diff": -8.183247930733575,
    "day_stronger_than_night": false,
    "uncertainty_day": {
      "urban_core": {
        "mean": 39.12903688363851,
        "stdDev": 4.633092932183545,
        "count": 251,
        "stdError": 0.2924382327826243,
        "ci95": [
          38.55585794738457,
          39.70221581989246
        ]
      },
      "rural_ring": {
        "mean": 48.62375287431942,
        "stdDev": 6.564920122425673,
        "count": 4010,
        "stdError": 0.1036709933698508,
        "ci95": [
          48.42055772731452,
          48.82694802132433
        ]
      }
    },
    "uncertainty_night": {
      "urban_core": {
        "mean": 23.209964544014095,
        "stdDev": 1.021343528928954,
        "count": 251,
        "stdError": 0.06446663191001151,
        "ci95": [
          23.083609945470474,
          23.336319142557716
        ]
      },
      "rural_ring": {
        "mean": 24.52143260396143,
        "stdDev": 1.7632811111389148,
        "count": 4010,
        "stdError": 0.027845137636575295,
        "ci95": [
          24.46685613419374,
          24.576009073729118
        ]
      }
    }
  }
}