{
  "city": "Termez",
  "year": 2024,
  "stats": {
    "urban_mean": 34.12096314381247,
    "rural_mean": 39.61434017034601,
    "suhi": -5.493377026533544,
    "uncertainty": {
      "urban_core": {
        "mean": 34.12096314381247,
        "stdDev": 5.047762477101475,
        "count": 3998,
        "stdError": 0.07983209309452141,
        "ci95": [
          33.96449224134721,
          34.277434046277726
        ]
      },
      "rural_ring": {
        "mean": 39.61434017034601,
        "stdDev": 6.33177726231969,
        "count": 137,
        "stdError": 0.5409602391019696,
        "ci95": [
          38.554058101706154,
          40.67462223898587
        ]
      }
    }
  }
}