{
  "city": "Termez",
  "year": 2024,
  "stats": {
    "day_urban_mean": 36.95752168933654,
    "day_rural_mean": 45.99071794655277,
    "suhi_day": -9.033196257216233,
    "night_urban_mean": 24.831242842126755,
    "night_rural_mean": 26.665905948147447,
    "suhi_night": -1.8346631060206917,
    "suhi_day_night_diff": -7.198533151195541,
    "day_stronger_than_night": false,
    "uncertainty_day": {
      "urban_core": {
        "mean": 36.95752168933654,
        "stdDev": 4.098647487889544,
        "count": 251,
        "stdError": 0.2587043354626751,
        "ci95": [
          36.450461191829696,
          37.46458218684338
        ]
      },
      "rural_ring": {
        "mean": 45.99071794655277,
        "stdDev": 6.226824363838872,
        "count": 4010,
        "stdError": 0.09833189974903214,
        "ci95": [
          45.79798742304467,
          46.183448470060874
        ]
      }
    },
    "uncertainty_night": {
      "urban_core": {
        "mean": 24.831242842126755,
        "stdDev": 1.2496481052593549,
        "count": 251,
        "stdError": 0.07887708898814792,
        "ci95": [
          24.676643747709985,
          24.985841936543526
        ]
      },
      "rural_ring": {
        "mean": 26.665905948147447,
        "stdDev": 1.6953091182323357,
        "count": 4010,
        "stdError": 0.02677174696394822,
        "ci95": [
          26.613433324098107,
          26.718378572196787
        ]
      }
    }
  }
}