{
  "city": "Termez",
  "year": 2021,
  "stats": {
    "day_urban_mean": 39.33376257040212,
    "day_rural_mean": 49.06481120311991,
    "suhi_day": -9.731048632717787,
    "night_urban_mean": 23.15453334588413,
    "night_rural_mean": 24.86201722726114,
    "suhi_night": -1.7074838813770121,
    "suhi_day_night_diff": -8.023564751340775,
    "day_stronger_than_night": false,
    "uncertainty_day": {
      "urban_core": {
        "mean": 39.33376257040212,
        "stdDev": 4.741058981831019,
        "count": 251,
        "stdError": 0.2992529894088308,
        "ci95": [
          38.74722671116081,
          39.92029842964343
        ]
      },
      "rural_ring": {
        "mean": 49.06481120311991,
        "stdDev": 6.675435116106372,
        "count": 4010,
        "stdError": 0.1054162086905983,
        "ci95": [
          48.85819543408633,
          49.271426972153485
        ]
      }
    },
    "uncertainty_night": {
      "urban_core": {
        "mean": 23.15453334588413,
        "stdDev": 1.2782806594883716,
        "count": 251,
        "stdError": 0.08068435978572289,
        "ci95": [
          22.996392000704112,
          23.312674691064146
        ]
      },
      "rural_ring": {
        "mean": 24.86201722726114,
        "stdDev": 1.7525863172497185,
        "count": 4010,
        "stdError": 0.0276762490765163,
        "ci95": [
          24.80777177907117,
          24.91626267545111
        ]
      }
    }
  }
}