{
  "city": "Termez",
  "year": 2022,
  "stats": {
    "day_urban_mean": 38.53189454197458,
    "day_rural_mean": 47.71754751586185,
    "suhi_day": -9.185652973887272,
    "night_urban_mean": 22.981003592664095,
    "night_rural_mean": 24.508917792993977,
    "suhi_night": -1.5279142003298816,
    "suhi_day_night_diff": -7.657738773557391,
    "day_stronger_than_night": false,
    "uncertainty_day": {
      "urban_core": {
        "mean": 38.53189454197458,
        "stdDev": 4.619747998913541,
        "count": 251,
        "stdError": 0.2915959080636503,
        "ci95": [
          37.960366562169824,
          39.103422521779336
        ]
      },
      "rural_ring": {
        "mean": 47.71754751586185,
        "stdDev": 6.4153866500965595,
        "count": 4010,
        "stdError": 0.10130961145974245,
        "ci95": [
          47.518980677400755,
          47.91611435432295
        ]
      }
    },
    "uncertainty_night": {
      "urban_core": {
        "mean": 22.981003592664095,
        "stdDev": 1.2689271197753504,
        "count": 251,
        "stdError": 0.0800939695941217,
        "ci95": [
          22.824019412259617,
          23.137987773068573
        ]
      },
      "rural_ring": {
        "mean": 24.508917792993977,
        "stdDev": 1.5535673114873072,
        "count": 4010,
        "stdError": 0.024533408395730417,
        "ci95": [
          24.460832312538344,
          24.55700327344961
        ]
      }
    }
  }
}