{
  "city": "Termez",
  "year": 2022,
  "stats": {
    "urban_mean": 35.90235498269424,
    "rural_mean": 41.68720119307126,
    "suhi": -5.784846210377019,
    "uncertainty": {
      "urban_core": {
        "mean": 35.90235498269424,
        "stdDev": 5.612552734542937,
        "count": 3998,
        "stdError": 0.0887644445305256,
        "ci95": [
          35.72837667141441,
          36.07633329397407
        ]
      },
      "rural_ring": {
        "mean": 41.68720119307126,
        "stdDev": 7.70258090185251,
        "count": 137,
        "stdError": 0.6580758977680566,
        "ci95": [
          40.39737243344587,
          42.977029952696654
        ]
      }
    }
  }
}