{
  "city": "Termez",
  "year": 2023,
  "stats": {
    "urban_mean": 34.6551213406202,
    "rural_mean": 39.874484363970005,
    "suhi": -5.219363023349807,
    "uncertainty": {
      "urban_core": {
        "mean": 34.6551213406202,
        "stdDev": 5.24796003880993,
        "count": 3998,
        "stdError": 0.08299828612680189,
        "ci95": [
          34.492444699811664,
          34.81779798142873
        ]
      },
      "rural_ring": {
        "mean": 39.874484363970005,
        "stdDev": 6.603568681418751,
        "count": 137,
        "stdError": 0.5641809471228684,
        "ci95": [
          38.768689707609184,
          40.980279020330826
        ]
      }
    }
  }
}