{
  "city": "Termez",
  "year": 2018,
  "stats": {
    "urban_mean": 36.982905901700065,
    "rural_mean": 42.01099297884743,
    "suhi": -5.028087077147369,
    "uncertainty": {
      "urban_core": {
        "mean": 36.982905901700065,
        "stdDev": 5.575806884850648,
        "count": 999,
        "stdError": 0.17641072291759421,
        "ci95": [
          36.63714088478158,
          37.32867091861855
        ]
      },
      "rural_ring": {
        "mean": 42.01099297884743,
        "stdDev": 6.156385064810185,
        "count": 69,
        "stdError": 0.7411416679516626,
        "ci95": [
          40.558355309662176,
          43.46363064803269
        ]
      }
    }
  }
}