{
  "city": "Termez",
  "year": 2019,
  "stats": {
    "day_urban_mean": 39.554432939552285,
    "day_rural_mean": 49.78592786268476,
    "suhi_day": -10.231494923132473,
    "night_urban_mean": 23.543049685445812,
    "night_rural_mean": 25.302224541532546,
    "suhi_night": -1.7591748560867337,
    "suhi_day_night_diff": -8.47232006704574,
    "day_stronger_than_night": false,
    "uncertainty_day": {
      "urban_core": {
        "mean": 39.554432939552285,
        "stdDev": 4.720899396938291,
        "count": 251,
        "stdError": 0.2979805276935244,
        "ci95": [
          38.97039110527298,
          40.13847477383159
        ]
      },
      "rural_ring": {
        "mean": 49.78592786268476,
        "stdDev": 7.081924875276093,
        "count": 4010,
        "stdError": 0.11183535718622778,
        "ci95": [
          49.56673056259975,
          50.005125162769765
        ]
      }
    },
    "uncertainty_night": {
      "urban_core": {
        "mean": 23.543049685445812,
        "stdDev": 1.1152288701297146,
        "count": 251,
        "stdError": 0.07039262209989627,
        "ci95": [
          23.405080146130015,
          23.68101922476161
        ]
      },
      "rural_ring": {
        "mean": 25.302224541532546,
        "stdDev": 1.4318270118863725,
        "count": 4010,
        "stdError": 0.022610926848748724,
        "ci95": [
          25.257907124909,
          25.34654195815609
        ]
      }
    }
  }
}