{
  "city": "Termez",
  "year": 2020,
  "stats": {
    "day_urban_mean": 39.88792049073596,
    "day_rural_mean": 50.15066371985527,
    "suhi_day": -10.262743229119309,
    "night_urban_mean": 22.87327057937595,
    "night_rural_mean": 24.24455935285347,
    "suhi_night": -1.37128877347752,
    "suhi_day_night_diff": -8.891454455641789,
    "day_stronger_than_night": false,
    "uncertainty_day": {
      "urban_core": {
        "mean": 39.88792049073596,
        "stdDev": 4.57971017114214,
        "count": 251,
        "stdError": 0.2890687427835001,
        "ci95": [
          39.3213457548803,
          40.45449522659162
        ]
      },
      "rural_ring": {
        "mean": 50.15066371985527,
        "stdDev": 7.3103821200641566,
        "count": 4010,
        "stdError": 0.11544307655950883,
        "ci95": [
          49.92439528979863,
          50.3769321499119
        ]
      }
    },
    "uncertainty_night": {
      "urban_core": {
        "mean": 22.87327057937595,
        "stdDev": 1.2154075518994414,
        "count": 251,
        "stdError": 0.07671584442417302,
        "ci95": [
          22.72290752430457,
          23.023633634447332
        ]
      },
      "rural_ring": {
        "mean": 24.24455935285347,
        "stdDev": 1.623450340769654,
        "count": 4010,
        "stdError": 0.025636977507050903,
        "ci95": [
          24.194310876939653,
          24.29480782876729
        ]
      }
    }
  }
}