{
  "city": "Termez",
  "year": 2023,
  "stats": {
    "day_urban_mean": 37.26924428546778,
    "day_rural_mean": 46.76454339804935,
    "suhi_day": -9.49529911258157,
    "night_urban_mean": 23.860177750584427,
    "night_rural_mean": 25.600635953586828,
    "suhi_night": -1.740458203002401,
    "suhi_day_night_diff": -7.754840909579169,
    "day_stronger_than_night": false,
    "uncertainty_day": {
      "urban_core": {
        "mean": 37.26924428546778,
        "stdDev": 4.786663559575664,
        "count": 251,
        "stdError": 0.3021315248316367,
        "ci95": [
          36.67706649679777,
          37.861422074137785
        ]
      },
      "rural_ring": {
        "mean": 46.76454339804935,
        "stdDev": 6.421756786945259,
        "count": 4010,
        "stdError": 0.10141020650167612,
        "ci95": [
          46.565779393306066,
          46.96330740279263
        ]
      }
    },
    "uncertainty_night": {
      "urban_core": {
        "mean": 23.860177750584427,
        "stdDev": 1.188050947113032,
        "count": 251,
        "stdError": 0.074989110841279,
        "ci95": [
          23.71319909333552,
          24.007156407833335
        ]
      },
      "rural_ring": {
        "mean": 25.600635953586828,
        "stdDev": 1.7914441713879632,
        "count": 4010,
        "stdError": 0.02828987913805681,
        "ci95": [
          25.545187790476238,
          25.656084116697418
        ]
      }
    }
  }
}