{
  "city": "Termez",
  "year": 2016,
  "stats": {
    "urban_mean": 37.24396126549776,
    "rural_mean": 43.08920776177339,
    "suhi": -5.845246496275628,
    "uncertainty": {
      "urban_core": {
        "mean": 37.24396126549776,
        "stdDev": 5.639180951131989,
        "count": 3998,
        "stdError": 0.08918557889953001,
        "ci95": [
          37.06915753085468,
          37.41876500014084
        ]
      },
      "rural_ring": {
        "mean": 43.08920776177339,
        "stdDev": 7.332092507307527,
        "count": 137,
        "stdError": 0.6264229380705871,
        "ci95": [
          41.86141880315504,
          44.316996720391735
        ]
      }
    }
  }
}