{
  "city": "Termez",
  "year": 2019,
  "stats": {
    "urban_mean": 37.518988469316916,
    "rural_mean": 44.04537593855139,
    "suhi": -6.526387469234471,
    "uncertainty": {
      "urban_core": {
        "mean": 37.518988469316916,
        "stdDev": 6.196952782071088,
        "count": 3998,
        "stdError": 0.0980069315156699,
        "ci95": [
          37.3268948835462,
          37.71108205508763
        ]
      },
      "rural_ring": {
        "mean": 44.04537593855139,
        "stdDev": 8.25599750045019,
        "count": 137,
        "stdError": 0.7053574686600057,
        "ci95": [
          42.66287529997778,
          45.427876577125
        ]
      }
    }
  }
}