{
  "city": "Termez",
  "year": 2018,
  "stats": {
    "urban_mean": 37.00491836652742,
    "rural_mean": 42.422622627827465,
    "suhi": -5.417704261300045,
    "uncertainty": {
      "urban_core": {
        "mean": 37.00491836652742,
        "stdDev": 5.819045232406747,
        "count": 3998,
        "stdError": 0.09203019413494237,
        "ci95": [
          36.82453918602293,
          37.18529754703191
        ]
      },
      "rural_ring": {
        "mean": 42.422622627827465,
        "stdDev": 7.460515569429526,
        "count": 137,
        "stdError": 0.6373948607257236,
        "ci95": [
          41.173328700805044,
          43.671916554849886
        ]
      }
    }
  }
}