{
  "city": "Termez",
  "year": 2017,
  "stats": {
    "day_urban_mean": 37.45052289735024,
    "day_rural_mean": 47.883606512309235,
    "suhi_day": -10.433083614958996,
    "night_urban_mean": 23.52448455468226,
    "night_rural_mean": 25.092993425638845,
    "suhi_night": -1.5685088709565846,
    "suhi_day_night_diff": -8.864574744002411,
    "day_stronger_than_night": false,
    "uncertainty_day": {
      "urban_core": {
        "mean": 37.45052289735024,
        "stdDev": 4.538128531813368,
        "count": 251,
        "stdError": 0.28644413298190485,
        "ci95": [
          36.889092396705706,
          38.01195339799477
        ]
      },
      "rural_ring": {
        "mean": 47.883606512309235,
        "stdDev": 6.725537451496432,
        "count": 4010,
        "stdError": 0.10620740778870977,
        "ci95": [
          47.67543999304336,
          48.09177303157511
        ]
      }
    },
    "uncertainty_night": {
      "urban_core": {
        "mean": 23.52448455468226,
        "stdDev": 1.09817001620227,
        "count": 251,
        "stdError": 0.06931587678766966,
        "ci95": [
          23.388625436178426,
          23.660343673186095
        ]
      },
      "rural_ring": {
        "mean": 25.092993425638845,
        "stdDev": 1.6329784289871316,
        "count": 4010,
        "stdError": 0.025787441846601235,
        "ci95": [
          25.042450039619506,
          25.143536811658183
        ]
      }
    }
  }
}