{
  "city": "Termez",
  "year": 2020,
  "stats": {
    "urban_mean": 37.901449437692584,
    "rural_mean": 44.67205059135584,
    "suhi": -6.770601153663257,
    "uncertainty": {
      "urban_core": {
        "mean": 37.901449437692584,
        "stdDev": 6.111799525078622,
        "count": 3998,
        "stdError": 0.096660203580201,
        "ci95": [
          37.71199543867539,
          38.09090343670978
        ]
      },
      "rural_ring": {
        "mean": 44.67205059135584,
        "stdDev": 8.51228922682118,
        "count": 137,
        "stdError": 0.727253948563456,
        "ci95": [
          43.246632852171466,
          46.09746833054022
        ]
      }
    }
  }
}