city,year,built_area_core_km2,built_area_extended_km2,built_pixels,urban_density_pct,analysis_area_km2,annual_growth_km2,annual_growth_pct,density_change_pct,cumulative_growth_km2,cumulative_growth_pct
Andijan,2017,187.13250182227077,1054.0124715830566,2473665.364705883,56.284659491792866,439.49193031301536,,,,0.0,0.0
Andijan,2018,190.03458012160127,1073.3588492365323,2512011.8352941177,57.15717768708558,439.49193031301405,2.9020782993304977,1.5508146746665785,0.872518195292713,2.9020782993304977,1.5508146746665785
Andijan,2019,192.70913152659222,1083.8439555825055,2547364.4941176474,57.96157604767325,439.49193031301405,2.6745514049909502,1.4074024860525558,0.804398360587669,5.576629704321448,2.980043365004459
Andijan,2020,194.70619596830034,1101.588048562472,2573757.6588235297,58.562114143721665,439.49193031301405,1.997064441708119,1.0363102287306747,0.6005380960484175,7.573694146029567,4.047236087947281
Andijan,2021,197.04793477247853,1112.4372942364741,2604703.4039215688,59.26623958866439,439.49193031301405,2.341738804178192,1.2027037930315565,0.7041254449427257,9.915432950207759,5.298616142921531
Andijan,2022,200.0360890958532,1132.399121131358,2644201.9647058826,60.16497192161491,439.49193031301405,2.988154323374687,1.516460614938664,0.8987323329505159,12.903587273582446,6.8954281848043975
Andijan,2023,201.55675037873613,1136.0577951874159,2664289.9803921576,60.622045517299995,439.49193031301405,1.5206612828829122,0.7601934679667854,0.4570735956850882,14.424248556465358,7.7080402474204
Andijan,2024,205.9846525865424,1154.9087573504703,2722803.949019608,61.953445813678044,439.49193031301405,4.427902207806284,2.1968513579852855,1.3314002963780496,18.85215076427164,10.07422579225521
