city,year,built_area_core_km2,built_area_extended_km2,built_pixels,urban_density_pct,analysis_area_km2,area_key_used,debug_area_m2,annual_growth_km2,annual_growth_pct,density_change_pct,cumulative_growth_km2,cumulative_growth_pct
Andijan,2017,187.13250182227077,1054.0124715830566,2473665.364705883,42.579280508971266,439.4919303130141,b1,187132501.82227078,,,,0.0,0.0
Andijan,2018,190.03458012160127,1073.3588492365323,2512011.835294118,43.23960623947184,439.4919303130141,b1,190034580.12160125,2.9020782993304977,1.5508146746665785,0.6603257305005741,2.9020782993304977,1.5508146746665785
Andijan,2019,192.70913152659222,1083.8439555825055,2547364.4941176474,43.8481615326455,439.4919303130141,b1,192709131.52659222,2.6745514049909502,1.4074024860525558,0.6085552931736586,5.576629704321448,2.980043365004459
Andijan,2020,194.70619596830034,1101.588048562472,2573757.6588235297,44.30256451571865,439.4919303130141,b1,194706195.96830034,1.997064441708119,1.0363102287306747,0.45440298307315174,7.573694146029567,4.047236087947281
Andijan,2021,197.04793477247853,1112.4372942364741,2604703.4039215688,44.83539313955945,439.4919303130141,b1,197047934.77247852,2.341738804178192,1.2027037930315565,0.5328286238407998,9.915432950207759,5.298616142921531
Andijan,2022,200.0360890958532,1132.399121131358,2644201.9647058826,45.51530421807379,439.4919303130141,b1,200036089.0958532,2.988154323374687,1.516460614938664,0.679911078514337,12.903587273582446,6.8954281848043975
Andijan,2023,201.55675037873613,1136.0577951874159,2664289.9803921576,45.861308587664794,439.4919303130141,b1,201556750.37873614,1.5206612828829122,0.7601934679667854,0.34600436959100733,14.424248556465358,7.7080402474204
Andijan,2024,205.9846525865424,1154.9087573504703,2722803.949019608,46.86881336816274,439.4919303130141,b1,205984652.5865424,4.427902207806284,2.1968513579852855,1.0075047804979462,18.85215076427164,10.07422579225521
