city,year,built_area_core_km2,built_area_extended_km2,built_pixels,urban_density_pct,analysis_area_km2,area_key_used,debug_area_m2,annual_growth_km2,annual_growth_pct,density_change_pct,cumulative_growth_km2,cumulative_growth_pct
Fergana,2017,159.29868456910205,854.6471555814503,2094194.4156862746,36.24610000362189,439.4919303130106,b1,159298684.56910205,,,,0.0,0.0
Fergana,2018,167.75446242084467,887.2122613891268,2205327.9333333336,38.17008933505747,439.4919303130106,b1,167754462.42084467,8.455777851742624,5.3081278571855295,1.9239893314355783,8.455777851742624,5.3081278571855295
Fergana,2019,172.7072612139231,912.8312922614327,2270422.443137255,39.297026703293334,439.4919303130106,b1,172707261.2139231,4.952798793078415,2.952409564315106,1.1269373682358648,13.40857664482104,8.417255096042275
Fergana,2020,173.21543479915312,916.1838978279194,2277101.2745098043,39.41265421546815,439.4919303130106,b1,173215434.79915312,0.5081735852300255,0.29423984936023384,0.11562751217481804,13.916750230051065,8.736261864117356
Fergana,2021,174.93882876345177,926.7483065189667,2299752.5490196077,39.8047874596602,439.4919303130106,b1,174938828.76345176,1.7233939642986513,0.9949424924499128,0.39213324419204554,15.640144194349716,9.81812513810507
Fergana,2022,182.00934329048061,951.5126862272284,2392708.3568627452,41.41358025865289,439.4919303130085,b1,182009343.2904806,7.070514527028848,4.0417067937441375,1.6087927989926953,22.710658721378564,14.25665176257429
Fergana,2023,179.4107536352198,928.446344070519,2358541.6078431373,40.822308957400345,439.4919303130106,b1,179410753.6352198,-2.5985896552608096,-1.4277232191940548,-0.5912713012525472,20.112069066117755,12.625383015886339
Fergana,2024,180.36249194125273,952.3582428302121,2371076.4980392163,41.03886317384639,439.4919303130106,b1,180362491.94125274,0.9517383060329223,0.53048007811618,0.2165542164460419,21.063807372150677,13.22283823568764
