city,year,Built_Area_core_km2,Built_Area_extended_km2,built_pixels,urban_density_pct,analysis_area_km2,area_key_used,debug_area_m2,annual_growth_km2,annual_growth_pct,density_change_pct,cumulative_growth_km2,cumulative_growth_pct
Gulistan,2017,62.6324731121554,339.90793939814574,824497.6078431371,32.33890822367131,193.6752863731804,b1,62632473.1121554,,,,0.0,0.0
Gulistan,2018,64.28771893038663,351.8777458932324,846282.1764705882,33.19355821501912,193.6752863731804,b1,64287718.93038663,1.6552458182312293,2.642791727650917,0.8546499913478058,1.6552458182312293,2.642791727650917
Gulistan,2019,65.76801430739272,361.57450592231874,865766.6705882351,33.95787637079755,193.6752863731804,b1,65768014.30739272,1.4802953770060867,2.3026098944481266,0.7643181557784331,3.135541195237316,5.0062548059095935
Gulistan,2020,67.05769010522272,369.46389245299184,882742.7607843137,34.623772274183494,193.6752863731804,b1,67057690.105222724,1.2896757978300002,1.9609468392981944,0.6658959033859446,4.425216993067316,7.065371640591489
Gulistan,2021,67.8072093941964,370.91106863772177,892605.537254902,35.01077017309429,193.6752863731804,b1,67807209.3941964,0.749519288973687,1.11772309454381,0.38699789891079917,5.174736282041003,8.262066025677516
Gulistan,2022,69.16850490268757,382.0515968948831,910522.8470588233,35.713645348333834,193.6752863731804,b1,69168504.90268758,1.3612955084911675,2.007597010190021,0.7028751752395408,6.536031790532171,10.435532026378969
Gulistan,2023,68.7871545306522,377.89506013463927,905503.0980392154,35.51674342079488,193.6752863731804,b1,68787154.5306522,-0.3813503720353708,-0.5513352826866602,-0.19690192753895275,6.1546814184968,9.826661973694817
Gulistan,2024,70.27325564649239,393.13344579369254,925062.3098039215,36.28405924289555,193.6752863731804,b1,70273255.64649239,1.4861011158401851,2.1604340606616645,0.7673158221006702,7.640782534336985,12.19939458666226
