city,year,built_area_core_km2,built_area_extended_km2,built_pixels,urban_density_pct,analysis_area_km2,area_key_used,debug_area_m2,annual_growth_km2,annual_growth_pct,density_change_pct,cumulative_growth_km2,cumulative_growth_pct
Jizzakh,2017,103.75279273605337,284.7564117423554,1358411.6196078432,53.570486291236584,193.6752863731721,b1,103752792.73605336,,,,0.0,0.0
Jizzakh,2018,106.04492241183597,293.87223223642894,1388418.4470588237,54.753977338909806,193.67528637317326,b1,106044922.41183597,2.292129675782604,2.20922214750765,1.1834910476732219,2.292129675782604,2.20922214750765
Jizzakh,2019,107.9314120723815,307.0272210169956,1413112.8666666667,55.72802503279609,193.67528637317326,b1,107931412.07238151,1.8864896605455357,1.778953313030085,0.9740476938862841,4.17861933632814,4.027476491123028
Jizzakh,2020,109.8946023058467,313.5296153525827,1438813.611764706,56.7416753906856,193.67528637317326,b1,109894602.3058467,1.9631902334651983,1.8189238848729472,1.0136503578895102,6.141809569793338,5.919657107850651
Jizzakh,2021,111.06187529163006,319.04790265050787,1454095.5764705883,57.344371278035034,193.67528637317326,b1,111061875.29163006,1.167272985783356,1.0621749943047432,0.6026958873494337,7.309082555576694,7.044709219703571
Jizzakh,2022,112.18995598126497,327.4831940748019,1468860.0235294118,57.92683108008811,193.67528637317326,b1,112189955.98126498,1.1280806896349134,1.015722710131417,0.5824598020530729,8.437163245211607,8.13198664124224
Jizzakh,2023,112.31770773538204,326.7272995178278,1470528.9803921569,57.992792905424416,193.67528637317326,b1,112317707.73538205,0.12775175411707096,0.11387093701900053,0.06596182533630923,8.564914999328678,8.255117547647872
Jizzakh,2024,114.84328093471431,336.77715722513875,1503587.3333333335,59.29681741295296,193.67528637317326,b1,114843280.93471432,2.525573199332271,2.2485975277223957,1.3040245075285455,11.09048819866095,10.689339444457268
