city,year,Built_Area_core_km2,Built_Area_extended_km2,built_pixels,urban_density_pct,analysis_area_km2,area_key_used,debug_area_m2,annual_growth_km2,annual_growth_pct,density_change_pct,cumulative_growth_km2,cumulative_growth_pct
Namangan,2017,192.76588649806823,810.4537705724196,2556589.243137255,43.8610753013771,439.4919303130172,b1,192765886.4980682,,,,0.0,0.0
Namangan,2018,200.1766133826555,848.9770033896799,2654915.3098039217,45.547278476782196,439.4919303130172,b1,200176613.3826555,7.4107268845872625,3.8444182314703923,1.6862031754050975,7.4107268845872625,3.8444182314703923
Namangan,2019,207.6993455598693,878.4203919340589,2754731.1137254904,47.25896682834213,439.4919303130172,b1,207699345.5598693,7.522732177213811,3.758047481217708,1.7116883515599355,14.933459061801074,7.746940775203348
Namangan,2020,212.74612011580757,886.0113253006226,2821706.9333333336,48.407287015323455,439.4919303130172,b1,212746120.11580756,5.046774555938271,2.429846152059034,1.1483201869813229,19.980233617739344,10.365025669590967
Namangan,2021,217.76844864135646,901.6616916685169,2888358.482352942,49.55004486345319,439.4919303130172,b1,217768448.64135647,5.022328525548886,2.360714509301043,1.1427578481297331,25.00256214328823,12.9704288437668
Namangan,2022,220.01726048729893,914.3689376865789,2918194.678431373,50.06172930879461,439.4919303130172,b1,220017260.48729894,2.2488118459424697,1.0326619213998356,0.5116844453414231,27.2513739892307,14.1370314448785
Namangan,2023,221.11048220875026,919.2391957088789,2932698.133333334,50.31047601972346,439.4919303130172,b1,221110482.20875025,1.0932217214513287,0.4968799807024471,0.2487467109288488,28.34459571068203,14.704155504696148
Namangan,2024,228.419406679523,951.5907224138065,3029709.1490196083,51.97351553573167,439.4919303130172,b1,228419406.67952302,7.308924470772752,3.3055531324256204,1.6630395160082116,35.65352018145478,18.495762310004004
