city,year,built_area_core_km2,built_area_extended_km2,built_pixels,urban_density_pct,analysis_area_km2,area_key_used,debug_area_m2,annual_growth_km2,annual_growth_pct,density_change_pct,cumulative_growth_km2,cumulative_growth_pct
Navoiy,2017,96.44647702903015,289.2493360022303,1262650.0941176468,31.708356534703135,304.1673791054876,b1,96446477.02903014,,,,0.0,0.0
Navoiy,2018,99.72135234481422,297.1198417595939,1305526.8588235294,32.785025349556,304.1673791054876,b1,99721352.34481423,3.2748753157840724,3.3955364847575886,1.0766688148528658,3.2748753157840724,3.3955364847575886
Navoiy,2019,101.87463052018389,303.4623481873103,1333701.7333333334,33.492950762761765,304.1673791054876,b1,101874630.52018389,2.153278175369664,2.1592950002564226,0.7079254132057642,5.428153491153736,5.628151134561277
Navoiy,2020,103.33204219859225,307.1403204440527,1352775.2431372548,33.972098685426715,304.1673791054876,b1,103332042.19859225,1.4574116784083628,1.430593339054731,0.47914792266495,6.885565169562099,7.139260428858973
Navoiy,2021,103.69937972340497,308.17254797549424,1357584.4862745097,34.092866903863886,304.1673791054876,b1,103699379.72340497,0.36733752481272575,0.35549236906278203,0.12076821843717056,7.252902694374825,7.520132323953854
Navoiy,2022,104.14080414335002,309.38445950830464,1363355.874509804,34.23799240063583,304.1673791054876,b1,104140804.14335002,0.44142441994505077,0.4256770109160257,0.14512549677194642,7.694327114319876,7.977820809363423
Navoiy,2023,105.87751327587593,316.54739279454935,1386080.7019607844,34.80896392875739,304.1673791054876,b1,105877513.27587593,1.7367091325259025,1.6676548129351154,0.5709715281215608,9.431036246845778,9.77851813499322
Navoiy,2024,107.29819021103472,319.78186071241237,1404669.5843137254,35.276034703847344,304.1673791054876,b1,107298190.21103472,1.4206769351587951,1.3418117702264754,0.467070775089951,10.851713182004573,11.251539212508742
