city,year,Built_Area_core_km2,Built_Area_extended_km2,built_pixels,urban_density_pct,analysis_area_km2,area_key_used,debug_area_m2,annual_growth_km2,annual_growth_pct,density_change_pct,cumulative_growth_km2,cumulative_growth_pct
Nukus,2017,96.76364565325188,445.27681479513797,1312512.650980392,31.812630906648014,304.16737910548227,b1,96763645.65325189,,,,0.0,0.0
Nukus,2018,98.93412896084003,453.98909328879125,1341965.725490196,32.5262127884301,304.16737910548227,b1,98934128.96084003,2.1704833075881425,2.2430772351901274,0.7135818817820869,2.1704833075881425,2.2430772351901274
Nukus,2019,100.31289071970262,454.0626663085688,1360672.5098039214,32.97950326386417,304.16737910548227,b1,100312890.71970262,1.3787617588625949,1.393615907214718,0.4532904754340663,3.5492450664507373,3.6679530235655733
Nukus,2020,100.3533875411005,446.4235429427355,1361219.1647058823,32.99281725615255,304.16737910548227,b1,100353387.5411005,0.04049682139788047,0.04037050583163282,0.013313992288381371,3.589741887848618,3.7098043005864945
Nukus,2021,100.47283068626506,416.93662508758536,1362838.6235294119,33.03208614340661,304.16737910548227,b1,100472830.68626505,0.11944314516455279,0.11902253435702725,0.0392688872540603,3.7091850330131706,3.8332423380417646
Nukus,2022,103.97872041840151,485.811649673776,1410405.1294117647,34.18470472546719,304.16737910548227,b1,103978720.41840151,3.5058897321364526,3.489390821568361,1.1526185820605832,7.215074765149623,7.456389965922239
Nukus,2023,103.05797548197641,456.5070606299362,1397911.6549019609,33.881994770463834,304.16737910548227,b1,103057975.48197642,-0.9207449364250948,-0.8855128556305547,-0.3027099550033583,6.294329828724528,6.504849818577507
Nukus,2024,105.14682523546966,470.9096186826062,1426239.6156862744,34.56873828636495,304.16737910548227,b1,105146825.23546967,2.0888497534932498,2.0268686083966037,0.6867435159011137,8.383179582217778,8.66356318597019
