city,year,built_area_core_km2,built_area_extended_km2,built_pixels,urban_density_pct,analysis_area_km2,area_key_used,debug_area_m2,annual_growth_km2,annual_growth_pct,density_change_pct,cumulative_growth_km2,cumulative_growth_pct
Nurafshon,2017,46.32551550283942,694.2581945422353,614621.1450980391,23.91916716394093,193.67528637316826,b1,46325515.50283942,,,,0.0,0.0
Nurafshon,2018,47.16962238886262,712.0687172079053,625819.6470588234,24.355003300719265,193.67528637316826,b1,47169622.38886262,0.8441068860231979,1.8221208698076197,0.43583613677833455,0.8441068860231979,1.8221208698076197
Nurafshon,2019,48.15368922291314,729.4167118790581,638873.5137254901,24.863104696864585,193.67528637316826,b1,48153689.22291314,0.9840668340505161,2.0862300442813453,0.5081013961453209,1.828173720073714,3.9463645471180087
Nurafshon,2020,49.47480281419112,749.8491853869864,656398.8901960783,25.545232817606074,193.67528637316826,b1,49474802.814191125,1.3211135912779852,2.7435355682973395,0.6821281207414884,3.1492873113516993,6.798170030420203
Nurafshon,2021,49.735545173147806,750.3376326487219,659859.6470588234,25.67986143431763,193.67528637316957,b1,49735545.173147805,0.2607423589566835,0.5270205117055893,0.1346286167115558,3.4100296703083828,7.361018292606736
Nurafshon,2022,51.663195108277094,771.7297263807205,685428.1921568627,26.675161336141702,193.67528637316826,b1,51663195.1082771,1.9276499351292884,3.875799347163933,0.9952999018240725,5.337679605437671,11.52211593870016
Nurafshon,2023,51.10315227678867,769.9968613834068,678002.3058823529,26.385995463729177,193.67528637316826,b1,51103152.27678867,-0.560042831488424,-1.0840267047260044,-0.289165872412525,4.777636773949247,10.313186420249142
Nurafshon,2024,52.550409892997926,786.1467343569205,697197.9450980391,27.133255293989976,193.67528637316826,b1,52550409.89299793,1.4472576162092565,2.8320319818443185,0.7472598302607985,6.224894390158504,13.43729113986214
