city,year,Built_Area_core_km2,Built_Area_extended_km2,built_pixels,urban_density_pct,analysis_area_km2,area_key_used,debug_area_m2,annual_growth_km2,annual_growth_pct,density_change_pct,cumulative_growth_km2,cumulative_growth_pct
Qarshi,2017,114.81633238115732,450.90331672374714,1476558.3294117649,59.28290311647177,193.67528637317287,b1,114816332.38115732,,,,0.0,0.0
Qarshi,2018,119.878444737368,471.63603013183183,1541667.8980392157,61.89661416397063,193.67528637317287,b1,119878444.737368,5.062112356210676,4.408878293905016,2.6137110474988603,5.062112356210676,4.408878293905016
Qarshi,2019,120.42360161907614,475.24916733710336,1548678.407843137,62.17809400164994,193.67528637317287,b1,120423601.61907613,0.545156881708138,0.4547580533785567,0.2814798376793064,5.607269237918814,4.88368607638876
Qarshi,2020,122.42559902249715,485.0062899005903,1574428.4549019607,63.21178159334585,193.67528637317287,b1,122425599.02249715,2.001997403421015,1.6624626539187393,1.0336875916959087,7.609266641339829,6.627338187462084
Qarshi,2021,124.42062903948228,485.15566142363264,1600086.3215686274,64.24187172737622,193.67528637317287,b1,124420629.03948228,1.995030016985126,1.629585669103828,1.0300901340303739,9.604296658324955,8.364922009911835
Qarshi,2022,125.44073493506008,492.2909111392306,1613207.1921568625,64.7685811050571,193.67528637317287,b1,125440734.93506008,1.0201058955777995,0.8198848562757988,0.5267093776808736,10.624402553902755,9.253389594986183
Qarshi,2023,126.00256457564068,496.36807742290557,1620436.1607843137,65.05866955728172,193.67528637317145,b1,126002564.57564068,0.5618296405805978,0.44788452560602376,0.290088452224623,11.186232194483352,9.742718620682167
Qarshi,2024,126.69219864158902,502.7108913519917,1629308.6666666665,65.41474703049047,193.67528637317287,b1,126692198.64158902,0.68963406594834,0.5473174837916428,0.3560774732087566,11.875866260431692,10.343359706881428
