city,year,Built_Area_core_km2,Built_Area_extended_km2,built_pixels,urban_density_pct,analysis_area_km2,area_key_used,debug_area_m2,annual_growth_km2,annual_growth_pct,density_change_pct,cumulative_growth_km2,cumulative_growth_pct
Samarkand,2017,232.50686176443634,1067.4870171235154,3023720.160784314,52.9035565223772,439.49193031302224,b1,232506861.76443633,,,,0.0,0.0
Samarkand,2018,239.83220947061028,1087.9863754899964,3119006.584313725,54.57033290686202,439.49193031302224,b1,239832209.4706103,7.325347706173943,3.150594202073753,1.6667763844848196,7.325347706173943,3.150594202073753
Samarkand,2019,240.87331078238392,1094.8768151582995,3132563.031372549,54.80722037622584,439.4919303130166,b1,240873310.78238392,1.0411013117736445,0.43409570135375386,0.23688746936382188,8.366449017947588,3.598366497425798
Samarkand,2020,245.45968468787615,1118.3716369863985,3192208.1450980394,55.85078308788304,439.49193031302224,b1,245459684.68787614,4.5863739054922235,1.9040606410877015,1.043562711657195,12.952822923439811,5.57094221871306
Samarkand,2021,254.1300396944965,1145.8211666461607,3304962.364705883,57.82359633167685,439.49193031302224,b1,254130039.6944965,8.670355006620355,3.5322928967522538,1.9728132437938157,21.623177930060166,9.300017111739113
Samarkand,2022,258.07971410266833,1169.2414547349733,3356324.733333334,58.722287328200665,439.49193031302224,b1,258079714.10266832,3.9496744081718305,1.5541942278527676,0.8986909965238112,25.572852338231996,10.998751668731854
Samarkand,2023,257.3248746057556,1162.979489563351,3346506.0666666664,58.5505345735198,439.49193031302224,b1,257324874.6057556,-0.754839496912723,-0.2924830800968836,-0.17175275468086681,24.818012841319273,10.674099100982048
Samarkand,2024,263.6900537348517,1187.0607704795862,3429281.137254902,59.99883855593025,439.49193031302224,b1,263690053.7348517,6.365179129096077,2.473596514463705,1.4483039824104509,31.18319197041535,13.411729758758039
