city,year,Built_Area_core_km2,Built_Area_extended_km2,built_pixels,urban_density_pct,analysis_area_km2,area_key_used,debug_area_m2,annual_growth_km2,annual_growth_pct,density_change_pct,cumulative_growth_km2,cumulative_growth_pct
Tashkent,2017,496.8286777958511,1169.0838832315144,6619388.929411765,72.10451833095885,689.0395904392753,b1,496828677.7958511,,,,0.0,0.0
Tashkent,2018,504.54123749786527,1194.19736647762,6722087.666666666,73.22383858614148,689.0395904392753,b1,504541237.49786526,7.712559702014175,1.5523579951605138,1.119320255182629,7.712559702014175,1.5523579951605138
Tashkent,2019,512.7362445381287,1213.3674387563672,6831207.188235295,74.41317620243709,689.0395904392753,b1,512736244.5381288,8.195007040263476,1.6242492052590984,1.189337616295603,15.907566742277652,3.201821362818791
Tashkent,2020,521.3949039091481,1245.4926527758648,6946502.337254902,75.6698034690217,689.0395904392706,b1,521394903.90914804,8.658659371019326,1.688716072494345,1.2566272665846157,24.566226113296977,4.944607107279619
Tashkent,2021,524.370017334624,1247.630175112493,6986097.513725491,76.10158031707996,689.0395904392753,b1,524370017.33462393,2.975113425475911,0.5706065408714212,0.4317768480582629,27.54133953877289,5.543427899725573
Tashkent,2022,529.0804021047669,1271.689501204162,7048829.556862745,76.7851963001819,689.0395904392753,b1,529080402.1047669,4.710384770142923,0.8982940699176156,0.6836159831019302,32.25172430891581,6.4915182537365945
Tashkent,2023,530.1183463809383,1265.586805139545,7062628.800000001,76.93583267733254,689.0395904392753,b1,530118346.3809383,1.0379442761714017,0.19617893084724614,0.15063637715064715,33.28966858508721,6.700432175689763
Tashkent,2024,532.6486632046896,1282.6681081598206,7096330.137254903,77.30305639841629,689.0395904392753,b1,532648663.2046896,2.5303168237512637,0.4773116872912375,0.36722372108374657,35.81998540883848,7.209725808854595
