city,year,built_area_core_km2,built_area_extended_km2,built_pixels,urban_density_pct,analysis_area_km2,annual_growth_km2,annual_growth_pct,density_change_pct,cumulative_growth_km2,cumulative_growth_pct
Tashkent,2017,496.8286777958511,1169.0838832315144,6619388.929411765,96.06688819131254,689.0395904392753,,,,0.0,0.0
Tashkent,2018,504.54123749786527,1194.19736647762,6722087.666666666,97.55735025880315,689.0395904392753,7.712559702014175,1.5523579951605138,1.4904620674906113,7.712559702014175,1.5523579951605138
Tashkent,2019,512.7362445381287,1213.3674387563672,6831207.188235295,99.14099687479894,689.0395904392753,8.195007040263476,1.6242492052590984,1.5836466159957894,15.907566742277652,3.201821362818791
Tashkent,2020,521.3949039091481,1245.4926527758648,6946502.337254902,100.81427008898545,689.0395904392753,8.658659371019326,1.688716072494345,1.6732732141865085,24.566226113296977,4.944607107279619
Tashkent,2021,524.370017334624,1247.630175112493,6986097.513725491,101.38891307060783,689.0395904392753,2.975113425475911,0.5706065408714212,0.5746429816223753,27.54133953877289,5.543427899725573
Tashkent,2022,529.080402104767,1271.689501204162,7048829.556862745,102.29934033788955,689.0395904392753,4.710384770143037,0.8982940699176378,0.9104272672817189,32.251724308915925,6.491518253736617
Tashkent,2023,530.1183463809382,1265.586805139545,7062628.800000001,102.49960812117406,689.0395904392753,1.0379442761711744,0.19617893084720173,0.20026778328451655,33.2896685850871,6.700432175689741
Tashkent,2024,532.6486632046896,1282.6681081598206,7096330.137254903,102.98871408435126,689.0395904392753,2.5303168237513773,0.4773116872912597,0.48910596317719524,35.81998540883848,7.209725808854595
