city,year,built_area_core_km2,built_area_extended_km2,built_pixels,urban_density_pct,analysis_area_km2,area_key_used,debug_area_m2,annual_growth_km2,annual_growth_pct,density_change_pct,cumulative_growth_km2,cumulative_growth_pct
Termez,2017,55.32829067909426,201.3446209483334,696241.0980392155,28.567553308008677,193.6752863731716,b1,55328290.67909426,,,,0.0,0.0
Termez,2018,58.078527871320986,218.03553994639833,730849.5058823529,29.987578156676047,193.6752863731716,b1,58078527.871320985,2.7502371922267272,4.970761175649163,1.4200248486673708,2.7502371922267272,4.970761175649163
Termez,2019,61.278041217607985,234.1389984648568,771099.3450980393,31.63957692544111,193.6752863731716,b1,61278041.21760798,3.1995133462869987,5.508943603694383,1.6519987687650612,5.949750538513726,10.753541209184391
Termez,2020,61.27637667219279,232.8871246897184,771078.568627451,31.638717473806178,193.6752863731716,b1,61276376.67219279,-0.0016645454151955619,-0.0027163815652708756,-0.0008594516349305081,5.94808599309853,10.75053272040809
Termez,2021,60.791508081612164,233.25593049126215,764984.1607843137,31.388366177231152,193.6752863731716,b1,60791508.08161216,-0.4848685905806249,-0.7912814316265782,-0.2503512965750261,5.463217402517905,9.874184319563973
Termez,2022,59.59226487889084,232.3808877258045,749895.9098039216,30.76916316729697,193.6752863731716,b1,59592264.878890835,-1.199243202721327,-1.972715006693615,-0.6192030099341821,4.2639741997965785,7.706679797009741
Termez,2023,61.33225854714227,236.01709970611012,771782.5803921568,31.667570858249768,193.6752863731716,b1,61332258.54714227,1.7399936682514294,2.919831410649709,0.8984076909527978,6.003967868048008,10.85153326509074
Termez,2024,62.322545097705515,247.64575576356089,784247.325490196,32.17888366904132,193.6752863731716,b1,62322545.09770551,0.9902865505632477,1.6146259309888,0.5113128107915514,6.994254418611256,12.641370866087541
