city,year,built_area_core_km2,built_area_extended_km2,built_pixels,urban_density_pct,analysis_area_km2,area_key_used,debug_area_m2,annual_growth_km2,annual_growth_pct,density_change_pct,cumulative_growth_km2,cumulative_growth_pct
Urgench,2017,104.71819649776673,821.6101831669836,1400502.3098039213,34.42781957937965,304.1673791054926,b1,104718196.49776673,,,,0.0,0.0
Urgench,2018,106.50638847937671,832.473404224556,1424417.9999999995,35.01571693604846,304.1673791054926,b1,106506388.4793767,1.7881919816099838,1.7076229742441384,0.5878973566688117,1.7881919816099838,1.7076229742441384
Urgench,2019,107.94448707589835,844.2039155914922,1443645.372549019,35.488515367211875,304.1673791054926,b1,107944487.07589835,1.438098596521641,1.3502463251771069,0.4727984311634117,3.226290578131625,3.0809264158788485
Urgench,2020,109.09287621329148,857.9801005476107,1459000.4745098033,35.86606707600141,304.1673791054926,b1,109092876.21329148,1.1483891373931243,1.0638701137054563,0.37755170878953237,4.374679715524749,4.177573584948102
Urgench,2021,108.57954026796567,855.2849920268013,1452137.5137254896,35.697299489276396,304.1673791054793,b1,108579540.26796567,-0.5133359453258066,-0.47054946495512784,-0.1687675867250107,3.8613437701989426,3.6873665698408997
Urgench,2022,111.65580303475924,886.0609341111881,1493279.1568627444,36.70867118069039,304.1673791054926,b1,111655803.03475924,3.076262766793576,2.833188240806339,1.0113716914139914,6.937606536992519,6.625024846699379
Urgench,2023,113.32968390763988,898.8949341754378,1515671.1019607838,37.25898689100858,304.1673791054926,b1,113329683.90763988,1.6738808728806305,1.4991436426815552,0.5503157103181948,8.611487409873149,8.223487128196293
Urgench,2024,114.80247049742177,904.8574531300939,1535373.0196078424,37.74318956721704,304.1673791054926,b1,114802470.49742177,1.4727865897818901,1.2995594260919008,0.48420267620845436,10.08427399965504,9.629915656416133
