{
  "city": "Jizzakh",
  "aridity_index": 0.15273681064898656,
  "climatic_water_deficit": 2427.425238066292,
  "drought_frequency": 0.25,
  "surface_water_change": -33.33333333333333,
  "cropland_fraction": 0.2974680923598625,
  "population_density": 3533.6581844432417,
  "aqueduct_bws_score": null,
  "water_supply_risk": 0.6185403676538738,
  "water_demand_risk": 0.7164553293038074,
  "overall_water_scarcity_score": 0.6577063523138472,
  "water_scarcity_level": "High"
}