{
  "city": "Jizzakh",
  "aridity_index": 0.4891201086087484,
  "climatic_water_deficit": 707.597645286709,
  "drought_frequency": 0.25,
  "surface_water_change": -33.33333333333333,
  "cropland_fraction": 0.2974680923598625,
  "population_density": 3533.6581844432417,
  "aqueduct_bws_score": 3.0,
  "water_supply_risk": 0.3689593769441444,
  "water_demand_risk": 0.7164553293038074,
  "overall_water_scarcity_score": 0.5079577578880096,
  "water_scarcity_level": "High"
}