{
  "city": "Tashkent",
  "aridity_index": 0.5578678526642779,
  "climatic_water_deficit": 699.6292757615079,
  "drought_frequency": 0.22916666666666666,
  "surface_water_change": -25.66666666666667,
  "cropland_fraction": 0.2851214273969424,
  "population_density": 6796.444444444444,
  "aqueduct_bws_score": 3.0,
  "water_supply_risk": 0.3255776928494286,
  "water_demand_risk": 0.6991699983557194,
  "overall_water_scarcity_score": 0.4750146150519449,
  "water_scarcity_level": "Moderate"
}