{
  "city": "Namangan",
  "year": 2018,
  "stats": {
    "urban_mean": 37.61977712610572,
    "rural_mean": 36.96835805478995,
    "suhi": 0.6514190713157646,
    "uncertainty": {
      "urban_core": {
        "mean": 37.61977712610572,
        "stdDev": 3.402085686108935,
        "count": 9495,
        "stdError": 0.034913851723828784,
        "ci95": [
          37.55134597672701,
          37.68820827548442
        ]
      },
      "rural_ring": {
        "mean": 36.96835805478995,
        "stdDev": 4.021270606891524,
        "count": 202,
        "stdError": 0.2829356125704967,
        "ci95": [
          36.41380425415178,
          37.52291185542813
        ]
      }
    }
  }
}