{
  "city": "Namangan",
  "year": 2024,
  "stats": {
    "urban_mean": 33.63853983533295,
    "rural_mean": 33.42955049634253,
    "suhi": 0.2089893389904205,
    "uncertainty": {
      "urban_core": {
        "mean": 33.63853983533295,
        "stdDev": 3.1064243102132827,
        "count": 9495,
        "stdError": 0.031879631427546254,
        "ci95": [
          33.576055757734956,
          33.70102391293094
        ]
      },
      "rural_ring": {
        "mean": 33.42955049634253,
        "stdDev": 3.6306146533154346,
        "count": 202,
        "stdError": 0.255449155593456,
        "ci95": [
          32.92887015137936,
          33.9302308413057
        ]
      }
    }
  }
}