{
  "city": "Namangan",
  "year": 2021,
  "stats": {
    "day_urban_mean": 37.46272380637696,
    "day_rural_mean": 37.328118168261156,
    "suhi_day": 0.13460563811580073,
    "night_urban_mean": 21.555811002808547,
    "night_rural_mean": 20.466282070839934,
    "suhi_night": 1.0895289319686121,
    "suhi_day_night_diff": -0.9549232938528114,
    "day_stronger_than_night": false,
    "uncertainty_day": {
      "urban_core": {
        "mean": 37.46272380637696,
        "stdDev": 2.6627351089908644,
        "count": 593,
        "stdError": 0.10934542525734334,
        "ci95": [
          37.24840677287256,
          37.67704083988135
        ]
      },
      "rural_ring": {
        "mean": 37.328118168261156,
        "stdDev": 3.3259400400664916,
        "count": 5051,
        "stdError": 0.04679783170289153,
        "ci95": [
          37.23639441812349,
          37.419841918398824
        ]
      }
    },
    "uncertainty_night": {
      "urban_core": {
        "mean": 21.555811002808547,
        "stdDev": 1.0468708422366002,
        "count": 593,
        "stdError": 0.042989832915545555,
        "ci95": [
          21.47155093029408,
          21.640071075323014
        ]
      },
      "rural_ring": {
        "mean": 20.466282070839934,
        "stdDev": 1.0552362709296348,
        "count": 5051,
        "stdError": 0.014847762983954649,
        "ci95": [
          20.437180455391385,
          20.495383686288484
        ]
      }
    }
  }
}