{
  "city": "Namangan",
  "year": 2022,
  "stats": {
    "urban_mean": 34.49539842502837,
    "rural_mean": 33.83953512682928,
    "suhi": 0.6558632981990868,
    "uncertainty": {
      "urban_core": {
        "mean": 34.49539842502837,
        "stdDev": 2.8025825034158687,
        "count": 9495,
        "stdError": 0.02876145958568469,
        "ci95": [
          34.43902596424043,
          34.55177088581631
        ]
      },
      "rural_ring": {
        "mean": 33.83953512682928,
        "stdDev": 3.574903787268711,
        "count": 202,
        "stdError": 0.25152935273692867,
        "ci95": [
          33.3465375954649,
          34.332532658193664
        ]
      }
    }
  }
}