{
  "city": "Namangan",
  "year": 2017,
  "stats": {
    "urban_mean": 30.885167851645214,
    "rural_mean": 30.121316843690195,
    "suhi": 0.7638510079550187,
    "uncertainty": {
      "urban_core": {
        "mean": 30.885167851645214,
        "stdDev": 2.96583576899339,
        "count": 9495,
        "stdError": 0.03043684369816525,
        "ci95": [
          30.82551163799681,
          30.944824065293616
        ]
      },
      "rural_ring": {
        "mean": 30.121316843690195,
        "stdDev": 3.4271543027791136,
        "count": 202,
        "stdError": 0.24113373528472395,
        "ci95": [
          29.648694722532138,
          30.593938964848252
        ]
      }
    }
  }
}