{
  "city": "Namangan",
  "year": 2020,
  "stats": {
    "day_urban_mean": 37.98104952915912,
    "day_rural_mean": 37.40629507663374,
    "suhi_day": 0.5747544525253829,
    "night_urban_mean": 20.797535436973433,
    "night_rural_mean": 19.490680107284174,
    "suhi_night": 1.3068553296892595,
    "suhi_day_night_diff": -0.7321008771638766,
    "day_stronger_than_night": false,
    "uncertainty_day": {
      "urban_core": {
        "mean": 37.98104952915912,
        "stdDev": 1.8096786662607118,
        "count": 593,
        "stdError": 0.07431459579785724,
        "ci95": [
          37.835392921395325,
          38.12670613692292
        ]
      },
      "rural_ring": {
        "mean": 37.40629507663374,
        "stdDev": 2.940303847968066,
        "count": 5051,
        "stdError": 0.04137171535714848,
        "ci95": [
          37.325206514533726,
          37.48738363873375
        ]
      }
    },
    "uncertainty_night": {
      "urban_core": {
        "mean": 20.797535436973433,
        "stdDev": 1.2367597925684626,
        "count": 593,
        "stdError": 0.050787637494603764,
        "ci95": [
          20.69799166748401,
          20.897079206462855
        ]
      },
      "rural_ring": {
        "mean": 19.490680107284174,
        "stdDev": 1.1126563520261759,
        "count": 5051,
        "stdError": 0.015655695556145155,
        "ci95": [
          19.45999494399413,
          19.52136527057422
        ]
      }
    }
  }
}