{
  "city": "Namangan",
  "year": 2021,
  "stats": {
    "urban_mean": 33.52851319599305,
    "rural_mean": 33.29460704431038,
    "suhi": 0.23390615168266748,
    "uncertainty": {
      "urban_core": {
        "mean": 33.52851319599305,
        "stdDev": 3.4686273189770653,
        "count": 9495,
        "stdError": 0.03559673420174676,
        "ci95": [
          33.458743596957625,
          33.598282795028474
        ]
      },
      "rural_ring": {
        "mean": 33.29460704431038,
        "stdDev": 4.66751887460163,
        "count": 202,
        "stdError": 0.32840548201520015,
        "ci95": [
          32.65093229956059,
          33.93828178906018
        ]
      }
    }
  }
}