{
  "city": "Namangan",
  "year": 2020,
  "stats": {
    "urban_mean": 31.072856562774284,
    "rural_mean": 30.959162120669387,
    "suhi": 0.11369444210489732,
    "uncertainty": {
      "urban_core": {
        "mean": 31.072856562774284,
        "stdDev": 3.1970538662088908,
        "count": 9495,
        "stdError": 0.03280971584392264,
        "ci95": [
          31.008549519720194,
          31.137163605828373
        ]
      },
      "rural_ring": {
        "mean": 30.959162120669387,
        "stdDev": 3.7568319671264607,
        "count": 202,
        "stdError": 0.26432977480344505,
        "ci95": [
          30.441075762054634,
          31.47724847928414
        ]
      }
    }
  }
}