{
  "city": "Namangan",
  "year": 2023,
  "stats": {
    "day_urban_mean": 38.463577003138944,
    "day_rural_mean": 37.63556960084423,
    "suhi_day": 0.8280074022947161,
    "night_urban_mean": 22.66575820254424,
    "night_rural_mean": 21.383109357633586,
    "suhi_night": 1.2826488449106535,
    "suhi_day_night_diff": -0.4546414426159373,
    "day_stronger_than_night": false,
    "uncertainty_day": {
      "urban_core": {
        "mean": 38.463577003138944,
        "stdDev": 2.0915330258335523,
        "count": 593,
        "stdError": 0.0858889670915187,
        "ci95": [
          38.295234627639566,
          38.63191937863832
        ]
      },
      "rural_ring": {
        "mean": 37.63556960084423,
        "stdDev": 3.223140302994098,
        "count": 5051,
        "stdError": 0.04535138205657764,
        "ci95": [
          37.546680892013335,
          37.72445830967512
        ]
      }
    },
    "uncertainty_night": {
      "urban_core": {
        "mean": 22.66575820254424,
        "stdDev": 1.29847045591494,
        "count": 593,
        "stdError": 0.053321790705619425,
        "ci95": [
          22.561247492761225,
          22.770268912327253
        ]
      },
      "rural_ring": {
        "mean": 21.383109357633586,
        "stdDev": 1.0939189351399652,
        "count": 5051,
        "stdError": 0.015392049648093764,
        "ci95": [
          21.35294094032332,
          21.41327777494385
        ]
      }
    }
  }
}