{
  "city": "Namangan",
  "year": 2022,
  "stats": {
    "day_urban_mean": 37.6866367751528,
    "day_rural_mean": 36.67654859232331,
    "suhi_day": 1.0100881828294916,
    "night_urban_mean": 21.898419758797278,
    "night_rural_mean": 20.8800186175097,
    "suhi_night": 1.0184011412875797,
    "suhi_day_night_diff": -0.008312958458088104,
    "day_stronger_than_night": false,
    "uncertainty_day": {
      "urban_core": {
        "mean": 37.6866367751528,
        "stdDev": 1.9117427251834778,
        "count": 593,
        "stdError": 0.07850586435052599,
        "ci95": [
          37.53276528102577,
          37.84050826927983
        ]
      },
      "rural_ring": {
        "mean": 36.67654859232331,
        "stdDev": 2.833684121087995,
        "count": 5051,
        "stdError": 0.03987151632330117,
        "ci95": [
          36.59840042032964,
          36.754696764316975
        ]
      }
    },
    "uncertainty_night": {
      "urban_core": {
        "mean": 21.898419758797278,
        "stdDev": 1.1559806153087029,
        "count": 593,
        "stdError": 0.047470434270151504,
        "ci95": [
          21.80537770762778,
          21.991461809966776
        ]
      },
      "rural_ring": {
        "mean": 20.8800186175097,
        "stdDev": 1.1762647543744291,
        "count": 5051,
        "stdError": 0.016550701260434356,
        "ci95": [
          20.847579243039245,
          20.91245799198015
        ]
      }
    }
  }
}