{
  "city": "Namangan",
  "year": 2019,
  "stats": {
    "urban_mean": 35.381700318323155,
    "rural_mean": 34.28381707454617,
    "suhi": 1.0978832437769839,
    "uncertainty": {
      "urban_core": {
        "mean": 35.381700318323155,
        "stdDev": 4.171638907268437,
        "count": 9495,
        "stdError": 0.04281137975108064,
        "ci95": [
          35.297790014011035,
          35.465610622635275
        ]
      },
      "rural_ring": {
        "mean": 34.28381707454617,
        "stdDev": 4.37953318134598,
        "count": 202,
        "stdError": 0.3081428793459876,
        "ci95": [
          33.679857031028035,
          34.88777711806431
        ]
      }
    }
  }
}