{
  "city": "Namangan",
  "year": 2017,
  "stats": {
    "day_urban_mean": 38.33090665785555,
    "day_rural_mean": 37.47117865493156,
    "suhi_day": 0.8597280029239869,
    "night_urban_mean": 21.91227662316211,
    "night_rural_mean": 20.81478367263071,
    "suhi_night": 1.0974929505314002,
    "suhi_day_night_diff": -0.2377649476074133,
    "day_stronger_than_night": false,
    "uncertainty_day": {
      "urban_core": {
        "mean": 38.33090665785555,
        "stdDev": 2.347160251336117,
        "count": 593,
        "stdError": 0.09638631907578198,
        "ci95": [
          38.14198947246702,
          38.51982384324408
        ]
      },
      "rural_ring": {
        "mean": 37.47117865493156,
        "stdDev": 3.1424895161039275,
        "count": 5051,
        "stdError": 0.04421658049487645,
        "ci95": [
          37.384514157161604,
          37.55784315270152
        ]
      }
    },
    "uncertainty_night": {
      "urban_core": {
        "mean": 21.91227662316211,
        "stdDev": 1.2139622675539503,
        "count": 593,
        "stdError": 0.04985145534899353,
        "ci95": [
          21.81456777067808,
          22.00998547564614
        ]
      },
      "rural_ring": {
        "mean": 20.81478367263071,
        "stdDev": 1.0512724262107374,
        "count": 5051,
        "stdError": 0.01479198947757248,
        "ci95": [
          20.785791373254668,
          20.843775972006753
        ]
      }
    }
  }
}