{
  "city": "Namangan",
  "year": 2023,
  "stats": {
    "urban_mean": 30.497108420796053,
    "rural_mean": 30.26764092140936,
    "suhi": 0.22946749938669342,
    "uncertainty": {
      "urban_core": {
        "mean": 30.497108420796053,
        "stdDev": 2.450760286007859,
        "count": 9495,
        "stdError": 0.025150889522183185,
        "ci95": [
          30.447812677332575,
          30.54640416425953
        ]
      },
      "rural_ring": {
        "mean": 30.26764092140936,
        "stdDev": 2.9339489929530815,
        "count": 202,
        "stdError": 0.20643193078057007,
        "ci95": [
          29.86303433707944,
          30.67224750573928
        ]
      }
    }
  }
}