{
  "city": "Namangan",
  "year": 2024,
  "stats": {
    "day_urban_mean": 37.18986697505368,
    "day_rural_mean": 36.22621982048734,
    "suhi_day": 0.9636471545663454,
    "night_urban_mean": 23.180332859738968,
    "night_rural_mean": 21.86131796714215,
    "suhi_night": 1.3190148925968188,
    "suhi_day_night_diff": -0.3553677380304734,
    "day_stronger_than_night": false,
    "uncertainty_day": {
      "urban_core": {
        "mean": 37.18986697505368,
        "stdDev": 2.318115540460273,
        "count": 593,
        "stdError": 0.09519359575476063,
        "ci95": [
          37.003287527374354,
          37.37644642273301
        ]
      },
      "rural_ring": {
        "mean": 36.22621982048734,
        "stdDev": 3.1544859931575933,
        "count": 5051,
        "stdError": 0.044385377619124616,
        "ci95": [
          36.13922448035385,
          36.31321516062082
        ]
      }
    },
    "uncertainty_night": {
      "urban_core": {
        "mean": 23.180332859738968,
        "stdDev": 1.1235121101362247,
        "count": 593,
        "stdError": 0.04613711256888007,
        "ci95": [
          23.089904119103963,
          23.270761600373973
        ]
      },
      "rural_ring": {
        "mean": 21.86131796714215,
        "stdDev": 1.0831028623510783,
        "count": 5051,
        "stdError": 0.015239861470326604,
        "ci95": [
          21.83144783866031,
          21.89118809562399
        ]
      }
    }
  }
}