{
  "city": "Namangan",
  "year": 2016,
  "stats": {
    "urban_mean": 31.525729076570236,
    "rural_mean": 31.441131221211755,
    "suhi": 0.08459785535848141,
    "uncertainty": {
      "urban_core": {
        "mean": 31.525729076570236,
        "stdDev": 4.350527464725153,
        "count": 9495,
        "stdError": 0.04464722080459531,
        "ci95": [
          31.43822052379323,
          31.613237629347243
        ]
      },
      "rural_ring": {
        "mean": 31.441131221211755,
        "stdDev": 5.147409094307791,
        "count": 202,
        "stdError": 0.3621704400477337,
        "ci95": [
          30.731277158718196,
          32.15098528370531
        ]
      }
    }
  }
}