{
  "city": "Namangan",
  "year": 2016,
  "stats": {
    "day_urban_mean": 38.9555056335701,
    "day_rural_mean": 38.288181235854104,
    "suhi_day": 0.6673243977159942,
    "night_urban_mean": 22.00337617710228,
    "night_rural_mean": 20.913210625367743,
    "suhi_night": 1.090165551734536,
    "suhi_day_night_diff": -0.42284115401854194,
    "day_stronger_than_night": false,
    "uncertainty_day": {
      "urban_core": {
        "mean": 38.9555056335701,
        "stdDev": 2.238101153224986,
        "count": 593,
        "stdError": 0.09190779869240694,
        "ci95": [
          38.775366348132984,
          39.13564491900721
        ]
      },
      "rural_ring": {
        "mean": 38.288181235854104,
        "stdDev": 3.1478677541364894,
        "count": 5051,
        "stdError": 0.044292255304185665,
        "ci95": [
          38.2013684154579,
          38.37499405625031
        ]
      }
    },
    "uncertainty_night": {
      "urban_core": {
        "mean": 22.00337617710228,
        "stdDev": 1.2565218581463355,
        "count": 593,
        "stdError": 0.05159916826132542,
        "ci95": [
          21.90224180731008,
          22.104510546894478
        ]
      },
      "rural_ring": {
        "mean": 20.913210625367743,
        "stdDev": 1.0328341283996443,
        "count": 5051,
        "stdError": 0.01453255234176829,
        "ci95": [
          20.88472682277788,
          20.941694427957607
        ]
      }
    }
  }
}