{
  "city": "Namangan",
  "year": 2019,
  "stats": {
    "day_urban_mean": 38.109838625474964,
    "day_rural_mean": 37.59636475998044,
    "suhi_day": 0.5134738654945252,
    "night_urban_mean": 21.575914620849186,
    "night_rural_mean": 20.43521965081268,
    "suhi_night": 1.140694970036506,
    "suhi_day_night_diff": -0.6272211045419809,
    "day_stronger_than_night": false,
    "uncertainty_day": {
      "urban_core": {
        "mean": 38.109838625474964,
        "stdDev": 1.9912435063784872,
        "count": 593,
        "stdError": 0.08177057014071397,
        "ci95": [
          37.949568307999165,
          38.27010894295076
        ]
      },
      "rural_ring": {
        "mean": 37.59636475998044,
        "stdDev": 3.031656288743153,
        "count": 5051,
        "stdError": 0.04265709515881064,
        "ci95": [
          37.51275685346917,
          37.67997266649171
        ]
      }
    },
    "uncertainty_night": {
      "urban_core": {
        "mean": 21.575914620849186,
        "stdDev": 1.368696523125834,
        "count": 593,
        "stdError": 0.05620562964153076,
        "ci95": [
          21.465751586751786,
          21.686077654946587
        ]
      },
      "rural_ring": {
        "mean": 20.43521965081268,
        "stdDev": 1.044180900383045,
        "count": 5051,
        "stdError": 0.01469220775324698,
        "ci95": [
          20.406422923616315,
          20.464016378009045
        ]
      }
    }
  }
}