{
  "city": "Namangan",
  "year": 2018,
  "stats": {
    "day_urban_mean": 38.35395083429706,
    "day_rural_mean": 37.757023798034076,
    "suhi_day": 0.5969270362629828,
    "night_urban_mean": 21.613892350900404,
    "night_rural_mean": 20.585511109796638,
    "suhi_night": 1.0283812411037658,
    "suhi_day_night_diff": -0.431454204840783,
    "day_stronger_than_night": false,
    "uncertainty_day": {
      "urban_core": {
        "mean": 38.35395083429706,
        "stdDev": 1.7329958545271886,
        "count": 593,
        "stdError": 0.07116561014373837,
        "ci95": [
          38.21446623841533,
          38.493435430178785
        ]
      },
      "rural_ring": {
        "mean": 37.757023798034076,
        "stdDev": 2.8806740124323396,
        "count": 5051,
        "stdError": 0.040532690307311374,
        "ci95": [
          37.67757972503175,
          37.836467871036405
        ]
      }
    },
    "uncertainty_night": {
      "urban_core": {
        "mean": 21.613892350900404,
        "stdDev": 1.1322874633621283,
        "count": 593,
        "stdError": 0.046497473134611854,
        "ci95": [
          21.522757303556563,
          21.705027398244244
        ]
      },
      "rural_ring": {
        "mean": 20.585511109796638,
        "stdDev": 1.154807233613656,
        "count": 5051,
        "stdError": 0.016248781973487773,
        "ci95": [
          20.553663497128603,
          20.617358722464672
        ]
      }
    }
  }
}