{
  "city": "Namangan",
  "year": 2018,
  "stats": {
    "urban_mean": 37.650539706625004,
    "rural_mean": 36.84811257053396,
    "suhi": 0.8024271360910475,
    "uncertainty": {
      "urban_core": {
        "mean": 37.650539706625004,
        "stdDev": 3.2438639478607927,
        "count": 2373,
        "stdError": 0.06659072785876274,
        "ci95": [
          37.52002188002183,
          37.78105753322818
        ]
      },
      "rural_ring": {
        "mean": 36.84811257053396,
        "stdDev": 4.0937166974737025,
        "count": 102,
        "stdError": 0.40533835296461723,
        "ci95": [
          36.05364939872331,
          37.642575742344604
        ]
      }
    }
  }
}