{
  "built_expansion_10yr_mean": 0.021942713464532648,
  "built_expansion_10yr_std": 0.011152379828352125,
  "green_change_10yr_mean": -0.007972551399423846,
  "green_change_10yr_std": 0.004504515267273442,
  "water_change_10yr_mean": 0.001051164672972207,
  "water_change_10yr_std": 0.004426050206592865,
  "built_expansion_rate_mean": 0.0021942713464532643,
  "green_loss_rate_mean": -0.0007972551399423846,
  "ndvi_change_10yr_mean": -0.008864809061305726,
  "ndbi_change_10yr_mean": 0.002388000016105574,
  "connectivity_change_10yr_mean": -0.008190102880847849,
  "lights_change_10yr_mean": 2.9296769924070247,
  "impervious_change_10yr_mean": 0.023237557860819536,
  "analysis_span_years": 10,
  "analysis_periods": 10,
  "cities_analyzed": 14,
  "analysis_type": "temporal_trend_2016_2025"
}