{
  "city": "Navoiy",
  "aridity_index": 0.06718260329988145,
  "climatic_water_deficit": 2712.145072279809,
  "drought_frequency": 0.25,
  "surface_water_change": -30.956521739130434,
  "cropland_fraction": 0.3271964708684301,
  "population_density": 3053.767512305945,
  "aqueduct_bws_score": null,
  "water_supply_risk": 0.6546620318632517,
  "water_demand_risk": 0.7580750592158021,
  "overall_water_scarcity_score": 0.6960272428042719,
  "water_scarcity_level": "High"
}