{
  "city": "Bukhara",
  "year": 2017,
  "processing_scale": 150,
  "classifications_available": [
    "esri",
    "dynamic_world",
    "ghsl",
    "esa",
    "modis_lc"
  ],
  "accuracy_assessment": {
    "dynamic_world_agreement": {
      "dw_built": 0
    },
    "esa_agreement": {
      "esa_built": 0.8934939279065334
    },
    "ghsl_agreement": {
      "ghsl_built": 0.42739737261539257
    },
    "modis_lc_agreement": {
      "modis_urban": 0.7213954703842212
    }
  },
  "suhi_analysis": {
    "suhi": -4.705773518042619,
    "suhi_se": 0.16526980855264037,
    "ci_95_lower": -5.029702342805795,
    "ci_95_upper": -4.381844693279444,
    "relative_error_pct": 3.5120646567237443,
    "urban_pixels": 192,
    "rural_pixels": 3859,
    "urban_std": 1.7338184135694696,
    "rural_std": 6.707096387230614
  },
  "day_night_analysis": {
    "day": {
      "urban_mean": 25.454379823619657,
      "urban_std": 0.9649674908733432,
      "urban_count": 207,
      "rural_mean": 28.640806788089822,
      "rural_std": 4.536273812310335,
      "rural_count": 3927,
      "suhi": -3.186426964470165,
      "band": "LST_Day_MODIS"
    },
    "night": {
      "urban_mean": 10.056210334805842,
      "urban_std": 0.8193212290205397,
      "urban_count": 207,
      "rural_mean": 9.812707327237815,
      "rural_std": 1.0248098754403054,
      "rural_count": 3927,
      "suhi": 0.24350300756802667,
      "band": "LST_Night_MODIS"
    },
    "day_night_difference": {
      "suhi_difference": -3.4299299720381917,
      "day_stronger": false,
      "magnitude_ratio": -13.085780731393976
    }
  },
  "landcover_changes": {
    "landcover_changes": {
      "Built_Area": {
        "start_area_km2": 166.60732941176468,
        "end_area_km2": 173.8068247058823,
        "change_km2": 7.199495294117611,
        "change_percent": 4.32123563803384
      },
      "Water": {
        "start_area_km2": 0.7151964705882352,
        "end_area_km2": 0.7874505882352942,
        "change_km2": 0.07225411764705902,
        "change_percent": 10.102694940263255
      },
      "Rangeland": {
        "start_area_km2": 2.4460094117647055,
        "end_area_km2": 2.440468235294117,
        "change_km2": -0.005541176470588383,
        "change_percent": -0.22653945826768626
      },
      "Bare_Ground": {
        "start_area_km2": 2.072544705882353,
        "end_area_km2": 1.413158823529412,
        "change_km2": -0.6593858823529413,
        "change_percent": -31.81527908572752
      },
      "Crops": {
        "start_area_km2": 232.92787058823612,
        "end_area_km2": 226.3318482352949,
        "change_km2": -6.596022352941219,
        "change_percent": -2.8317875127109615
      },
      "Flooded_Vegetation": {
        "start_area_km2": 0.0108,
        "end_area_km2": 0,
        "change_km2": -0.0108,
        "change_percent": -100.0
      }
    },
    "yearly_stats": {
      "2017": {
        "Water": {
          "area_km2": 0.7151964705882352,
          "percentage": 0.1766878085054635
        },
        "Rangeland": {
          "area_km2": 2.4460094117647055,
          "percentage": 0.6042815650264381
        },
        "Flooded_Vegetation": {
          "area_km2": 0.0108,
          "percentage": 0.0026681176576410187
        },
        "Crops": {
          "area_km2": 232.92787058823612,
          "percentage": 57.54434856233286
        },
        "Built_Area": {
          "area_km2": 166.60732941176468,
          "percentage": 41.15999606443918
        },
        "Bare_Ground": {
          "area_km2": 2.072544705882353,
          "percentage": 0.5120178820384369
        }
      },
      "2018": {
        "Water": {
          "area_km2": 0.8017305882352942,
          "percentage": 0.19806588325384347
        },
        "Rangeland": {
          "area_km2": 2.2912023529411765,
          "percentage": 0.5660368013991669
        },
        "Crops": {
          "area_km2": 231.91702588235367,
          "percentage": 57.2946214689164
        },
        "Built_Area": {
          "area_km2": 167.80954588235292,
          "percentage": 41.45700115642838
        },
        "Bare_Ground": {
          "area_km2": 1.9602458823529412,
          "percentage": 0.48427469000222056
        }
      },
      "2019": {
        "Water": {
          "area_km2": 0.7796294117647059,
          "percentage": 0.19260583332830486
        },
        "Rangeland": {
          "area_km2": 2.3862599999999996,
          "percentage": 0.589520596455783
        },
        "Crops": {
          "area_km2": 227.1826870588243,
          "percentage": 56.12501285666508
        },
        "Built_Area": {
          "area_km2": 172.94151529411758,
          "percentage": 42.724843582910125
        },
        "Bare_Ground": {
          "area_km2": 1.4896588235294117,
          "percentage": 0.3680171306407009
        }
      },
      "2020": {
        "Water": {
          "area_km2": 0.7874505882352942,
          "percentage": 0.19453803879540696
        },
        "Rangeland": {
          "area_km2": 2.440468235294117,
          "percentage": 0.6029126288426158
        },
        "Crops": {
          "area_km2": 226.3318482352949,
          "percentage": 55.91481488547385
        },
        "Built_Area": {
          "area_km2": 173.8068247058823,
          "percentage": 42.93861648298905
        },
        "Bare_Ground": {
          "area_km2": 1.413158823529412,
          "percentage": 0.349117963899077
        }
      }
    },
    "analysis_period": "2017-2020"
  },
  "vegetation_indices": {
    "NDBI": -0.15612196645807877,
    "NDVI": 0.3539910723062861,
    "NDWI": -0.37909958142923295
  },
  "urban_stats": {
    "LST_Day_MODIS_mean": 38.97437425847894,
    "LST_Day_MODIS_stdDev": 1.7338184135694696,
    "LST_Day_MODIS_count": 192
  },
  "rural_stats": {
    "LST_Day_MODIS_mean": 43.68014777652156,
    "LST_Day_MODIS_stdDev": 6.707096387230614,
    "LST_Day_MODIS_count": 3859
  },
  "optimization_note": "Processed at 150m resolution for memory optimization"
}