{
  "city": "Jizzakh",
  "year": 2024,
  "processing_scale": 150,
  "classifications_available": [
    "esri",
    "dynamic_world",
    "ghsl",
    "esa",
    "modis_lc"
  ],
  "accuracy_assessment": {
    "dynamic_world_agreement": {
      "dw_built": 0
    },
    "esa_agreement": {
      "esa_built": 0.8924681550137549
    },
    "ghsl_agreement": {
      "ghsl_built": 0.3408320548772273
    },
    "modis_lc_agreement": {
      "modis_urban": 0.8019093722256322
    }
  },
  "suhi_analysis": {
    "suhi": -0.14258601501592238,
    "suhi_se": 0.14876473457915923,
    "ci_95_lower": -0.43416489479107445,
    "ci_95_upper": 0.14899286475922968,
    "relative_error_pct": 104.33332789512835,
    "urban_pixels": 152,
    "rural_pixels": 3807,
    "urban_std": 1.7131443211828108,
    "rural_std": 3.278073759787876
  },
  "day_night_analysis": {
    "day": {
      "urban_mean": 25.397693206785668,
      "urban_std": 1.4646221259340708,
      "urban_count": 158,
      "rural_mean": 23.52408419434701,
      "rural_std": 2.1673558450445873,
      "rural_count": 3881,
      "suhi": 1.8736090124386564,
      "band": "LST_Day_MODIS"
    },
    "night": {
      "urban_mean": 11.507137281373979,
      "urban_std": 0.8924008791600477,
      "urban_count": 158,
      "rural_mean": 10.06413963952313,
      "rural_std": 1.1049790346193897,
      "rural_count": 3881,
      "suhi": 1.4429976418508481,
      "band": "LST_Night_MODIS"
    },
    "day_night_difference": {
      "suhi_difference": 0.4306113705878083,
      "day_stronger": true,
      "magnitude_ratio": 1.2984144658999501
    }
  },
  "landcover_changes": {
    "landcover_changes": {
      "Trees": {
        "start_area_km2": 0,
        "end_area_km2": 0.0198,
        "change_km2": 0.0198,
        "change_percent": Infinity
      },
      "Water": {
        "start_area_km2": 0.13437882352941175,
        "end_area_km2": 0.4268258823529413,
        "change_km2": 0.2924470588235295,
        "change_percent": 217.62882807165002
      },
      "Crops": {
        "start_area_km2": 58.064248235294095,
        "end_area_km2": 56.39163529411762,
        "change_km2": -1.6726129411764745,
        "change_percent": -2.8806244668811267
      },
      "Built_area": {
        "start_area_km2": 146.56547647058818,
        "end_area_km2": 151.6341564705882,
        "change_km2": 5.068680000000029,
        "change_percent": 3.458304180532705
      },
      "Bare_ground": {
        "start_area_km2": 0.3618,
        "end_area_km2": 0.3717,
        "change_km2": 0.009899999999999964,
        "change_percent": 2.736318407960189
      },
      "Rangeland": {
        "start_area_km2": 55.22711999999999,
        "end_area_km2": 51.50890588235293,
        "change_km2": -3.718214117647065,
        "change_percent": -6.732587391207555
      }
    },
    "yearly_stats": {
      "2021": {
        "Water": {
          "area_km2": 0.13437882352941175,
          "percentage": 0.05161408218262201
        },
        "Rangeland": {
          "area_km2": 55.22711999999999,
          "percentage": 21.212398170502166
        },
        "Crops": {
          "area_km2": 58.064248235294095,
          "percentage": 22.3021217300112
        },
        "Built_area": {
          "area_km2": 146.56547647058818,
          "percentage": 56.294900855657204
        },
        "Bare_ground": {
          "area_km2": 0.3618,
          "percentage": 0.1389651616468084
        }
      },
      "2022": {
        "Water": {
          "area_km2": 0.05938588235294118,
          "percentage": 0.022809753291085727
        },
        "Rangeland": {
          "area_km2": 54.752809411764694,
          "percentage": 21.03021838176554
        },
        "Trees": {
          "area_km2": 0.0117,
          "percentage": 0.004493898262210221
        },
        "Crops": {
          "area_km2": 57.11936470588234,
          "percentage": 21.93919775985611
        },
        "Built_area": {
          "area_km2": 148.06165411764704,
          "percentage": 56.86957351617649
        },
        "Bare_ground": {
          "area_km2": 0.34810941176470583,
          "percentage": 0.13370669064858412
        }
      },
      "2023": {
        "Water": {
          "area_km2": 0.15325764705882355,
          "percentage": 0.058865322545989265
        },
        "Rangeland": {
          "area_km2": 53.17622117647058,
          "percentage": 20.424660507337386
        },
        "Trees": {
          "area_km2": 0.0018,
          "percentage": 0.000691368963416957
        },
        "Crops": {
          "area_km2": 58.3980070588235,
          "percentage": 22.4303164477083
        },
        "Built_area": {
          "area_km2": 148.26553764705884,
          "percentage": 56.94788392972493
        },
        "Bare_ground": {
          "area_km2": 0.3582,
          "percentage": 0.13758242371997442
        }
      },
      "2024": {
        "Water": {
          "area_km2": 0.4268258823529413,
          "percentage": 0.16394120435660056
        },
        "Rangeland": {
          "area_km2": 51.50890588235293,
          "percentage": 19.784254925902186
        },
        "Trees": {
          "area_km2": 0.0198,
          "percentage": 0.007605058597586526
        },
        "Crops": {
          "area_km2": 56.39163529411762,
          "percentage": 21.65968135482288
        },
        "Built_area": {
          "area_km2": 151.6341564705882,
          "percentage": 58.24174976537514
        },
        "Bare_ground": {
          "area_km2": 0.3717,
          "percentage": 0.1427676909456016
        }
      }
    },
    "analysis_period": "2021-2024"
  },
  "vegetation_indices": {
    "NDBI": -0.04854621406483019,
    "NDVI": 0.2601891203447664,
    "NDWI": -0.31844086852679987
  },
  "urban_stats": {
    "LST_Day_MODIS_mean": 40.61635428778132,
    "LST_Day_MODIS_stdDev": 1.7131443211828108,
    "LST_Day_MODIS_count": 152
  },
  "rural_stats": {
    "LST_Day_MODIS_mean": 40.75894030279724,
    "LST_Day_MODIS_stdDev": 3.278073759787876,
    "LST_Day_MODIS_count": 3807
  },
  "optimization_note": "Processed at 150m resolution for memory optimization"
}