{
  "city": "Namangan",
  "year": 2017,
  "processing_scale": 200,
  "classifications_available": [
    "esri",
    "dynamic_world",
    "ghsl",
    "esa",
    "modis_lc"
  ],
  "accuracy_assessment": {
    "dynamic_world_agreement": {
      "dw_built": 0
    },
    "esa_agreement": {
      "esa_built": 0.9208738826921432
    },
    "ghsl_agreement": {
      "ghsl_built": 0.47526001983256555
    },
    "modis_lc_agreement": {
      "modis_urban": 0.7886970933303207
    }
  },
  "suhi_analysis": {
    "suhi": 1.6349534068891174,
    "suhi_se": 0.14116997064747056,
    "ci_95_lower": 1.3582602644200752,
    "ci_95_upper": 1.9116465493581596,
    "relative_error_pct": 8.634495029193497,
    "urban_pixels": 278,
    "rural_pixels": 4042,
    "urban_std": 2.1886841779890864,
    "rural_std": 3.3020305543254964
  },
  "day_night_analysis": {
    "day": {
      "urban_mean": 25.92192801004701,
      "urban_std": 1.9170811008542772,
      "urban_count": 292,
      "rural_mean": 23.850327501419617,
      "rural_std": 1.9352540684842112,
      "rural_count": 4121,
      "suhi": 2.0716005086273945,
      "band": "LST_Day_MODIS"
    },
    "night": {
      "urban_mean": 10.567020595993037,
      "urban_std": 0.8004133725529078,
      "urban_count": 292,
      "rural_mean": 8.929533114709036,
      "rural_std": 1.0538276392290902,
      "rural_count": 4121,
      "suhi": 1.6374874812840012,
      "band": "LST_Night_MODIS"
    },
    "day_night_difference": {
      "suhi_difference": 0.4341130273433933,
      "day_stronger": true,
      "magnitude_ratio": 1.2651092190353679
    }
  },
  "landcover_changes": {
    "landcover_changes": {
      "Flooded_vegetation": {
        "start_area_km2": 0.0135,
        "end_area_km2": 0.0009,
        "change_km2": -0.0126,
        "change_percent": -93.33333333333333
      },
      "Trees": {
        "start_area_km2": 0.0054,
        "end_area_km2": 0.0018,
        "change_km2": -0.0036000000000000003,
        "change_percent": -66.66666666666667
      },
      "Water": {
        "start_area_km2": 2.2520682352941175,
        "end_area_km2": 2.3891470588235295,
        "change_km2": 0.13707882352941203,
        "change_percent": 6.0867970775099405
      },
      "Crops": {
        "start_area_km2": 297.4299705882353,
        "end_area_km2": 277.22499529411766,
        "change_km2": -20.204975294117617,
        "change_percent": -6.793187402788526
      },
      "Built_area": {
        "start_area_km2": 257.81863411764687,
        "end_area_km2": 284.6656517647058,
        "change_km2": 26.84701764705892,
        "change_percent": 10.413140903852662
      },
      "Bare_ground": {
        "start_area_km2": 1.423895294117647,
        "end_area_km2": 0.8856,
        "change_km2": -0.538295294117647,
        "change_percent": -37.804415559306655
      },
      "Rangeland": {
        "start_area_km2": 34.62562235294116,
        "end_area_km2": 28.400996470588247,
        "change_km2": -6.22462588235291,
        "change_percent": -17.976935746901255
      }
    },
    "yearly_stats": {
      "2017": {
        "Water": {
          "area_km2": 2.2520682352941175,
          "percentage": 0.37941130544083546
        },
        "Rangeland": {
          "area_km2": 34.62562235294116,
          "percentage": 5.833461159277464
        },
        "Trees": {
          "area_km2": 0.0054,
          "percentage": 0.000909750875782384
        },
        "Flooded_vegetation": {
          "area_km2": 0.0135,
          "percentage": 0.0022743771894559598
        },
        "Crops": {
          "area_km2": 297.4299705882353,
          "percentage": 50.108736338254765
        },
        "Built_area": {
          "area_km2": 257.81863411764687,
          "percentage": 43.43532003361986
        },
        "Bare_ground": {
          "area_km2": 1.423895294117647,
          "percentage": 0.23988703534184155
        }
      },
      "2018": {
        "Water": {
          "area_km2": 2.1378070588235296,
          "percentage": 0.3601614525960127
        },
        "Rangeland": {
          "area_km2": 33.19048235294116,
          "percentage": 5.591679701523699
        },
        "Trees": {
          "area_km2": 0.0024000000000000007,
          "percentage": 0.0004043337225699485
        },
        "Crops": {
          "area_km2": 289.3400647058823,
          "percentage": 48.74581060464965
        },
        "Built_area": {
          "area_km2": 267.746336470588,
          "percentage": 45.10786372067449
        },
        "Bare_ground": {
          "area_km2": 1.152,
          "percentage": 0.19408018683357522
        }
      },
      "2019": {
        "Water": {
          "area_km2": 2.3326411764705886,
          "percentage": 0.3929856209592903
        },
        "Rangeland": {
          "area_km2": 34.56820588235295,
          "percentage": 5.823788069573395
        },
        "Trees": {
          "area_km2": 0.012127058823529413,
          "percentage": 0.002043074515809327
        },
        "Crops": {
          "area_km2": 277.6406611764707,
          "percentage": 46.77478419594338
        },
        "Built_area": {
          "area_km2": 277.9174552941174,
          "percentage": 46.82141636093236
        },
        "Bare_ground": {
          "area_km2": 1.098,
          "percentage": 0.18498267807575133
        }
      },
      "2020": {
        "Water": {
          "area_km2": 2.3891470588235295,
          "percentage": 0.4025053016921504
        },
        "Rangeland": {
          "area_km2": 28.400996470588247,
          "percentage": 4.784783594853711
        },
        "Trees": {
          "area_km2": 0.0018,
          "percentage": 0.0003032502919274612
        },
        "Flooded_vegetation": {
          "area_km2": 0.0009,
          "percentage": 0.0001516251459637306
        },
        "Crops": {
          "area_km2": 277.22499529411766,
          "percentage": 46.70475597362792
        },
        "Built_area": {
          "area_km2": 284.6656517647058,
          "percentage": 47.95830111076002
        },
        "Bare_ground": {
          "area_km2": 0.8856,
          "percentage": 0.1491991436283109
        }
      }
    },
    "analysis_period": "2017-2020"
  },
  "vegetation_indices": {
    "NDBI": -0.08232713777005908,
    "NDVI": 0.31795085222119546,
    "NDWI": -0.35781970445557754
  },
  "urban_stats": {
    "LST_Day_MODIS_mean": 39.37871781062664,
    "LST_Day_MODIS_stdDev": 2.1886841779890864,
    "LST_Day_MODIS_count": 278
  },
  "rural_stats": {
    "LST_Day_MODIS_mean": 37.74376440373752,
    "LST_Day_MODIS_stdDev": 3.3020305543254964,
    "LST_Day_MODIS_count": 4042
  },
  "optimization_note": "Processed at 200m resolution for memory optimization"
}