{
  "city": "Namangan",
  "year": 2024,
  "processing_scale": 200,
  "classifications_available": [
    "esri",
    "dynamic_world",
    "ghsl",
    "esa",
    "modis_lc"
  ],
  "accuracy_assessment": {
    "dynamic_world_agreement": {
      "dw_built": 0
    },
    "esa_agreement": {
      "esa_built": 0.862199816920601
    },
    "ghsl_agreement": {
      "ghsl_built": 0.42855135002872446
    },
    "modis_lc_agreement": {
      "modis_urban": 0.7703823148407682
    }
  },
  "suhi_analysis": {
    "suhi": 1.8779113558338878,
    "suhi_se": 0.1188576446485301,
    "ci_95_lower": 1.6449503723227688,
    "ci_95_upper": 2.110872339345007,
    "relative_error_pct": 6.329246813449897,
    "urban_pixels": 317,
    "rural_pixels": 3948,
    "urban_std": 1.8884963973585636,
    "rural_std": 3.3699921632142966
  },
  "day_night_analysis": {
    "day": {
      "urban_mean": 24.38938845967073,
      "urban_std": 1.3394383542289607,
      "urban_count": 332,
      "rural_mean": 22.811120703334296,
      "rural_std": 1.7147276865227976,
      "rural_count": 4018,
      "suhi": 1.5782677563364338,
      "band": "LST_Day_MODIS"
    },
    "night": {
      "urban_mean": 11.553193902543665,
      "urban_std": 0.8409241901028834,
      "urban_count": 332,
      "rural_mean": 9.739069637553444,
      "rural_std": 0.9307078961106497,
      "rural_count": 4018,
      "suhi": 1.8141242649902214,
      "band": "LST_Night_MODIS"
    },
    "day_night_difference": {
      "suhi_difference": -0.2358565086537876,
      "day_stronger": false,
      "magnitude_ratio": 0.8699887801483881
    }
  },
  "landcover_changes": {
    "landcover_changes": {
      "Water": {
        "start_area_km2": 2.3891470588235295,
        "end_area_km2": 2.855692941176471,
        "change_km2": 0.46654588235294137,
        "change_percent": 19.527717250803274
      },
      "Built_Area": {
        "start_area_km2": 284.6656517647058,
        "end_area_km2": 306.0424799999997,
        "change_km2": 21.376828235293942,
        "change_percent": 7.509451211543866
      },
      "Rangeland": {
        "start_area_km2": 28.400996470588247,
        "end_area_km2": 27.982704705882348,
        "change_km2": -0.41829176470589857,
        "change_percent": -1.4728066500732706
      },
      "Bare_Ground": {
        "start_area_km2": 0.8856,
        "end_area_km2": 1.2987035294117648,
        "change_km2": 0.41310352941176476,
        "change_percent": 46.64673999681174
      },
      "Crops": {
        "start_area_km2": 277.22499529411766,
        "end_area_km2": 255.24730941176483,
        "change_km2": -21.97768588235283,
        "change_percent": -7.9277432610417895
      },
      "Trees": {
        "start_area_km2": 0.0018,
        "end_area_km2": 0.1422,
        "change_km2": 0.1404,
        "change_percent": 7800.0
      },
      "Flooded_Vegetation": {
        "start_area_km2": 0.0009,
        "end_area_km2": 0,
        "change_km2": -0.0009,
        "change_percent": -100.0
      }
    },
    "yearly_stats": {
      "2020": {
        "Water": {
          "area_km2": 2.3891470588235295,
          "percentage": 0.4025053016921504
        },
        "Rangeland": {
          "area_km2": 28.400996470588247,
          "percentage": 4.784783594853711
        },
        "Trees": {
          "area_km2": 0.0018,
          "percentage": 0.0003032502919274612
        },
        "Flooded_Vegetation": {
          "area_km2": 0.0009,
          "percentage": 0.0001516251459637306
        },
        "Crops": {
          "area_km2": 277.22499529411766,
          "percentage": 46.70475597362792
        },
        "Built_Area": {
          "area_km2": 284.6656517647058,
          "percentage": 47.95830111076002
        },
        "Bare_Ground": {
          "area_km2": 0.8856,
          "percentage": 0.1491991436283109
        }
      },
      "2021": {
        "Water": {
          "area_km2": 2.5474411764705884,
          "percentage": 0.42917348912930064
        },
        "Rangeland": {
          "area_km2": 27.871471764705895,
          "percentage": 4.695573305052808
        },
        "Trees": {
          "area_km2": 0.0018,
          "percentage": 0.0003032502919274612
        },
        "Crops": {
          "area_km2": 270.6561635294119,
          "percentage": 45.59808922347825
        },
        "Built_Area": {
          "area_km2": 291.4968141176469,
          "percentage": 49.10916332061185
        },
        "Bare_Ground": {
          "area_km2": 0.9954,
          "percentage": 0.16769741143588604
        }
      },
      "2022": {
        "Water": {
          "area_km2": 2.630188235294118,
          "percentage": 0.4431140834317308
        },
        "Rangeland": {
          "area_km2": 25.11614117647058,
          "percentage": 4.23137619103113
        },
        "Trees": {
          "area_km2": 0.1197,
          "percentage": 0.020166144413176174
        },
        "Flooded_Vegetation": {
          "area_km2": 0.0009,
          "percentage": 0.00015162514596373064
        },
        "Crops": {
          "area_km2": 270.2732258823531,
          "percentage": 45.533574805000136
        },
        "Built_Area": {
          "area_km2": 294.7391470588233,
          "percentage": 49.65540688224394
        },
        "Bare_Ground": {
          "area_km2": 0.6897882352941177,
          "percentage": 0.11621026873392751
        }
      },
      "2023": {
        "Water": {
          "area_km2": 2.5700152941176473,
          "percentage": 0.4329766045551204
        },
        "Rangeland": {
          "area_km2": 23.854178823529402,
          "percentage": 4.018770384402864
        },
        "Trees": {
          "area_km2": 0.1728,
          "percentage": 0.029112028025036287
        },
        "Crops": {
          "area_km2": 270.2208176470588,
          "percentage": 45.52474546463771
        },
        "Built_Area": {
          "area_km2": 296.15547882352917,
          "percentage": 49.89401967175128
        },
        "Bare_Ground": {
          "area_km2": 0.5958,
          "percentage": 0.10037584662798968
        }
      },
      "2024": {
        "Water": {
          "area_km2": 2.855692941176471,
          "percentage": 0.48110539892608634
        },
        "Rangeland": {
          "area_km2": 27.982704705882348,
          "percentage": 4.714312983877092
        },
        "Trees": {
          "area_km2": 0.1422,
          "percentage": 0.023956773062269444
        },
        "Crops": {
          "area_km2": 255.24730941176483,
          "percentage": 43.002122829342625
        },
        "Built_Area": {
          "area_km2": 306.0424799999997,
          "percentage": 51.55970633455785
        },
        "Bare_Ground": {
          "area_km2": 1.2987035294117648,
          "percentage": 0.2187956802340789
        }
      }
    },
    "analysis_period": "2020-2024"
  },
  "vegetation_indices": {
    "NDBI": -0.10289308377601672,
    "NDVI": 0.3252574073184795,
    "NDWI": -0.35796706937111333
  },
  "urban_stats": {
    "LST_Day_MODIS_mean": 38.31073369395484,
    "LST_Day_MODIS_stdDev": 1.8884963973585636,
    "LST_Day_MODIS_count": 317
  },
  "rural_stats": {
    "LST_Day_MODIS_mean": 36.43282233812095,
    "LST_Day_MODIS_stdDev": 3.3699921632142966,
    "LST_Day_MODIS_count": 3948
  },
  "optimization_note": "Processed at 200m resolution for memory optimization"
}