{
  "city": "Navoiy",
  "year": 2024,
  "processing_scale": 150,
  "classifications_available": [
    "esri",
    "dynamic_world",
    "ghsl",
    "esa",
    "modis_lc"
  ],
  "accuracy_assessment": {
    "dynamic_world_agreement": {
      "dw_built": 0
    },
    "esa_agreement": {
      "esa_built": 0.9035918037954361
    },
    "ghsl_agreement": {
      "ghsl_built": 0.5545032705298997
    },
    "modis_lc_agreement": {
      "modis_urban": 0.8164370201456811
    }
  },
  "suhi_analysis": {
    "suhi": -4.192322840031402,
    "suhi_se": 0.2457433536362139,
    "ci_95_lower": -4.673979813158381,
    "ci_95_upper": -3.7106658669044226,
    "relative_error_pct": 5.861746888614457,
    "urban_pixels": 151,
    "rural_pixels": 4225,
    "urban_std": 2.946756057840267,
    "rural_std": 3.4907032814826264
  },
  "day_night_analysis": {
    "day": {
      "urban_mean": 23.820083905562313,
      "urban_std": 1.785172475236018,
      "urban_count": 155,
      "rural_mean": 25.939976274855034,
      "rural_std": 2.175587352974788,
      "rural_count": 4305,
      "suhi": -2.119892369292721,
      "band": "LST_Day_MODIS"
    },
    "night": {
      "urban_mean": 10.998006870782175,
      "urban_std": 0.7903648788023674,
      "urban_count": 155,
      "rural_mean": 10.725488405148749,
      "rural_std": 0.7535200670015435,
      "rural_count": 4305,
      "suhi": 0.27251846563342674,
      "band": "LST_Night_MODIS"
    },
    "day_night_difference": {
      "suhi_difference": -2.3924108349261477,
      "day_stronger": false,
      "magnitude_ratio": -7.77889441130296
    }
  },
  "landcover_changes": {
    "landcover_changes": {
      "Water": {
        "start_area_km2": 4.5351,
        "end_area_km2": 4.792612941176471,
        "change_km2": 0.25751294117647117,
        "change_percent": 5.678219690336953
      },
      "Built_Area": {
        "start_area_km2": 136.28684823529417,
        "end_area_km2": 141.6103870588235,
        "change_km2": 5.323538823529333,
        "change_percent": 3.906128061849696
      },
      "Rangeland": {
        "start_area_km2": 131.26178823529426,
        "end_area_km2": 129.55706823529428,
        "change_km2": -1.7047199999999805,
        "change_percent": -1.298717641225619
      },
      "Bare_Ground": {
        "start_area_km2": 8.667384705882352,
        "end_area_km2": 7.425338823529411,
        "change_km2": -1.242045882352941,
        "change_percent": -14.330111383079528
      },
      "Crops": {
        "start_area_km2": 125.7423741176472,
        "end_area_km2": 123.1287882352942,
        "change_km2": -2.613585882353007,
        "change_percent": -2.078524364354439
      },
      "Trees": {
        "start_area_km2": 0.1233,
        "end_area_km2": 0.1458,
        "change_km2": 0.022500000000000006,
        "change_percent": 18.248175182481756
      },
      "Flooded_Vegetation": {
        "start_area_km2": 0.1089,
        "end_area_km2": 0.0657,
        "change_km2": -0.0432,
        "change_percent": -39.66942148760331
      }
    },
    "yearly_stats": {
      "2020": {
        "Water": {
          "area_km2": 4.5351,
          "percentage": 1.1150266758338212
        },
        "Rangeland": {
          "area_km2": 131.26178823529426,
          "percentage": 32.27280443650705
        },
        "Trees": {
          "area_km2": 0.1233,
          "percentage": 0.030315271797823676
        },
        "Flooded_Vegetation": {
          "area_km2": 0.1089,
          "percentage": 0.02677480209880777
        },
        "Crops": {
          "area_km2": 125.7423741176472,
          "percentage": 30.915768433739686
        },
        "Built_Area": {
          "area_km2": 136.28684823529417,
          "percentage": 33.508295593849866
        },
        "Bare_Ground": {
          "area_km2": 8.667384705882352,
          "percentage": 2.13101478617294
        }
      },
      "2021": {
        "Water": {
          "area_km2": 3.9095470588235295,
          "percentage": 0.9612245068501009
        },
        "Rangeland": {
          "area_km2": 131.36030470588244,
          "percentage": 32.29702628226896
        },
        "Trees": {
          "area_km2": 0.0936,
          "percentage": 0.023013053043603373
        },
        "Flooded_Vegetation": {
          "area_km2": 0.0549,
          "percentage": 0.013498040727498132
        },
        "Crops": {
          "area_km2": 124.9331082352943,
          "percentage": 30.71679750770373
        },
        "Built_Area": {
          "area_km2": 136.71415058823533,
          "percentage": 33.613354693357245
        },
        "Bare_Ground": {
          "area_km2": 9.660084705882351,
          "percentage": 2.375085916048849
        }
      },
      "2022": {
        "Water": {
          "area_km2": 4.01136,
          "percentage": 0.9862568424891969
        },
        "Rangeland": {
          "area_km2": 130.21707176470602,
          "percentage": 32.01594422760563
        },
        "Trees": {
          "area_km2": 0.0162,
          "percentage": 0.0039830284113928915
        },
        "Flooded_Vegetation": {
          "area_km2": 0.0558,
          "percentage": 0.013719320083686625
        },
        "Crops": {
          "area_km2": 125.74783058823549,
          "percentage": 30.917109994071733
        },
        "Built_Area": {
          "area_km2": 137.36569411764702,
          "percentage": 33.773547063042805
        },
        "Bare_Ground": {
          "area_km2": 9.311738823529412,
          "percentage": 2.289439524295547
        }
      },
      "2023": {
        "Water": {
          "area_km2": 4.054648235294117,
          "percentage": 0.996899945640773
        },
        "Rangeland": {
          "area_km2": 129.73944705882369,
          "percentage": 31.898512574919675
        },
        "Trees": {
          "area_km2": 0.0288,
          "percentage": 0.0070809393980318085
        },
        "Flooded_Vegetation": {
          "area_km2": 0.0423,
          "percentage": 0.01040012974085922
        },
        "Crops": {
          "area_km2": 124.00255411764716,
          "percentage": 30.488005934313172
        },
        "Built_Area": {
          "area_km2": 139.6920070588235,
          "percentage": 34.345508207394474
        },
        "Bare_Ground": {
          "area_km2": 9.16593882352941,
          "percentage": 2.2535922685930116
        }
      },
      "2024": {
        "Water": {
          "area_km2": 4.792612941176471,
          "percentage": 1.178340340093527
        },
        "Rangeland": {
          "area_km2": 129.55706823529428,
          "percentage": 31.853671831971898
        },
        "Trees": {
          "area_km2": 0.1458,
          "percentage": 0.03584725570253603
        },
        "Flooded_Vegetation": {
          "area_km2": 0.0657,
          "percentage": 0.016153393001760063
        },
        "Crops": {
          "area_km2": 123.1287882352942,
          "percentage": 30.27317665441702
        },
        "Built_Area": {
          "area_km2": 141.6103870588235,
          "percentage": 34.817172531088794
        },
        "Bare_Ground": {
          "area_km2": 7.425338823529411,
          "percentage": 1.8256379937244642
        }
      }
    },
    "analysis_period": "2020-2024"
  },
  "vegetation_indices": {
    "NDBI": -0.04994118088053577,
    "NDVI": 0.23700422304733376,
    "NDWI": -0.2954140083139103
  },
  "urban_stats": {
    "LST_Day_MODIS_mean": 40.360470370563434,
    "LST_Day_MODIS_stdDev": 2.946756057840267,
    "LST_Day_MODIS_count": 151
  },
  "rural_stats": {
    "LST_Day_MODIS_mean": 44.552793210594835,
    "LST_Day_MODIS_stdDev": 3.4907032814826264,
    "LST_Day_MODIS_count": 4225
  },
  "optimization_note": "Processed at 150m resolution for memory optimization"
}