{
  "city": "Nukus",
  "year": 2017,
  "processing_scale": 150,
  "classifications_available": [
    "esri",
    "dynamic_world",
    "ghsl",
    "esa",
    "modis_lc"
  ],
  "accuracy_assessment": {
    "dynamic_world_agreement": {
      "dw_built": 0
    },
    "esa_agreement": {
      "esa_built": 0.9077792877795092
    },
    "ghsl_agreement": {
      "ghsl_built": 0.628726351380414
    },
    "modis_lc_agreement": {
      "modis_urban": 0.8201900274949521
    }
  },
  "suhi_analysis": {
    "suhi": 0.27109022235760705,
    "suhi_se": 0.2214174375834704,
    "ci_95_lower": -0.16288795530599492,
    "ci_95_upper": 0.7050684000212091,
    "relative_error_pct": 81.67665940064371,
    "urban_pixels": 141,
    "rural_pixels": 4132,
    "urban_std": 2.427406612421312,
    "rural_std": 5.468124927180548
  },
  "day_night_analysis": {
    "day": {
      "urban_mean": 23.254942612864134,
      "urban_std": 1.2338806865687264,
      "urban_count": 144,
      "rural_mean": 23.44857716210145,
      "rural_std": 2.9320681837906624,
      "rural_count": 4220,
      "suhi": -0.19363454923731638,
      "band": "LST_Day_MODIS"
    },
    "night": {
      "urban_mean": 8.424678767972567,
      "urban_std": 0.6185180811925074,
      "urban_count": 144,
      "rural_mean": 7.527801085485456,
      "rural_std": 0.7695005250400199,
      "rural_count": 4220,
      "suhi": 0.8968776824871112,
      "band": "LST_Night_MODIS"
    },
    "day_night_difference": {
      "suhi_difference": -1.0905122317244276,
      "day_stronger": false,
      "magnitude_ratio": -0.21589850323887289
    }
  },
  "landcover_changes": {
    "landcover_changes": {
      "Flooded_vegetation": {
        "start_area_km2": 1.3833,
        "end_area_km2": 0.0729,
        "change_km2": -1.3104,
        "change_percent": -94.72999349381914
      },
      "Trees": {
        "start_area_km2": 1.6288129411764705,
        "end_area_km2": 1.2953047058823532,
        "change_km2": -0.3335082352941172,
        "change_percent": -20.475539385954814
      },
      "Water": {
        "start_area_km2": 17.17720941176471,
        "end_area_km2": 12.44943529411765,
        "change_km2": -4.72777411764706,
        "change_percent": -27.523528440009564
      },
      "Crops": {
        "start_area_km2": 71.67859058823521,
        "end_area_km2": 77.14371882352943,
        "change_km2": 5.465128235294216,
        "change_percent": 7.62449176308333
      },
      "Built_area": {
        "start_area_km2": 132.13707882352946,
        "end_area_km2": 137.17060588235302,
        "change_km2": 5.033527058823552,
        "change_percent": 3.8093221854449215
      },
      "Bare_ground": {
        "start_area_km2": 9.187782352941179,
        "end_area_km2": 6.4220894117647065,
        "change_km2": -2.7656929411764724,
        "change_percent": -30.101855213093103
      },
      "Rangeland": {
        "start_area_km2": 188.58304235294116,
        "end_area_km2": 187.2217623529412,
        "change_km2": -1.3612799999999652,
        "change_percent": -0.7218464518417684
      }
    },
    "yearly_stats": {
      "2017": {
        "Water": {
          "area_km2": 17.17720941176471,
          "percentage": 4.07259229689916
        },
        "Rangeland": {
          "area_km2": 188.58304235294116,
          "percentage": 44.71167738610534
        },
        "Trees": {
          "area_km2": 1.6288129411764705,
          "percentage": 0.38617978498775607
        },
        "Flooded_vegetation": {
          "area_km2": 1.3833,
          "percentage": 0.32797043974105183
        },
        "Crops": {
          "area_km2": 71.67859058823521,
          "percentage": 16.99447616225137
        },
        "Built_area": {
          "area_km2": 132.13707882352946,
          "percentage": 31.328747088737785
        },
        "Bare_ground": {
          "area_km2": 9.187782352941179,
          "percentage": 2.1783568412775205
        }
      },
      "2018": {
        "Water": {
          "area_km2": 12.464996470588238,
          "percentage": 2.955360640374094
        },
        "Rangeland": {
          "area_km2": 190.28288470588228,
          "percentage": 45.114697731644675
        },
        "Trees": {
          "area_km2": 1.177284705882353,
          "percentage": 0.27912570135809317
        },
        "Flooded_vegetation": {
          "area_km2": 0.0657,
          "percentage": 0.01557699551144879
        },
        "Crops": {
          "area_km2": 74.14802823529409,
          "percentage": 17.579961993971903
        },
        "Built_area": {
          "area_km2": 135.15712941176474,
          "percentage": 32.044779272258175
        },
        "Bare_ground": {
          "area_km2": 8.479792941176473,
          "percentage": 2.010497664881599
        }
      },
      "2019": {
        "Water": {
          "area_km2": 14.375001176470592,
          "percentage": 3.4082089619932026
        },
        "Rangeland": {
          "area_km2": 188.1096141176471,
          "percentage": 44.59943097063854
        },
        "Trees": {
          "area_km2": 0.8496282352941176,
          "percentage": 0.20144071853236867
        },
        "Flooded_vegetation": {
          "area_km2": 0.1845,
          "percentage": 0.0437436175321507
        },
        "Crops": {
          "area_km2": 75.22499647058825,
          "percentage": 17.835303384643893
        },
        "Built_area": {
          "area_km2": 137.10733058823533,
          "percentage": 32.507157886752914
        },
        "Bare_ground": {
          "area_km2": 5.924745882352941,
          "percentage": 1.4047144599069472
        }
      },
      "2020": {
        "Water": {
          "area_km2": 12.44943529411765,
          "percentage": 2.9516711978164794
        },
        "Rangeland": {
          "area_km2": 187.2217623529412,
          "percentage": 44.38892772933479
        },
        "Trees": {
          "area_km2": 1.2953047058823532,
          "percentage": 0.30710739101199247
        },
        "Flooded_vegetation": {
          "area_km2": 0.0729,
          "percentage": 0.017284063512703444
        },
        "Crops": {
          "area_km2": 77.14371882352943,
          "percentage": 18.29021859742138
        },
        "Built_area": {
          "area_km2": 137.17060588235302,
          "percentage": 32.522160002011
        },
        "Bare_ground": {
          "area_km2": 6.4220894117647065,
          "percentage": 1.5226310188916525
        }
      }
    },
    "analysis_period": "2017-2020"
  },
  "vegetation_indices": {
    "NDBI": -0.02869289291519124,
    "NDVI": 0.2004461381381754,
    "NDWI": -0.285210542504128
  },
  "urban_stats": {
    "LST_Day_MODIS_mean": 40.79045388240579,
    "LST_Day_MODIS_stdDev": 2.427406612421312,
    "LST_Day_MODIS_count": 141
  },
  "rural_stats": {
    "LST_Day_MODIS_mean": 40.519363660048185,
    "LST_Day_MODIS_stdDev": 5.468124927180548,
    "LST_Day_MODIS_count": 4132
  },
  "optimization_note": "Processed at 150m resolution for memory optimization"
}