{
  "city": "Nukus",
  "year": 2024,
  "processing_scale": 150,
  "classifications_available": [
    "esri",
    "dynamic_world",
    "ghsl",
    "esa",
    "modis_lc"
  ],
  "accuracy_assessment": {
    "dynamic_world_agreement": {
      "dw_built": 0
    },
    "esa_agreement": {
      "esa_built": 0.8821435347311777
    },
    "ghsl_agreement": {
      "ghsl_built": 0.6161090941884966
    },
    "modis_lc_agreement": {
      "modis_urban": 0.7984915677999036
    }
  },
  "suhi_analysis": {
    "suhi": -0.1665642797474689,
    "suhi_se": 0.14133278219269835,
    "ci_95_lower": -0.44357653284515763,
    "ci_95_upper": 0.11044797335021983,
    "relative_error_pct": 84.85179559925785,
    "urban_pixels": 149,
    "rural_pixels": 4126,
    "urban_std": 1.5348036904965228,
    "rural_std": 4.145657784505758
  },
  "day_night_analysis": {
    "day": {
      "urban_mean": 21.440192115268104,
      "urban_std": 0.8964725598868384,
      "urban_count": 152,
      "rural_mean": 21.86306731097562,
      "rural_std": 2.088908517585917,
      "rural_count": 4213,
      "suhi": -0.4228751957075154,
      "band": "LST_Day_MODIS"
    },
    "night": {
      "urban_mean": 8.480669741646919,
      "urban_std": 0.585742809447377,
      "urban_count": 152,
      "rural_mean": 7.419155223614538,
      "rural_std": 0.8486591624585758,
      "rural_count": 4213,
      "suhi": 1.0615145180323804,
      "band": "LST_Night_MODIS"
    },
    "day_night_difference": {
      "suhi_difference": -1.4843897137398958,
      "day_stronger": false,
      "magnitude_ratio": -0.3983696770265143
    }
  },
  "landcover_changes": {
    "landcover_changes": {
      "Water": {
        "start_area_km2": 12.44943529411765,
        "end_area_km2": 11.29522235294118,
        "change_km2": -1.1542129411764712,
        "change_percent": -9.271207198625596
      },
      "Built_Area": {
        "start_area_km2": 137.17060588235302,
        "end_area_km2": 143.48032941176476,
        "change_km2": 6.309723529411741,
        "change_percent": 4.599909352899845
      },
      "Rangeland": {
        "start_area_km2": 187.2217623529412,
        "end_area_km2": 187.12524352941176,
        "change_km2": -0.0965188235294363,
        "change_percent": -0.05155320744576893
      },
      "Bare_Ground": {
        "start_area_km2": 6.4220894117647065,
        "end_area_km2": 5.213629411764706,
        "change_km2": -1.2084600000000005,
        "change_percent": -18.8172403483858
      },
      "Crops": {
        "start_area_km2": 77.14371882352943,
        "end_area_km2": 74.38276588235294,
        "change_km2": -2.760952941176484,
        "change_percent": -3.5789730949998906
      },
      "Trees": {
        "start_area_km2": 1.2953047058823532,
        "end_area_km2": 0.22552588235294121,
        "change_km2": -1.0697788235294121,
        "change_percent": -82.58897066236517
      },
      "Flooded_Vegetation": {
        "start_area_km2": 0.0729,
        "end_area_km2": 0.0531,
        "change_km2": -0.019800000000000005,
        "change_percent": -27.160493827160497
      }
    },
    "yearly_stats": {
      "2020": {
        "Water": {
          "area_km2": 12.44943529411765,
          "percentage": 2.9516711978164794
        },
        "Rangeland": {
          "area_km2": 187.2217623529412,
          "percentage": 44.38892772933479
        },
        "Trees": {
          "area_km2": 1.2953047058823532,
          "percentage": 0.30710739101199247
        },
        "Flooded_Vegetation": {
          "area_km2": 0.0729,
          "percentage": 0.017284063512703444
        },
        "Crops": {
          "area_km2": 77.14371882352943,
          "percentage": 18.29021859742138
        },
        "Built_Area": {
          "area_km2": 137.17060588235302,
          "percentage": 32.522160002011
        },
        "Bare_Ground": {
          "area_km2": 6.4220894117647065,
          "percentage": 1.5226310188916525
        }
      },
      "2021": {
        "Water": {
          "area_km2": 12.074978823529413,
          "percentage": 2.8628902729826
        },
        "Rangeland": {
          "area_km2": 186.12138000000007,
          "percentage": 44.128035020466584
        },
        "Trees": {
          "area_km2": 0.7538188235294117,
          "percentage": 0.17872499894312405
        },
        "Flooded_Vegetation": {
          "area_km2": 0.0729,
          "percentage": 0.017284063512703448
        },
        "Crops": {
          "area_km2": 79.46670352941176,
          "percentage": 18.840981494479124
        },
        "Built_Area": {
          "area_km2": 137.23890000000006,
          "percentage": 32.538352044081726
        },
        "Bare_Ground": {
          "area_km2": 6.047135294117647,
          "percentage": 1.433732105534157
        }
      },
      "2022": {
        "Water": {
          "area_km2": 12.108543529411765,
          "percentage": 2.87084822234139
        },
        "Clouds": {
          "area_km2": 0.0036,
          "percentage": 0.0008535340006273306
        },
        "Rangeland": {
          "area_km2": 185.0970352941176,
          "percentage": 43.88517028856845
        },
        "Trees": {
          "area_km2": 0.8374517647058823,
          "percentage": 0.19855376529495267
        },
        "Flooded_Vegetation": {
          "area_km2": 0.1512,
          "percentage": 0.03584842802634789
        },
        "Crops": {
          "area_km2": 76.30215529411765,
          "percentage": 18.09068996241003
        },
        "Built_Area": {
          "area_km2": 142.01418000000007,
          "percentage": 33.670536444780524
        },
        "Bare_Ground": {
          "area_km2": 5.2616505882352955,
          "percentage": 1.247499354577672
        }
      },
      "2023": {
        "Water": {
          "area_km2": 12.563184705882355,
          "percentage": 2.978640361842184
        },
        "Clouds": {
          "area_km2": 0.0009,
          "percentage": 0.00021338350015683268
        },
        "Rangeland": {
          "area_km2": 186.9663988235294,
          "percentage": 44.32838288075892
        },
        "Trees": {
          "area_km2": 0.34078235294117637,
          "percentage": 0.08079703473585481
        },
        "Flooded_Vegetation": {
          "area_km2": 0.0387,
          "percentage": 0.009175490506743806
        },
        "Crops": {
          "area_km2": 76.63465764705882,
          "percentage": 18.16952386894444
        },
        "Built_Area": {
          "area_km2": 140.66568705882355,
          "percentage": 33.35081850730828
        },
        "Bare_Ground": {
          "area_km2": 4.565505882352941,
          "percentage": 1.0824484724034216
        }
      },
      "2024": {
        "Water": {
          "area_km2": 11.29522235294118,
          "percentage": 2.67801564524476
        },
        "Rangeland": {
          "area_km2": 187.12524352941176,
          "percentage": 44.36604381333954
        },
        "Trees": {
          "area_km2": 0.22552588235294121,
          "percentage": 0.05347055794714294
        },
        "Flooded_Vegetation": {
          "area_km2": 0.0531,
          "percentage": 0.012589626509253127
        },
        "Crops": {
          "area_km2": 74.38276588235294,
          "percentage": 17.635616594803007
        },
        "Built_Area": {
          "area_km2": 143.48032941176476,
          "percentage": 34.01814988170857
        },
        "Bare_Ground": {
          "area_km2": 5.213629411764706,
          "percentage": 1.236113880447735
        }
      }
    },
    "analysis_period": "2020-2024"
  },
  "vegetation_indices": {
    "NDBI": -0.012827986295055854,
    "NDVI": 0.2128533031511867,
    "NDWI": -0.29443804074405516
  },
  "urban_stats": {
    "LST_Day_MODIS_mean": 39.37877545045647,
    "LST_Day_MODIS_stdDev": 1.5348036904965228,
    "LST_Day_MODIS_count": 149
  },
  "rural_stats": {
    "LST_Day_MODIS_mean": 39.54533973020394,
    "LST_Day_MODIS_stdDev": 4.145657784505758,
    "LST_Day_MODIS_count": 4126
  },