{
  "city": "Qarshi",
  "year": 2024,
  "processing_scale": 150,
  "classifications_available": [
    "esri",
    "dynamic_world",
    "ghsl",
    "esa",
    "modis_lc"
  ],
  "accuracy_assessment": {
    "dynamic_world_agreement": {
      "dw_built": 0
    },
    "esa_agreement": {
      "esa_built": 0.860264864728715
    },
    "ghsl_agreement": {
      "ghsl_built": 0.27966666461055495
    },
    "modis_lc_agreement": {
      "modis_urban": 0.7103996383957959
    }
  },
  "suhi_analysis": {
    "suhi": -1.1624637524210968,
    "suhi_se": 0.11409731109500068,
    "ci_95_lower": -1.386094482167298,
    "ci_95_upper": -0.9388330226748954,
    "relative_error_pct": 9.815128502490243,
    "urban_pixels": 163,
    "rural_pixels": 3528,
    "urban_std": 1.256299440155684,
    "rural_std": 3.4303723084439204
  },
  "day_night_analysis": {
    "day": {
      "urban_mean": 24.86585270316092,
      "urban_std": 0.7113642789461997,
      "urban_count": 172,
      "rural_mean": 25.08305086922797,
      "rural_std": 1.9067463544938783,
      "rural_count": 3606,
      "suhi": -0.21719816606705322,
      "band": "LST_Day_MODIS"
    },
    "night": {
      "urban_mean": 12.549564864519878,
      "urban_std": 0.6538968715269554,
      "urban_count": 172,
      "rural_mean": 10.881803069677407,
      "rural_std": 0.5198184958378342,
      "rural_count": 3606,
      "suhi": 1.6677617948424714,
      "band": "LST_Night_MODIS"
    },
    "day_night_difference": {
      "suhi_difference": -1.8849599609095247,
      "day_stronger": false,
      "magnitude_ratio": -0.1302333263291768
    }
  },
  "landcover_changes": {
    "landcover_changes": {
      "Trees": {
        "start_area_km2": 0.0099,
        "end_area_km2": 0.0252,
        "change_km2": 0.0153,
        "change_percent": 154.54545454545453
      },
      "Water": {
        "start_area_km2": 2.4725858823529405,
        "end_area_km2": 2.0540435294117643,
        "change_km2": -0.41854235294117625,
        "change_percent": -16.92731305829857
      },
      "Crops": {
        "start_area_km2": 77.19179294117656,
        "end_area_km2": 79.42902000000007,
        "change_km2": 2.237227058823507,
        "change_percent": 2.898270623832212
      },
      "Built_area": {
        "start_area_km2": 161.84960823529414,
        "end_area_km2": 164.93222823529413,
        "change_km2": 3.0826199999999915,
        "change_percent": 1.9046199948278726
      },
      "Bare_ground": {
        "start_area_km2": 0.2867576470588235,
        "end_area_km2": 0.17947764705882352,
        "change_km2": -0.10727999999999999,
        "change_percent": -37.41138243402914
      },
      "Rangeland": {
        "start_area_km2": 13.88442000000001,
        "end_area_km2": 9.075095294117661,
        "change_km2": -4.809324705882348,
        "change_percent": -34.638283096321956
      }
    },
    "yearly_stats": {
      "2021": {
        "Water": {
          "area_km2": 2.4725858823529405,
          "percentage": 0.9670057125260022
        },
        "Rangeland": {
          "area_km2": 13.88442000000001,
          "percentage": 5.430069608879935
        },
        "Trees": {
          "area_km2": 0.0099,
          "percentage": 0.0038717994073869367
        },
        "Crops": {
          "area_km2": 77.19179294117656,
          "percentage": 30.18900385502854
        },
        "Built_area": {
          "area_km2": 161.84960823529414,
          "percentage": 63.297900732446436
        },
        "Bare_ground": {
          "area_km2": 0.2867576470588235,
          "percentage": 0.11214829171171974
        }
      },
      "2022": {
        "Water": {
          "area_km2": 2.2551952941176467,
          "percentage": 0.8819862427582337
        },
        "Rangeland": {
          "area_km2": 11.90526705882354,
          "percentage": 4.656041004357193
        },
        "Trees": {
          "area_km2": 0.036,
          "percentage": 0.014079270572316132
        },
        "Crops": {
          "area_km2": 78.03490941176477,
          "percentage": 30.51873899151153
        },
        "Built_area": {
          "area_km2": 163.17603529411767,
          "percentage": 63.81665421732471
        },
        "Bare_ground": {
          "area_km2": 0.2876576470588235,
          "percentage": 0.11250027347602762
        }
      },
      "2023": {
        "Water": {
          "area_km2": 1.8341717647058824,
          "percentage": 0.7173277930943519
        },
        "Rangeland": {
          "area_km2": 12.281301176470603,
          "percentage": 4.803104506767611
        },
        "Trees": {
          "area_km2": 0.0288,
          "percentage": 0.011263416457852901
        },
        "Crops": {
          "area_km2": 77.28408705882364,
          "percentage": 30.22509923987815
        },
        "Built_area": {
          "area_km2": 163.93873058823533,
          "percentage": 64.11493736760565
        },
        "Bare_ground": {
          "area_km2": 0.3279741176470588,
          "percentage": 0.12826767619637727
        }
      },
      "2024": {
        "Water": {
          "area_km2": 2.0540435294117643,
          "percentage": 0.8033176282750951
        },
        "Rangeland": {
          "area_km2": 9.075095294117661,
          "percentage": 3.5491867254287617
        },
        "Trees": {
          "area_km2": 0.0252,
          "percentage": 0.009855489400621293
        },
        "Crops": {
          "area_km2": 79.42902000000007,
          "percentage": 31.0639628853864
        },
        "Built_area": {
          "area_km2": 164.93222823529413,
          "percentage": 64.50348520610291
        },
        "Bare_ground": {
          "area_km2": 0.17947764705882352,
          "percentage": 0.07019206540621764
        }
      }
    },
    "analysis_period": "2021-2024"
  },
  "vegetation_indices": {
    "NDBI": -0.0695509386559239,
    "NDVI": 0.2889126132069038,
    "NDWI": -0.3487354079844789
  },
  "urban_stats": {
    "LST_Day_MODIS_mean": 39.80981859630404,
    "LST_Day_MODIS_stdDev": 1.256299440155684,
    "LST_Day_MODIS_count": 163
  },
  "rural_stats": {
    "LST_Day_MODIS_mean": 40.97228234872514,
    "LST_Day_MODIS_stdDev": 3.4303723084439204,
    "LST_Day_MODIS_count": 3528
  },
  "optimization_note": "Processed at 150m resolution for memory optimization"
}