{
  "city": "Termez",
  "year": 2024,
  "processing_scale": 150,
  "classifications_available": [
    "esri",
    "dynamic_world",
    "ghsl",
    "esa",
    "modis_lc"
  ],
  "accuracy_assessment": {
    "dynamic_world_agreement": {
      "dw_built": 0
    },
    "esa_agreement": {
      "esa_built": 0.8991884942667517
    },
    "ghsl_agreement": {
      "ghsl_built": 0.5705982176541381
    },
    "modis_lc_agreement": {
      "modis_urban": 0.8083068411568406
    }
  },
  "suhi_analysis": {
    "suhi": -7.669237255002152,
    "suhi_se": 0.2199711925508683,
    "ci_95_lower": -8.100380792401854,
    "ci_95_upper": -7.23809371760245,
    "relative_error_pct": 2.868227768118599,
    "urban_pixels": 88,
    "rural_pixels": 3716,
    "urban_std": 1.8381502862086603,
    "rural_std": 6.093434296480615
  },
  "day_night_analysis": {
    "day": {
      "urban_mean": 25.296104109697623,
      "urban_std": 1.382181314498203,
      "urban_count": 96,
      "rural_mean": 30.412225311658492,
      "rural_std": 4.142962442724374,
      "rural_count": 3776,
      "suhi": -5.116121201960869,
      "band": "LST_Day_MODIS"
    },
    "night": {
      "urban_mean": 13.285801308203357,
      "urban_std": 0.9450529111246171,
      "urban_count": 96,
      "rural_mean": 13.602741402102406,
      "rural_std": 0.9884887418786705,
      "rural_count": 3776,
      "suhi": -0.3169400938990492,
      "band": "LST_Night_MODIS"
    },
    "day_night_difference": {
      "suhi_difference": -4.79918110806182,
      "day_stronger": false,
      "magnitude_ratio": 16.142234133338903
    }
  },
  "landcover_changes": {
    "landcover_changes": {
      "Water": {
        "start_area_km2": 30.85827882352942,
        "end_area_km2": 27.496267058823523,
        "change_km2": -3.3620117647058976,
        "change_percent": -10.895007410920032
      },
      "Built_Area": {
        "start_area_km2": 78.0469588235294,
        "end_area_km2": 79.39837411764707,
        "change_km2": 1.3514152941176718,
        "change_percent": 1.7315412598885926
      },
      "Rangeland": {
        "start_area_km2": 60.132021176470595,
        "end_area_km2": 58.882207058823525,
        "change_km2": -1.2498141176470696,
        "change_percent": -2.0784502053892653
      },
      "Bare_Ground": {
        "start_area_km2": 6.157432941176469,
        "end_area_km2": 9.634574117647057,
        "change_km2": 3.477141176470588,
        "change_percent": 56.470630044835346
      },
      "Crops": {
        "start_area_km2": 73.26888705882361,
        "end_area_km2": 74.55018352941184,
        "change_km2": 1.2812964705882308,
        "change_percent": 1.7487592920028217
      },
      "Trees": {
        "start_area_km2": 0.23027647058823528,
        "end_area_km2": 0.0162,
        "change_km2": -0.21407647058823528,
        "change_percent": -92.96497815924593
      },
      "Flooded_Vegetation": {
        "start_area_km2": 1.349650588235294,
        "end_area_km2": 0.0657,
        "change_km2": -1.283950588235294,
        "change_percent": -95.13207339938964
      }
    },
    "yearly_stats": {
      "2020": {
        "Water": {
          "area_km2": 30.85827882352942,
          "percentage": 12.341163876516925
        },
        "Rangeland": {
          "area_km2": 60.132021176470595,
          "percentage": 24.048623444258965
        },
        "Trees": {
          "area_km2": 0.23027647058823528,
          "percentage": 0.09209456161464227
        },
        "Flooded_Vegetation": {
          "area_km2": 1.349650588235294,
          "percentage": 0.5397663032569672
        },
        "Crops": {
          "area_km2": 73.26888705882361,
          "percentage": 29.30245550680171
        },
        "Built_Area": {
          "area_km2": 78.0469588235294,
          "percentage": 31.213351671789052
        },
        "Bare_Ground": {
          "area_km2": 6.157432941176469,
          "percentage": 2.4625446357617378
        }
      },
      "2021": {
        "Water": {
          "area_km2": 29.840057647058828,
          "percentage": 11.93394627137357
        },
        "Rangeland": {
          "area_km2": 61.035081176470605,
          "percentage": 24.40978459372105
        },
        "Trees": {
          "area_km2": 0.002029411764705882,
          "percentage": 0.0008116234643025412
        },
        "Flooded_Vegetation": {
          "area_km2": 0.6039,
          "percentage": 0.241517970190411
        },
        "Crops": {
          "area_km2": 74.02714235294127,
          "percentage": 29.605704851927438
        },
        "Built_Area": {
          "area_km2": 77.4222458823529,
          "percentage": 30.963509973652553
        },
        "Bare_Ground": {
          "area_km2": 7.113049411764705,
          "percentage": 2.844724715670655
        }
      },
      "2022": {
        "Water": {
          "area_km2": 27.728089411764696,
          "percentage": 11.089305964543202
        },
        "Rangeland": {
          "area_km2": 68.35091294117649,
          "percentage": 27.335608137463897
        },
        "Trees": {
          "area_km2": 0.0006176470588235295,
          "percentage": 0.0002470158369616431
        },
        "Flooded_Vegetation": {
          "area_km2": 0.27,
          "percentage": 0.10798120872894683
        },
        "Crops": {
          "area_km2": 68.78362235294121,
          "percentage": 27.508661786762957
        },
        "Built_Area": {
          "area_km2": 75.90387529411763,
          "percentage": 30.356267412852095
        },
        "Bare_Ground": {
          "area_km2": 9.006388235294109,
          "percentage": 3.6019284738119417
        }
      },
      "2023": {
        "Water": {
          "area_km2": 25.107074117647045,
          "percentage": 10.041082262484384
        },
        "Rangeland": {
          "area_km2": 58.4400388235294,
          "percentage": 23.371948260486235
        },
        "Flooded_Vegetation": {
          "area_km2": 0.0855,
          "percentage": 0.03419404943083316
        },
        "Crops": {
          "area_km2": 76.51248000000007,
          "percentage": 30.599666937960652
        },
        "Built_Area": {
          "area_km2": 78.09408705882353,
          "percentage": 31.232199685908764
        },
        "Bare_Ground": {
          "area_km2": 11.804325882352936,
          "percentage": 4.720908803729117
        }
      },
      "2024": {
        "Water": {
          "area_km2": 27.496267058823523,
          "percentage": 10.996593157576621
        },
        "Rangeland": {
          "area_km2": 58.882207058823525,
          "percentage": 23.54878478088848
        },
        "Trees": {
          "area_km2": 0.0162,
          "percentage": 0.00647887252373681
        },
        "Flooded_Vegetation": {
          "area_km2": 0.0657,
          "percentage": 0.02627542745737706
        },
        "Crops": {
          "area_km2": 74.55018352941184,
          "percentage": 29.814884920261903
        },
        "Built_Area": {
          "area_km2": 79.39837411764707,
          "percentage": 31.753823734580212
        },
        "Bare_Ground": {
          "area_km2": 9.634574117647057,
          "percentage": 3.8531591067116877
        }
      }
    },
    "analysis_period": "2020-2024"
  },
  "vegetation_indices": {
    "NDBI": -0.13083733627851993,
    "NDVI": 0.2541166669079621,
    "NDWI": -0.3082731800000316
  },
  "urban_stats": {
    "LST_Day_MODIS_mean": 38.83826446280995,
    "LST_Day_MODIS_stdDev": 1.8381502862086603,
    "LST_Day_MODIS_count": 88
  },
  "rural_stats": {
    "LST_Day_MODIS_mean": 46.507501717812104,
    "LST_Day_MODIS_stdDev": 6.093434296480615,
    "LST_Day_MODIS_count": 3716
  },
  "optimization_note": "Processed at 150m resolution for memory optimization"
}