{
  "city": "Andijan",
  "year": 2020,
  "generated": {
    "summer_veg_tif": "suhi_analysis_output\\vegetation\\Andijan\\Andijan_ndvi_evi_summer_2020.tif",
    "winter_veg_tif": "suhi_analysis_output\\vegetation\\Andijan\\Andijan_ndvi_evi_winter_2020.tif",
    "ndvi_change_tif": "suhi_analysis_output\\vegetation\\Andijan\\Andijan_ndvi_change_2020.tif",
    "evi_change_tif": "suhi_analysis_output\\vegetation\\Andijan\\Andijan_evi_change_2020.tif",
    "summer_lst_tif": "suhi_analysis_output\\temperature\\Andijan\\Andijan_lst_summer_2020.tif",
    "winter_lst_tif": "suhi_analysis_output\\temperature\\Andijan\\Andijan_lst_winter_2020.tif",
    "lst_change_tif": "suhi_analysis_output\\temperature\\Andijan\\Andijan_lst_change_2020.tif"
  },
  "stats": {
    "summer_ndvi_mean": 0.44088719915979047,
    "winter_ndvi_mean": 0.12238888379745197,
    "ndvi_change_mean": 0.3184524303704122,
    "summer_evi_mean": 0.3145033548900068,
    "winter_evi_mean": -0.08611549858134192,
    "evi_change_mean": 0.40064125395823236,
    "summer_lst_mean": 29.41686643636879,
    "winter_lst_mean": 3.2838410198276504,
    "lst_change_mean": 26.133025416541138,
    "summer_biomass_t_per_ha": 7.901676906919047,
    "winter_biomass_t_per_ha": 1.776709303797153,
    "biomass_change_t_per_ha": 6.124967603121894
  },
  "uncertainty": {
    "summer_ndvi": {
      "city": {
        "mean": 0.44088719915979047,
        "stdDev": 0.2365200553652853,
        "count": 842141,
        "stdError": 0.0002577362860806804,
        "ci95": [
          0.44038203603907233,
          0.4413923622805086
        ]
      }
    },
    "winter_ndvi": {
      "city": {
        "mean": 0.12238888379745197,
        "stdDev": 0.14357682298065158,
        "count": 841217,
        "stdError": 0.0001565417984078048,
        "ci95": [
          0.12208206187257267,
          0.12269570572233127
        ]
      }
    },
    "ndvi_change": {
      "city": {
        "mean": 0.3184524303704122,
        "stdDev": 0.2179971978645211,
        "count": 840846,
        "stdError": 0.0002377347566734483,
        "ci95": [
          0.31798647024733223,
          0.3189183904934922
        ]
      }
    },
    "summer_evi": {
      "city": {
        "mean": 0.3145033548900068,
        "stdDev": 0.1769341442143545,
        "count": 842141,
        "stdError": 0.0001928054225263995,
        "ci95": [
          0.31412545626185506,
          0.31488125351815854
        ]
      }
    },
    "winter_evi": {
      "city": {
        "mean": -0.08611549858134192,
        "stdDev": 36.55431633955071,
        "count": 841148,
        "stdError": 0.03985680277038901,
        "ci95": [
          -0.1642348320113044,
          -0.00799616515137945
        ]
      }
    },
    "evi_change": {
      "city": {
        "mean": 0.40064125395823236,
        "stdDev": 36.56229320660016,
        "count": 840777,
        "stdError": 0.039874294830020494,
        "ci95": [
          0.3224876360913922,
          0.4787948718250725
        ]
      }
    },
    "summer_lst": {
      "city": {
        "mean": 29.41686643636879,
        "stdDev": 1.9791124431517946,
        "count": 842652,
        "stdError": 0.0021559880103564225,
        "ci95": [
          29.41264069986849,
          29.421092172869088
        ]
      }
    },
    "winter_lst": {
      "city": {
        "mean": 3.2838410198276504,
        "stdDev": 1.1485976885602938,
        "count": 842652,
        "stdError": 0.0012512491919435427,
        "ci95": [
          3.281388571411441,
          3.28629346824386
        ]
      }
    },
    "lst_change": {
      "city": {
        "mean": 26.13302541647347,
        "stdDev": 2.51463185053632,
        "count": 842652,
        "stdError": 0.0027393674063221824,
        "ci95": [
          26.127656256357078,
          26.13839457658986
        ]
      }
    }
  }
}