{
  "city": "Andijan",
  "year": 2016,
  "generated": {
    "summer_veg_tif": "D:\\dev\\Uzbekistan_URBAN_research\\suhi_analysis_output\\vegetation\\Andijan\\Andijan_ndvi_evi_summer_2016.tif",
    "winter_veg_tif": "D:\\dev\\Uzbekistan_URBAN_research\\suhi_analysis_output\\vegetation\\Andijan\\Andijan_ndvi_evi_winter_2016.tif",
    "ndvi_change_tif": "D:\\dev\\Uzbekistan_URBAN_research\\suhi_analysis_output\\vegetation\\Andijan\\Andijan_ndvi_change_2016.tif",
    "evi_change_tif": "D:\\dev\\Uzbekistan_URBAN_research\\suhi_analysis_output\\vegetation\\Andijan\\Andijan_evi_change_2016.tif",
    "summer_lst_tif": "D:\\dev\\Uzbekistan_URBAN_research\\suhi_analysis_output\\temperature\\Andijan\\Andijan_lst_summer_2016.tif",
    "winter_lst_tif": "D:\\dev\\Uzbekistan_URBAN_research\\suhi_analysis_output\\temperature\\Andijan\\Andijan_lst_winter_2016.tif",
    "lst_change_tif": "D:\\dev\\Uzbekistan_URBAN_research\\suhi_analysis_output\\temperature\\Andijan\\Andijan_lst_change_2016.tif"
  },
  "stats": {
    "summer_ndvi_mean": 0.4438934286965806,
    "winter_ndvi_mean": 0.21231876985809217,
    "ndvi_change_mean": 0.2315984887395811,
    "summer_evi_mean": 0.32407709156557674,
    "winter_evi_mean": 0.11210170888913108,
    "evi_change_mean": 0.2119916912740625,
    "summer_lst_mean": 30.053800538592366,
    "winter_lst_mean": 3.6495209662310906,
    "lst_change_mean": 26.404279572361276,
    "summer_biomass_t_per_ha": 7.959489013395781,
    "winter_biomass_t_per_ha": 3.5061301895786956,
    "biomass_change_t_per_ha": 4.453358823817085
  },
  "uncertainty": {
    "summer_ndvi": {
      "city": {
        "mean": 0.4438934286965806,
        "stdDev": 0.22528613374717246,
        "count": 842625,
        "stdError": 0.0002454241479203595,
        "ci95": [
          0.4434123973666567,
          0.4443744600265045
        ]
      }
    },
    "winter_ndvi": {
      "city": {
        "mean": 0.21231876985809217,
        "stdDev": 0.11825367046404922,
        "count": 842590,
        "stdError": 0.00012882687716252316,
        "ci95": [
          0.21206626917885363,
          0.21257127053733071
        ]
      }
    },
    "ndvi_change": {
      "city": {
        "mean": 0.2315984887395811,
        "stdDev": 0.24101157915703394,
        "count": 842563,
        "stdError": 0.00026256492891213115,
        "ci95": [
          0.23108386147891333,
          0.2321131160002489
        ]
      }
    },
    "summer_evi": {
      "city": {
        "mean": 0.32407709156557674,
        "stdDev": 0.17227307977541878,
        "count": 842625,
        "stdError": 0.00018767233078333622,
        "ci95": [
          0.3237092537972414,
          0.32444492933391206
        ]
      }
    },
    "winter_evi": {
      "city": {
        "mean": 0.11210170888913108,
        "stdDev": 0.06597595975059366,
        "count": 842590,
        "stdError": 7.187495178048839e-05,
        "ci95": [
          0.11196083398364133,
          0.11224258379462083
        ]
      }
    },
    "evi_change": {
      "city": {
        "mean": 0.2119916912740625,
        "stdDev": 0.18711505240082152,
        "count": 842563,
        "stdError": 0.00020384850638234382,
        "ci95": [
          0.21159214820155312,
          0.2123912343465719
        ]
      }
    },
    "summer_lst": {
      "city": {
        "mean": 30.053800538592366,
        "stdDev": 1.846841396894322,
        "count": 842652,
        "stdError": 0.002011895747769128,
        "ci95": [
          30.04985722292674,
          30.057743854257993
        ]
      }
    },
    "winter_lst": {
      "city": {
        "mean": 3.6495209662310906,
        "stdDev": 0.46001776264675287,
        "count": 842652,
        "stdError": 0.0005011300819461913,
        "ci95": [
          3.648538751270476,
          3.6505031811917052
        ]
      }
    },
    "lst_change": {
      "city": {
        "mean": 26.404279572367198,
        "stdDev": 1.883423806498168,
        "count": 842652,
        "stdError": 0.0020517475696141944,
        "ci95": [
          26.400258147130753,
          26.408300997603643
        ]
      }
    }
  }
}