{
  "city": "Andijan",
  "year": 2024,
  "generated": {
    "summer_veg_tif": "D:\\dev\\Uzbekistan_URBAN_research\\suhi_analysis_output\\vegetation\\Andijan\\Andijan_ndvi_evi_summer_2024.tif",
    "winter_veg_tif": "D:\\dev\\Uzbekistan_URBAN_research\\suhi_analysis_output\\vegetation\\Andijan\\Andijan_ndvi_evi_winter_2024.tif",
    "ndvi_change_tif": "D:\\dev\\Uzbekistan_URBAN_research\\suhi_analysis_output\\vegetation\\Andijan\\Andijan_ndvi_change_2024.tif",
    "evi_change_tif": "D:\\dev\\Uzbekistan_URBAN_research\\suhi_analysis_output\\vegetation\\Andijan\\Andijan_evi_change_2024.tif",
    "summer_lst_tif": "D:\\dev\\Uzbekistan_URBAN_research\\suhi_analysis_output\\temperature\\Andijan\\Andijan_lst_summer_2024.tif",
    "winter_lst_tif": "D:\\dev\\Uzbekistan_URBAN_research\\suhi_analysis_output\\temperature\\Andijan\\Andijan_lst_winter_2024.tif",
    "lst_change_tif": "D:\\dev\\Uzbekistan_URBAN_research\\suhi_analysis_output\\temperature\\Andijan\\Andijan_lst_change_2024.tif"
  },
  "stats": {
    "summer_ndvi_mean": 0.38348311832251863,
    "winter_ndvi_mean": 0.20217141845045447,
    "ndvi_change_mean": 0.18119631808881997,
    "summer_evi_mean": 0.27420168677304313,
    "winter_evi_mean": 0.09876260348686003,
    "evi_change_mean": 0.17534388414149718,
    "summer_lst_mean": 41.76811561276764,
    "winter_lst_mean": 11.806431516767796,
    "lst_change_mean": 29.968125061289527,
    "summer_biomass_t_per_ha": 6.7977522754330515,
    "winter_biomass_t_per_ha": 3.3109888163548935,
    "biomass_change_t_per_ha": 3.486763459078158
  },
  "uncertainty": {
    "summer_ndvi": {
      "city": {
        "mean": 0.38348311832251863,
        "stdDev": 0.17662612473726486,
        "count": 3024,
        "stdError": 0.00321191502506043,
        "ci95": [
          0.37718776487340017,
          0.3897784717716371
        ]
      }
    },
    "winter_ndvi": {
      "city": {
        "mean": 0.20217141845045447,
        "stdDev": 0.10429201497211259,
        "count": 3020,
        "stdError": 0.0018977875221215669,
        "ci95": [
          0.1984517549070962,
          0.20589108199381273
        ]
      }
    },
    "ndvi_change": {
      "city": {
        "mean": 0.18119631808881997,
        "stdDev": 0.16305540051730943,
        "count": 3020,
        "stdError": 0.0029670968060117446,
        "ci95": [
          0.17538080834903697,
          0.18701182782860298
        ]
      }
    },
    "summer_evi": {
      "city": {
        "mean": 0.27420168677304313,
        "stdDev": 0.12568615737584235,
        "count": 3024,
        "stdError": 0.002285580674535436,
        "ci95": [
          0.26972194865095367,
          0.2786814248951326
        ]
      }
    },
    "winter_evi": {
      "city": {
        "mean": 0.09876260348686003,
        "stdDev": 0.052532191549961894,
        "count": 3020,
        "stdError": 0.000955921099615113,
        "ci95": [
          0.0968889981316144,
          0.10063620884210565
        ]
      }
    },
    "evi_change": {
      "city": {
        "mean": 0.17534388414149718,
        "stdDev": 0.1261668482878189,
        "count": 3020,
        "stdError": 0.0022958408699846537,
        "ci95": [
          0.17084403603632725,
          0.1798437322466671
        ]
      }
    },
    "summer_lst": {
      "city": {
        "mean": 41.76811561276764,
        "stdDev": 5.666670359176642,
        "count": 3024,
        "stdError": 0.10304740420353,
        "ci95": [
          41.566142700528715,
          41.97008852500656
        ]
      }
    },
    "winter_lst": {
      "city": {
        "mean": 11.806431516767796,
        "stdDev": 1.1224430925404563,
        "count": 3020,
        "stdError": 0.02042494332748696,
        "ci95": [
          11.766398627845922,
          11.846464405689671
        ]
      }
    },
    "lst_change": {
      "city": {
        "mean": 29.968125061289527,
        "stdDev": 5.708495513137583,
        "count": 3020,
        "stdError": 0.10387671153746822,
        "ci95": [
          29.76452670667609,
          30.171723415902964
        ]
      }
    }
  }
}