{
  "city": "Andijan",
  "year": 2018,
  "generated": {
    "summer_veg_tif": "D:\\dev\\Uzbekistan_URBAN_research\\suhi_analysis_output\\vegetation\\Andijan\\Andijan_ndvi_evi_summer_2018.tif",
    "winter_veg_tif": "D:\\dev\\Uzbekistan_URBAN_research\\suhi_analysis_output\\vegetation\\Andijan\\Andijan_ndvi_evi_winter_2018.tif",
    "ndvi_change_tif": "D:\\dev\\Uzbekistan_URBAN_research\\suhi_analysis_output\\vegetation\\Andijan\\Andijan_ndvi_change_2018.tif",
    "evi_change_tif": "D:\\dev\\Uzbekistan_URBAN_research\\suhi_analysis_output\\vegetation\\Andijan\\Andijan_evi_change_2018.tif",
    "summer_lst_tif": "D:\\dev\\Uzbekistan_URBAN_research\\suhi_analysis_output\\temperature\\Andijan\\Andijan_lst_summer_2018.tif",
    "winter_lst_tif": "D:\\dev\\Uzbekistan_URBAN_research\\suhi_analysis_output\\temperature\\Andijan\\Andijan_lst_winter_2018.tif",
    "lst_change_tif": "D:\\dev\\Uzbekistan_URBAN_research\\suhi_analysis_output\\temperature\\Andijan\\Andijan_lst_change_2018.tif"
  },
  "stats": {
    "summer_ndvi_mean": 0.3661880264193387,
    "winter_ndvi_mean": 0.15581374480756255,
    "ndvi_change_mean": 0.17879181353043896,
    "summer_evi_mean": 0.26247551829813975,
    "winter_evi_mean": 0.23987128650311074,
    "evi_change_mean": 0.00371664013494471,
    "summer_lst_mean": 42.101629009637975,
    "winter_lst_mean": 4.84680932450765,
    "lst_change_mean": 39.836645234788314,
    "summer_biomass_t_per_ha": 6.465154354218051,
    "winter_biomass_t_per_ha": 2.419495092453126,
    "biomass_change_t_per_ha": 4.045659261764925
  },
  "uncertainty": {
    "summer_ndvi": {
      "city": {
        "mean": 0.3661880264193387,
        "stdDev": 0.13903079313846534,
        "count": 3024,
        "stdError": 0.0025282505297093824,
        "ci95": [
          0.36123265538110827,
          0.3711433974575691
        ]
      }
    },
    "winter_ndvi": {
      "city": {
        "mean": 0.15581374480756255,
        "stdDev": 0.09219070479209586,
        "count": 494,
        "stdError": 0.004147855904363981,
        "ci95": [
          0.14768394723500913,
          0.16394354238011596
        ]
      }
    },
    "ndvi_change": {
      "city": {
        "mean": 0.17879181353043896,
        "stdDev": 0.17460206960615807,
        "count": 494,
        "stdError": 0.00785571850180894,
        "ci95": [
          0.16339460526689345,
          0.19418902179398448
        ]
      }
    },
    "summer_evi": {
      "city": {
        "mean": 0.26247551829813975,
        "stdDev": 0.09897675479971937,
        "count": 3024,
        "stdError": 0.001799874884566658,
        "ci95": [
          0.2589477635243891,
          0.2660032730718904
        ]
      }
    },
    "winter_evi": {
      "city": {
        "mean": 0.23987128650311074,
        "stdDev": 3.5457606967091984,
        "count": 494,
        "stdError": 0.15953131581404234,
        "ci95": [
          -0.07281009249241227,
          0.5525526654986337
        ]
      }
    },
    "evi_change": {
      "city": {
        "mean": 0.00371664013494471,
        "stdDev": 3.545480924659702,
        "count": 494,
        "stdError": 0.15951872827444172,
        "ci95": [
          -0.30894006728296103,
          0.31637334755285046
        ]
      }
    },
    "summer_lst": {
      "city": {
        "mean": 42.101629009637975,
        "stdDev": 4.738781922846408,
        "count": 3024,
        "stdError": 0.08617391612433352,
        "ci95": [
          41.93272813403428,
          42.27052988524167
        ]
      }
    },
    "winter_lst": {
      "city": {
        "mean": 4.84680932450765,
        "stdDev": 3.8133814866708198,
        "count": 492,
        "stdError": 0.17192051459670138,
        "ci95": [
          4.5098451158981145,
          5.183773533117185
        ]
      }
    },
    "lst_change": {
      "city": {
        "mean": 39.836645234788314,
        "stdDev": 6.7602009121119355,
        "count": 492,
        "stdError": 0.3047733943351206,
        "ci95": [
          39.239289381891474,
          40.434001087685154
        ]
      }
    }
  }
}