{
  "city": "Andijan",
  "year": 2017,
  "generated": {
    "summer_veg_tif": "D:\\dev\\Uzbekistan_URBAN_research\\suhi_analysis_output\\vegetation\\Andijan\\Andijan_ndvi_evi_summer_2017.tif",
    "winter_veg_tif": "D:\\dev\\Uzbekistan_URBAN_research\\suhi_analysis_output\\vegetation\\Andijan\\Andijan_ndvi_evi_winter_2017.tif",
    "ndvi_change_tif": "D:\\dev\\Uzbekistan_URBAN_research\\suhi_analysis_output\\vegetation\\Andijan\\Andijan_ndvi_change_2017.tif",
    "evi_change_tif": "D:\\dev\\Uzbekistan_URBAN_research\\suhi_analysis_output\\vegetation\\Andijan\\Andijan_evi_change_2017.tif",
    "summer_lst_tif": "D:\\dev\\Uzbekistan_URBAN_research\\suhi_analysis_output\\temperature\\Andijan\\Andijan_lst_summer_2017.tif",
    "winter_lst_tif": "D:\\dev\\Uzbekistan_URBAN_research\\suhi_analysis_output\\temperature\\Andijan\\Andijan_lst_winter_2017.tif",
    "lst_change_tif": "D:\\dev\\Uzbekistan_URBAN_research\\suhi_analysis_output\\temperature\\Andijan\\Andijan_lst_change_2017.tif"
  },
  "stats": {
    "summer_ndvi_mean": 0.41383587868148686,
    "winter_ndvi_mean": 0.1824390195407305,
    "ndvi_change_mean": 0.23139685914075675,
    "summer_evi_mean": 0.300862003132994,
    "winter_evi_mean": 0.08677171058184231,
    "evi_change_mean": 0.2140902925511521,
    "summer_lst_mean": 41.62024142591555,
    "winter_lst_mean": 6.780262691053305,
    "lst_change_mean": 34.84217711321434,
    "summer_biomass_t_per_ha": 7.381459205413208,
    "winter_biomass_t_per_ha": 2.9315196065525093,
    "biomass_change_t_per_ha": 4.4499395988606985
  },
  "uncertainty": {
    "summer_ndvi": {
      "city": {
        "mean": 0.41383587868148686,
        "stdDev": 0.1665622022299173,
        "count": 3024,
        "stdError": 0.0030289043636394382,
        "ci95": [
          0.40789922612875357,
          0.41977253123422015
        ]
      }
    },
    "winter_ndvi": {
      "city": {
        "mean": 0.1824390195407305,
        "stdDev": 0.06551413717360483,
        "count": 3024,
        "stdError": 0.001191363066221287,
        "ci95": [
          0.1801039479309368,
          0.1847740911505242
        ]
      }
    },
    "ndvi_change": {
      "city": {
        "mean": 0.23139685914075675,
        "stdDev": 0.1673051105524949,
        "count": 3024,
        "stdError": 0.003042414020872075,
        "ci95": [
          0.22543372765984748,
          0.23735999062166602
        ]
      }
    },
    "summer_evi": {
      "city": {
        "mean": 0.300862003132994,
        "stdDev": 0.12420704824037117,
        "count": 3024,
        "stdError": 0.002258683334954494,
        "ci95": [
          0.2964349837964832,
          0.3052890224695048
        ]
      }
    },
    "winter_evi": {
      "city": {
        "mean": 0.08677171058184231,
        "stdDev": 0.03189243397327274,
        "count": 3024,
        "stdError": 0.0005799583046781887,
        "ci95": [
          0.08563499230467306,
          0.08790842885901157
        ]
      }
    },
    "evi_change": {
      "city": {
        "mean": 0.2140902925511521,
        "stdDev": 0.13073511331940094,
        "count": 3024,
        "stdError": 0.0023773950506935882,
        "ci95": [
          0.20943059825179267,
          0.21874998685051156
        ]
      }
    },
    "summer_lst": {
      "city": {
        "mean": 41.62024142591555,
        "stdDev": 5.615042921142405,
        "count": 3024,
        "stdError": 0.10210856831968661,
        "ci95": [
          41.42010863200897,
          41.820374219822135
        ]
      }
    },
    "winter_lst": {
      "city": {
        "mean": 6.780262691053305,
        "stdDev": 2.029552479016079,
        "count": 3023,
        "stdError": 0.03691315887872048,
        "ci95": [
          6.707912899651013,
          6.852612482455597
        ]
      }
    },
    "lst_change": {
      "city": {
        "mean": 34.84217711321434,
        "stdDev": 6.176049372552046,
        "count": 3023,
        "stdError": 0.11232894644949433,
        "ci95": [
          34.62201237817333,
          35.06234184825535
        ]
      }
    }
  }
}