{
  "city": "Andijan",
  "year": 2023,
  "generated": {
    "summer_veg_tif": "D:\\dev\\Uzbekistan_URBAN_research\\suhi_analysis_output\\vegetation\\Andijan\\Andijan_ndvi_evi_summer_2023.tif",
    "winter_veg_tif": "D:\\dev\\Uzbekistan_URBAN_research\\suhi_analysis_output\\vegetation\\Andijan\\Andijan_ndvi_evi_winter_2023.tif",
    "ndvi_change_tif": "D:\\dev\\Uzbekistan_URBAN_research\\suhi_analysis_output\\vegetation\\Andijan\\Andijan_ndvi_change_2023.tif",
    "evi_change_tif": "D:\\dev\\Uzbekistan_URBAN_research\\suhi_analysis_output\\vegetation\\Andijan\\Andijan_evi_change_2023.tif",
    "summer_lst_tif": "D:\\dev\\Uzbekistan_URBAN_research\\suhi_analysis_output\\temperature\\Andijan\\Andijan_lst_summer_2023.tif",
    "winter_lst_tif": "D:\\dev\\Uzbekistan_URBAN_research\\suhi_analysis_output\\temperature\\Andijan\\Andijan_lst_winter_2023.tif",
    "lst_change_tif": "D:\\dev\\Uzbekistan_URBAN_research\\suhi_analysis_output\\temperature\\Andijan\\Andijan_lst_change_2023.tif"
  },
  "stats": {
    "summer_ndvi_mean": 0.3727657477789341,
    "winter_ndvi_mean": 0.188861555896346,
    "ndvi_change_mean": 0.1839041918825869,
    "summer_evi_mean": 0.26902559746108645,
    "winter_evi_mean": 0.0911192627798324,
    "evi_change_mean": 0.17790633468125433,
    "summer_lst_mean": 42.12607764443445,
    "winter_lst_mean": 10.629024540978786,
    "lst_change_mean": 31.49705310345566,
    "summer_biomass_t_per_ha": 6.5916489957487325,
    "winter_biomass_t_per_ha": 3.0550299210835767,
    "biomass_change_t_per_ha": 3.536619074665156
  },
  "uncertainty": {
    "summer_ndvi": {
      "city": {
        "mean": 0.3727657477789341,
        "stdDev": 0.15616273920503648,
        "count": 3024,
        "stdError": 0.002839791956899713,
        "ci95": [
          0.36719975554341067,
          0.3783317400144576
        ]
      }
    },
    "winter_ndvi": {
      "city": {
        "mean": 0.188861555896346,
        "stdDev": 0.08818846852773408,
        "count": 3024,
        "stdError": 0.0016036917954387786,
        "ci95": [
          0.185718319977286,
          0.19200479181540603
        ]
      }
    },
    "ndvi_change": {
      "city": {
        "mean": 0.1839041918825869,
        "stdDev": 0.15975824451290024,
        "count": 3024,
        "stdError": 0.0029051755887842413,
        "ci95": [
          0.17821004772856977,
          0.189598336036604
        ]
      }
    },
    "summer_evi": {
      "city": {
        "mean": 0.26902559746108645,
        "stdDev": 0.11175991259563366,
        "count": 3024,
        "stdError": 0.002032334361631507,
        "ci95": [
          0.2650422221122887,
          0.27300897280988423
        ]
      }
    },
    "winter_evi": {
      "city": {
        "mean": 0.0911192627798324,
        "stdDev": 0.0443275176912604,
        "count": 3024,
        "stdError": 0.0008060881158321227,
        "ci95": [
          0.08953933007280145,
          0.09269919548686335
        ]
      }
    },
    "evi_change": {
      "city": {
        "mean": 0.17790633468125433,
        "stdDev": 0.12161056404620454,
        "count": 3024,
        "stdError": 0.002211466726380982,
        "ci95": [
          0.17357185989754761,
          0.18224080946496105
        ]
      }
    },
    "summer_lst": {
      "city": {
        "mean": 42.12607764443445,
        "stdDev": 5.132604126205213,
        "count": 3024,
        "stdError": 0.09333550365308756,
        "ci95": [
          41.9431400572744,
          42.30901523159451
        ]
      }
    },
    "winter_lst": {
      "city": {
        "mean": 10.629024540978786,
        "stdDev": 1.3259117029107492,
        "count": 3024,
        "stdError": 0.024111471204032967,
        "ci95": [
          10.581766057418882,
          10.67628302453869
        ]
      }
    },
    "lst_change": {
      "city": {
        "mean": 31.49705310345566,
        "stdDev": 4.871750245297316,
        "count": 3024,
        "stdError": 0.08859192169045489,
        "ci95": [
          31.32341293694237,
          31.67069326996895
        ]
      }
    }
  }
}