{
  "city": "Andijan",
  "year": 2021,
  "generated": {
    "summer_veg_tif": "D:\\dev\\Uzbekistan_URBAN_research\\suhi_analysis_output\\vegetation\\Andijan\\Andijan_ndvi_evi_summer_2021.tif",
    "winter_veg_tif": "D:\\dev\\Uzbekistan_URBAN_research\\suhi_analysis_output\\vegetation\\Andijan\\Andijan_ndvi_evi_winter_2021.tif",
    "ndvi_change_tif": "D:\\dev\\Uzbekistan_URBAN_research\\suhi_analysis_output\\vegetation\\Andijan\\Andijan_ndvi_change_2021.tif",
    "evi_change_tif": "D:\\dev\\Uzbekistan_URBAN_research\\suhi_analysis_output\\vegetation\\Andijan\\Andijan_evi_change_2021.tif",
    "summer_lst_tif": "D:\\dev\\Uzbekistan_URBAN_research\\suhi_analysis_output\\temperature\\Andijan\\Andijan_lst_summer_2021.tif",
    "winter_lst_tif": "D:\\dev\\Uzbekistan_URBAN_research\\suhi_analysis_output\\temperature\\Andijan\\Andijan_lst_winter_2021.tif",
    "lst_change_tif": "D:\\dev\\Uzbekistan_URBAN_research\\suhi_analysis_output\\temperature\\Andijan\\Andijan_lst_change_2021.tif"
  },
  "stats": {
    "summer_ndvi_mean": 0.3822715696725327,
    "winter_ndvi_mean": 0.16346005668284955,
    "ndvi_change_mean": 0.1834037965322959,
    "summer_evi_mean": 0.2799167459688274,
    "winter_evi_mean": 0.09466290056400578,
    "evi_change_mean": 0.16906462390748903,
    "summer_lst_mean": 38.705646521082414,
    "winter_lst_mean": 14.536895439939128,
    "lst_change_mean": 27.986821607017344,
    "summer_biomass_t_per_ha": 6.774453262933321,
    "winter_biomass_t_per_ha": 2.5665395515932605,
    "biomass_change_t_per_ha": 4.20791371134006
  },
  "uncertainty": {
    "summer_ndvi": {
      "city": {
        "mean": 0.3822715696725327,
        "stdDev": 0.16105107708007613,
        "count": 3024,
        "stdError": 0.0029286855217207,
        "ci95": [
          0.3765313460499601,
          0.38801179329510527
        ]
      }
    },
    "winter_ndvi": {
      "city": {
        "mean": 0.16346005668284955,
        "stdDev": 0.03749924130950729,
        "count": 303,
        "stdError": 0.0021542751254503647,
        "ci95": [
          0.15923767743696685,
          0.16768243592873225
        ]
      }
    },
    "ndvi_change": {
      "city": {
        "mean": 0.1834037965322959,
        "stdDev": 0.16666514278218675,
        "count": 303,
        "stdError": 0.009574662282147805,
        "ci95": [
          0.1646374584592862,
          0.2021701346053056
        ]
      }
    },
    "summer_evi": {
      "city": {
        "mean": 0.2799167459688274,
        "stdDev": 0.11865672568637407,
        "count": 3024,
        "stdError": 0.0021577516951326197,
        "ci95": [
          0.27568755264636746,
          0.2841459392912873
        ]
      }
    },
    "winter_evi": {
      "city": {
        "mean": 0.09466290056400578,
        "stdDev": 0.017228615538570625,
        "count": 303,
        "stdError": 0.0009897581018867285,
        "ci95": [
          0.09272297468430779,
          0.09660282644370377
        ]
      }
    },
    "evi_change": {
      "city": {
        "mean": 0.16906462390748903,
        "stdDev": 0.1403735929773591,
        "count": 303,
        "stdError": 0.008064252210472042,
        "ci95": [
          0.15325868957496383,
          0.18487055824001422
        ]
      }
    },
    "summer_lst": {
      "city": {
        "mean": 38.705646521082414,
        "stdDev": 5.020712156892562,
        "count": 3024,
        "stdError": 0.09130076786327446,
        "ci95": [
          38.52669701607039,
          38.884596026094435
        ]
      }
    },
    "winter_lst": {
      "city": {
        "mean": 14.536895439939128,
        "stdDev": 3.099600598933478,
        "count": 303,
        "stdError": 0.1780674017908865,
        "ci95": [
          14.18788333242899,
          14.885907547449266
        ]
      }
    },
    "lst_change": {
      "city": {
        "mean": 27.986821607017344,
        "stdDev": 5.415941835170448,
        "count": 303,
        "stdError": 0.3111377288968142,
        "ci95": [
          27.376991658379588,
          28.5966515556551
        ]
      }
    }
  }
}