{
  "city": "Andijan",
  "year": 2022,
  "generated": {
    "summer_veg_tif": "suhi_analysis_output\\vegetation\\Andijan\\Andijan_ndvi_evi_summer_2022.tif",
    "winter_veg_tif": "suhi_analysis_output\\vegetation\\Andijan\\Andijan_ndvi_evi_winter_2022.tif",
    "ndvi_change_tif": "suhi_analysis_output\\vegetation\\Andijan\\Andijan_ndvi_change_2022.tif",
    "evi_change_tif": "suhi_analysis_output\\vegetation\\Andijan\\Andijan_evi_change_2022.tif",
    "summer_lst_tif": "suhi_analysis_output\\temperature\\Andijan\\Andijan_lst_summer_2022.tif",
    "winter_lst_tif": "suhi_analysis_output\\temperature\\Andijan\\Andijan_lst_winter_2022.tif",
    "lst_change_tif": "suhi_analysis_output\\temperature\\Andijan\\Andijan_lst_change_2022.tif"
  },
  "stats": {
    "summer_ndvi_mean": 0.3742257768504236,
    "winter_ndvi_mean": 0.11350394769148149,
    "ndvi_change_mean": 0.2607218291589373,
    "summer_evi_mean": 0.2713230066233389,
    "winter_evi_mean": 0.0633969345441625,
    "evi_change_mean": 0.2079260720791646,
    "summer_lst_mean": 29.85496330602986,
    "winter_lst_mean": 3.1945357620721118,
    "lst_change_mean": 26.66042754395775,
    "summer_biomass_t_per_ha": 6.61972647789276,
    "winter_biomass_t_per_ha": 1.6058451479131055,
    "biomass_change_t_per_ha": 5.013881329979655
  },
  "uncertainty": {
    "summer_ndvi": {
      "city": {
        "mean": 0.3742257768504236,
        "stdDev": 0.1796524113599237,
        "count": 842652,
        "stdError": 0.00019570815506913977,
        "ci95": [
          0.37384218886648807,
          0.3746093648343591
        ]
      }
    },
    "winter_ndvi": {
      "city": {
        "mean": 0.11350394769148149,
        "stdDev": 0.0705833833726303,
        "count": 842652,
        "stdError": 7.689150194995266e-05,
        "ci95": [
          0.11335324034765959,
          0.11365465503530339
        ]
      }
    },
    "ndvi_change": {
      "city": {
        "mean": 0.2607218291589373,
        "stdDev": 0.16677665087065793,
        "count": 842652,
        "stdError": 0.0001816816729785773,
        "ci95": [
          0.2603657330798993,
          0.26107792523797535
        ]
      }
    },
    "summer_evi": {
      "city": {
        "mean": 0.2713230066233389,
        "stdDev": 0.13251016556620923,
        "count": 842652,
        "stdError": 0.000144352752265112,
        "ci95": [
          0.2710400752288993,
          0.27160593801777855
        ]
      }
    },
    "winter_evi": {
      "city": {
        "mean": 0.0633969345441625,
        "stdDev": 0.030488477437663808,
        "count": 842652,
        "stdError": 3.321326791566429e-05,
        "ci95": [
          0.0633318365390478,
          0.0634620325492772
        ]
      }
    },
    "evi_change": {
      "city": {
        "mean": 0.2079260720791646,
        "stdDev": 0.1282201049067969,
        "count": 842652,
        "stdError": 0.00013967928392459418,
        "ci95": [
          0.2076523006826724,
          0.20819984347565682
        ]
      }
    },
    "summer_lst": {
      "city": {
        "mean": 29.85496330602986,
        "stdDev": 1.7606966930310088,
        "count": 842652,
        "stdError": 0.0019180521921249461,
        "ci95": [
          29.851203923733294,
          29.858722688326424
        ]
      }
    },
    "winter_lst": {
      "city": {
        "mean": 3.1945357620721118,
        "stdDev": 0.441647078355767,
        "count": 842652,
        "stdError": 0.00048111758836076704,
        "ci95": [
          3.1935927715989245,
          3.195478752545299
        ]
      }
    },
    "lst_change": {
      "city": {
        "mean": 26.660427543960704,
        "stdDev": 1.9088938377117088,
        "count": 842652,
        "stdError": 0.0020794938869645855,
        "ci95": [
          26.656351735942255,
          26.664503351979153
        ]
      }
    }
  }
}