{
  "city": "Bukhara",
  "aridity_index": 0.1315793247026381,
  "climatic_water_deficit": 946.283235636477,
  "drought_frequency": 0.25,
  "surface_water_change": -18.428571428571427,
  "cropland_fraction": 0.578374252582321,
  "population_density": 2574.0210124164278,
  "aqueduct_bws_score": 3.0,
  "water_supply_risk": 0.5573132890922998,
  "water_demand_risk": 1.0,
  "overall_water_scarcity_score": 0.73438797345538,
  "water_scarcity_level": "Critical"
}