{
  "city": "Gulistan",
  "year": 2024,
  "stats": {
    "urban_mean": 34.10918659836922,
    "rural_mean": 34.41149575186793,
    "suhi": -0.3023091534987117,
    "uncertainty": {
      "urban_core": {
        "mean": 34.10918659836922,
        "stdDev": 2.0574689936858164,
        "count": 4189,
        "stdError": 0.031789091681881466,
        "ci95": [
          34.046879978672735,
          34.171493218065706
        ]
      },
      "rural_ring": {
        "mean": 34.41149575186793,
        "stdDev": 2.398790286125065,
        "count": 142,
        "stdError": 0.20130200905793355,
        "ci95": [
          34.016943814114384,
          34.80604768962148
        ]
      }
    }
  }
}