{
  "city": "Gulistan",
  "year": 2023,
  "stats": {
    "urban_mean": 36.89349886440958,
    "rural_mean": 36.78968234939612,
    "suhi": 0.10381651501346312,
    "uncertainty": {
      "urban_core": {
        "mean": 36.89349886440958,
        "stdDev": 2.190188923756796,
        "count": 4189,
        "stdError": 0.03383969173368644,
        "ci95": [
          36.82717306861156,
          36.9598246602076
        ]
      },
      "rural_ring": {
        "mean": 36.78968234939612,
        "stdDev": 2.371618848349812,
        "count": 142,
        "stdError": 0.19902183265202247,
        "ci95": [
          36.399599557398155,
          37.17976514139408
        ]
      }
    }
  }
}