{
  "city": "Gulistan",
  "year": 2023,
  "stats": {
    "day_urban_mean": 37.69867508689924,
    "day_rural_mean": 37.991839205705794,
    "suhi_day": -0.29316411880655124,
    "night_urban_mean": 21.890303847536877,
    "night_rural_mean": 21.368623169787213,
    "suhi_night": 0.5216806777496643,
    "suhi_day_night_diff": -0.8148447965562156,
    "day_stronger_than_night": false,
    "uncertainty_day": {
      "urban_core": {
        "mean": 37.69867508689924,
        "stdDev": 1.2108233564405393,
        "count": 257,
        "stdError": 0.07552908581142412,
        "ci95": [
          37.55063807870885,
          37.846712095089636
        ]
      },
      "rural_ring": {
        "mean": 37.991839205705794,
        "stdDev": 2.118642894971345,
        "count": 4194,
        "stdError": 0.03271474563376383,
        "ci95": [
          37.927718304263614,
          38.055960107147975
        ]
      }
    },
    "uncertainty_night": {
      "urban_core": {
        "mean": 21.890303847536877,
        "stdDev": 0.8698062081353556,
        "count": 257,
        "stdError": 0.054257020550619726,
        "ci95": [
          21.78396008725766,
          21.996647607816094
        ]
      },
      "rural_ring": {
        "mean": 21.368623169787213,
        "stdDev": 0.8663073981280972,
        "count": 4194,
        "stdError": 0.013376971757570211,
        "ci95": [
          21.342404305142374,
          21.394842034432052
        ]
      }
    }
  }
}