{
  "city": "Gulistan",
  "year": 2021,
  "stats": {
    "day_urban_mean": 38.65721967517682,
    "day_rural_mean": 39.29771214715585,
    "suhi_day": -0.6404924719790301,
    "night_urban_mean": 21.54523777418196,
    "night_rural_mean": 21.074006588485016,
    "suhi_night": 0.47123118569694356,
    "suhi_day_night_diff": -1.1117236576759737,
    "day_stronger_than_night": false,
    "uncertainty_day": {
      "urban_core": {
        "mean": 38.65721967517682,
        "stdDev": 1.2948626112337815,
        "count": 257,
        "stdError": 0.0807713104951851,
        "ci95": [
          38.498907906606256,
          38.81553144374738
        ]
      },
      "rural_ring": {
        "mean": 39.29771214715585,
        "stdDev": 2.3769139956410967,
        "count": 4194,
        "stdError": 0.036702804868766446,
        "ci95": [
          39.225774649613065,
          39.36964964469863
        ]
      }
    },
    "uncertainty_night": {
      "urban_core": {
        "mean": 21.54523777418196,
        "stdDev": 0.7837964417035346,
        "count": 257,
        "stdError": 0.04889187872799535,
        "ci95": [
          21.44940969187509,
          21.64106585648883
        ]
      },
      "rural_ring": {
        "mean": 21.074006588485016,
        "stdDev": 0.8624745801414815,
        "count": 4194,
        "stdError": 0.01331778780269501,
        "ci95": [
          21.047903724391734,
          21.100109452578298
        ]
      }
    }
  }
}