{
  "city": "Gulistan",
  "year": 2022,
  "stats": {
    "urban_mean": 32.54785921724122,
    "rural_mean": 32.78365897487946,
    "suhi": -0.23579975763824024,
    "uncertainty": {
      "urban_core": {
        "mean": 32.54785921724122,
        "stdDev": 1.946832655141403,
        "count": 4189,
        "stdError": 0.030079695953377433,
        "ci95": [
          32.488903013172596,
          32.60681542130984
        ]
      },
      "rural_ring": {
        "mean": 32.78365897487946,
        "stdDev": 1.8260081805790338,
        "count": 142,
        "stdError": 0.15323520252391795,
        "ci95": [
          32.48331797793258,
          33.08399997182634
        ]
      }
    }
  }
}