{
  "city": "Gulistan",
  "year": 2021,
  "stats": {
    "urban_mean": 34.974994403198195,
    "rural_mean": 34.99691367913014,
    "suhi": -0.02191927593194265,
    "uncertainty": {
      "urban_core": {
        "mean": 34.974994403198195,
        "stdDev": 2.354183041333415,
        "count": 4189,
        "stdError": 0.03637349615792384,
        "ci95": [
          34.903702350728665,
          35.046286455667726
        ]
      },
      "rural_ring": {
        "mean": 34.99691367913014,
        "stdDev": 2.7650917424129218,
        "count": 142,
        "stdError": 0.23204134442130345,
        "ci95": [
          34.54211264406438,
          35.451714714195894
        ]
      }
    }
  }
}