{
  "city": "Gulistan",
  "year": 2019,
  "stats": {
    "day_urban_mean": 39.07537980942111,
    "day_rural_mean": 39.02528590424291,
    "suhi_day": 0.050093905178201226,
    "night_urban_mean": 21.528581595349426,
    "night_rural_mean": 21.043950624808975,
    "suhi_night": 0.4846309705404508,
    "suhi_day_night_diff": -0.43453706536224956,
    "day_stronger_than_night": false,
    "uncertainty_day": {
      "urban_core": {
        "mean": 39.07537980942111,
        "stdDev": 0.7997249315137297,
        "count": 257,
        "stdError": 0.04988547062339558,
        "ci95": [
          38.97760428699925,
          39.17315533184296
        ]
      },
      "rural_ring": {
        "mean": 39.02528590424291,
        "stdDev": 2.1627100460684043,
        "count": 4194,
        "stdError": 0.03339520275202888,
        "ci95": [
          38.95983130684893,
          39.09074050163688
        ]
      }
    },
    "uncertainty_night": {
      "urban_core": {
        "mean": 21.528581595349426,
        "stdDev": 0.7387029539893522,
        "count": 257,
        "stdError": 0.046079024247624965,
        "ci95": [
          21.43826670782408,
          21.61889648287477
        ]
      },
      "rural_ring": {
        "mean": 21.043950624808975,
        "stdDev": 1.0036677619649166,
        "count": 4194,
        "stdError": 0.01549800375109245,
        "ci95": [
          21.013574537456833,
          21.074326712161117
        ]
      }
    }
  }
}