{
  "city": "Gulistan",
  "year": 2016,
  "stats": {
    "day_urban_mean": 39.99905879180153,
    "day_rural_mean": 39.568634131840874,
    "suhi_day": 0.43042465996065715,
    "night_urban_mean": 21.820426255543612,
    "night_rural_mean": 21.4945275532959,
    "suhi_night": 0.3258987022477129,
    "suhi_day_night_diff": 0.10452595771294426,
    "day_stronger_than_night": true,
    "uncertainty_day": {
      "urban_core": {
        "mean": 39.99905879180153,
        "stdDev": 0.9374495092056051,
        "count": 257,
        "stdError": 0.05847649374126078,
        "ci95": [
          39.88444486406866,
          40.1136727195344
        ]
      },
      "rural_ring": {
        "mean": 39.568634131840874,
        "stdDev": 2.1665697061039477,
        "count": 4194,
        "stdError": 0.033454801184872526,
        "ci95": [
          39.503062721518525,
          39.63420554216322
        ]
      }
    },
    "uncertainty_night": {
      "urban_core": {
        "mean": 21.820426255543612,
        "stdDev": 0.7547038761128536,
        "count": 257,
        "stdError": 0.0470771343465915,
        "ci95": [
          21.728155072224293,
          21.91269743886293
        ]
      },
      "rural_ring": {
        "mean": 21.4945275532959,
        "stdDev": 0.7811961613622939,
        "count": 4194,
        "stdError": 0.012062737788279241,
        "ci95": [
          21.470884587230874,
          21.518170519360925
        ]
      }
    }
  }
}