{
  "city": "Gulistan",
  "year": 2016,
  "stats": {
    "urban_mean": 35.844258062019776,
    "rural_mean": 35.84216704500142,
    "suhi": 0.002091017018358343,
    "uncertainty": {
      "urban_core": {
        "mean": 35.844258062019776,
        "stdDev": 1.7771996067060585,
        "count": 4189,
        "stdError": 0.027458766770222187,
        "ci95": [
          35.79043887915014,
          35.898077244889414
        ]
      },
      "rural_ring": {
        "mean": 35.84216704500142,
        "stdDev": 1.817508338072688,
        "count": 142,
        "stdError": 0.15252191158593964,
        "ci95": [
          35.543224098292974,
          36.14110999170986
        ]
      }
    }
  }
}