{
  "city": "Gulistan",
  "year": 2018,
  "stats": {
    "day_urban_mean": 38.64447126333459,
    "day_rural_mean": 38.92555102840761,
    "suhi_day": -0.2810797650730237,
    "night_urban_mean": 21.03005573534705,
    "night_rural_mean": 20.58398494569617,
    "suhi_night": 0.4460707896508822,
    "suhi_day_night_diff": -0.7271505547239059,
    "day_stronger_than_night": false,
    "uncertainty_day": {
      "urban_core": {
        "mean": 38.64447126333459,
        "stdDev": 0.9877814083624675,
        "count": 257,
        "stdError": 0.06161611134960123,
        "ci95": [
          38.523703685089366,
          38.76523884157981
        ]
      },
      "rural_ring": {
        "mean": 38.92555102840761,
        "stdDev": 2.2314891018130782,
        "count": 4194,
        "stdError": 0.03445724549597508,
        "ci95": [
          38.8580148272355,
          38.99308722957972
        ]
      }
    },
    "uncertainty_night": {
      "urban_core": {
        "mean": 21.03005573534705,
        "stdDev": 0.8954621967659908,
        "count": 257,
        "stdError": 0.05585739715101555,
        "ci95": [
          20.92057523693106,
          21.139536233763042
        ]
      },
      "rural_ring": {
        "mean": 20.58398494569617,
        "stdDev": 1.06585496042804,
        "count": 4194,
        "stdError": 0.01645825919774005,
        "ci95": [
          20.5517267576686,
          20.61624313372374
        ]
      }
    }
  }
}