{
  "city": "Gulistan",
  "year": 2018,
  "stats": {
    "urban_mean": 33.50149443764353,
    "rural_mean": 33.50490310985453,
    "suhi": -0.0034086722110018286,
    "uncertainty": {
      "urban_core": {
        "mean": 33.50149443764353,
        "stdDev": 2.1053591978945385,
        "count": 4189,
        "stdError": 0.03252902316902764,
        "ci95": [
          33.437737552232235,
          33.565251323054824
        ]
      },
      "rural_ring": {
        "mean": 33.50490310985453,
        "stdDev": 2.6001113381855787,
        "count": 142,
        "stdError": 0.2181964964501196,
        "ci95": [
          33.0772379768123,
          33.932568242896764
        ]
      }
    }
  }
}