{
  "city": "Gulistan",
  "year": 2017,
  "stats": {
    "urban_mean": 38.80775813566074,
    "rural_mean": 38.4196225514259,
    "suhi": 0.3881355842348384,
    "uncertainty": {
      "urban_core": {
        "mean": 38.80775813566074,
        "stdDev": 2.4965381489014025,
        "count": 4189,
        "stdError": 0.03857296530168771,
        "ci95": [
          38.732155123669436,
          38.883361147652046
        ]
      },
      "rural_ring": {
        "mean": 38.4196225514259,
        "stdDev": 2.599625202841542,
        "count": 142,
        "stdError": 0.21815570087828712,
        "ci95": [
          37.99203737770446,
          38.84720772514734
        ]
      }
    }
  }
}