{
  "city": "Gulistan",
  "year": 2022,
  "stats": {
    "day_urban_mean": 37.84942301929764,
    "day_rural_mean": 37.77332520634721,
    "suhi_day": 0.0760978129504295,
    "night_urban_mean": 21.688717637540478,
    "night_rural_mean": 21.0579170503542,
    "suhi_night": 0.630800587186279,
    "suhi_day_night_diff": -0.5547027742358495,
    "day_stronger_than_night": false,
    "uncertainty_day": {
      "urban_core": {
        "mean": 37.84942301929764,
        "stdDev": 0.963873217744606,
        "count": 257,
        "stdError": 0.06012475939378766,
        "ci95": [
          37.731578490885816,
          37.96726754770946
        ]
      },
      "rural_ring": {
        "mean": 37.77332520634721,
        "stdDev": 1.5903892481446285,
        "count": 4194,
        "stdError": 0.024557786418474326,
        "ci95": [
          37.725191944967,
          37.82145846772742
        ]
      }
    },
    "uncertainty_night": {
      "urban_core": {
        "mean": 21.688717637540478,
        "stdDev": 0.8569079025999939,
        "count": 257,
        "stdError": 0.053452446357017985,
        "ci95": [
          21.58395084268072,
          21.793484432400234
        ]
      },
      "rural_ring": {
        "mean": 21.0579170503542,
        "stdDev": 0.9369169013971388,
        "count": 4194,
        "stdError": 0.014467279116236407,
        "ci95": [
          21.029561183286376,
          21.086272917422022
        ]
      }
    }
  }
}