{
  "city": "Gulistan",
  "year": 2017,
  "stats": {
    "day_urban_mean": 38.42548214071684,
    "day_rural_mean": 38.15684371618317,
    "suhi_day": 0.2686384245336697,
    "night_urban_mean": 21.287290542970197,
    "night_rural_mean": 21.05533735744178,
    "suhi_night": 0.23195318552841826,
    "suhi_day_night_diff": 0.03668523900525145,
    "day_stronger_than_night": true,
    "uncertainty_day": {
      "urban_core": {
        "mean": 38.42548214071684,
        "stdDev": 0.9360926656696482,
        "count": 257,
        "stdError": 0.05839185616690706,
        "ci95": [
          38.3110341026297,
          38.53993017880398
        ]
      },
      "rural_ring": {
        "mean": 38.15684371618317,
        "stdDev": 2.1107685143120802,
        "count": 4194,
        "stdError": 0.032593154420396675,
        "ci95": [
          38.09296113351919,
          38.22072629884715
        ]
      }
    },
    "uncertainty_night": {
      "urban_core": {
        "mean": 21.287290542970197,
        "stdDev": 0.7953258887971986,
        "count": 257,
        "stdError": 0.04961106587801494,
        "ci95": [
          21.190052853849288,
          21.384528232091107
        ]
      },
      "rural_ring": {
        "mean": 21.05533735744178,
        "stdDev": 0.8785691755419781,
        "count": 4194,
        "stdError": 0.01356631038092437,
        "ci95": [
          21.028747389095166,
          21.081927325788392
        ]
      }
    }
  }
}