{
  "city": "Gulistan",
  "year": 2020,
  "stats": {
    "day_urban_mean": 38.53744801030808,
    "day_rural_mean": 38.87707872048742,
    "suhi_day": -0.33963071017933544,
    "night_urban_mean": 20.302982290543007,
    "night_rural_mean": 19.66552552217452,
    "suhi_night": 0.6374567683684873,
    "suhi_day_night_diff": -0.9770874785478227,
    "day_stronger_than_night": false,
    "uncertainty_day": {
      "urban_core": {
        "mean": 38.53744801030808,
        "stdDev": 1.0027039221092453,
        "count": 257,
        "stdError": 0.06254695218225235,
        "ci95": [
          38.414855984030865,
          38.6600400365853
        ]
      },
      "rural_ring": {
        "mean": 38.87707872048742,
        "stdDev": 1.9419881106180643,
        "count": 4194,
        "stdError": 0.029986954013561058,
        "ci95": [
          38.81830429062084,
          38.935853150354
        ]
      }
    },
    "uncertainty_night": {
      "urban_core": {
        "mean": 20.302982290543007,
        "stdDev": 0.9785444717066796,
        "count": 257,
        "stdError": 0.06103992707168922,
        "ci95": [
          20.183344033482495,
          20.42262054760352
        ]
      },
      "rural_ring": {
        "mean": 19.66552552217452,
        "stdDev": 1.1684278871636307,
        "count": 4194,
        "stdError": 0.018042125556261467,
        "ci95": [
          19.63016295608425,
          19.70088808826479
        ]
      }
    }
  }
}