{
  "city": "Gulistan",
  "year": 2018,
  "stats": {
    "urban_mean": 33.52113548749289,
    "rural_mean": 33.75870237440408,
    "suhi": -0.2375668869111891,
    "uncertainty": {
      "urban_core": {
        "mean": 33.52113548749289,
        "stdDev": 1.8805913841435336,
        "count": 1048,
        "stdError": 0.05809166185943164,
        "ci95": [
          33.40727583024841,
          33.634995144737374
        ]
      },
      "rural_ring": {
        "mean": 33.75870237440408,
        "stdDev": 2.2183305125115194,
        "count": 67,
        "stdError": 0.2710122061121701,
        "ci95": [
          33.22751845042423,
          34.289886298383934
        ]
      }
    }
  }
}