{
  "city": "Gulistan",
  "year": 2024,
  "stats": {
    "day_urban_mean": 36.64942556634306,
    "day_rural_mean": 36.72696816221976,
    "suhi_day": -0.0775425958767002,
    "night_urban_mean": 22.75637120939713,
    "night_rural_mean": 22.27791466852214,
    "suhi_night": 0.47845654087499057,
    "suhi_day_night_diff": -0.5559991367516908,
    "day_stronger_than_night": false,
    "uncertainty_day": {
      "urban_core": {
        "mean": 36.64942556634306,
        "stdDev": 1.2817372451627487,
        "count": 257,
        "stdError": 0.07995257265451472,
        "ci95": [
          36.49271852394021,
          36.80613260874591
        ]
      },
      "rural_ring": {
        "mean": 36.72696816221976,
        "stdDev": 2.253935605421239,
        "count": 4194,
        "stdError": 0.034803850229435024,
        "ci95": [
          36.65875261577007,
          36.795183708669455
        ]
      }
    },
    "uncertainty_night": {
      "urban_core": {
        "mean": 22.75637120939713,
        "stdDev": 0.7731513789043537,
        "count": 257,
        "stdError": 0.04822785795456818,
        "ci95": [
          22.661844607806177,
          22.850897810988084
        ]
      },
      "rural_ring": {
        "mean": 22.27791466852214,
        "stdDev": 0.8781009652342463,
        "count": 4194,
        "stdError": 0.01355908057303324,
        "ci95": [
          22.251338870598996,
          22.304490466445284
        ]
      }
    }
  }
}