{
  "city": "Gulistan",
  "year": 2020,
  "stats": {
    "urban_mean": 34.455950621279555,
    "rural_mean": 34.15444241972763,
    "suhi": 0.3015082015519255,
    "uncertainty": {
      "urban_core": {
        "mean": 34.455950621279555,
        "stdDev": 2.2315490025415152,
        "count": 4189,
        "stdError": 0.03447872898794995,
        "ci95": [
          34.388372312463176,
          34.523528930095935
        ]
      },
      "rural_ring": {
        "mean": 34.15444241972763,
        "stdDev": 2.322949648322494,
        "count": 142,
        "stdError": 0.19493760411340866,
        "ci95": [
          33.77236471566535,
          34.53652012378991
        ]
      }
    }
  }
}