{
  "city": "Gulistan",
  "year": 2019,
  "stats": {
    "urban_mean": 33.835124503292484,
    "rural_mean": 33.86420753623693,
    "suhi": -0.029083032944448917,
    "uncertainty": {
      "urban_core": {
        "mean": 33.835124503292484,
        "stdDev": 1.653425639670411,
        "count": 4189,
        "stdError": 0.025546387046395735,
        "ci95": [
          33.78505358468155,
          33.88519542190342
        ]
      },
      "rural_ring": {
        "mean": 33.86420753623693,
        "stdDev": 1.9161802438516804,
        "count": 142,
        "stdError": 0.1608022739776734,
        "ci95": [
          33.549035079240696,
          34.17937999323317
        ]
      }
    }
  }
}