{
  "aridity_index": 0.09474975311103191,
  "climatic_water_deficit": 2607.0324546349116,
  "drought_frequency": 0.24583333333333332,
  "surface_water_change": -6.838709677419354,
  "cropland_fraction": 0.41989559170808555,
  "population_density": 4963.86537270287,
  "aqueduct_bws_score": null
}