{
  "aridity_index": 0.2869281370921672,
  "climatic_water_deficit": 793.0189651966465,
  "drought_frequency": 0.23333333333333334,
  "surface_water_change": -6.838709677419354,
  "cropland_fraction": 0.41989559170808555,
  "population_density": 4963.86537270287,
  "aqueduct_bws_score": null
}