{
  "aridity_index": 0.0736690395124579,
  "climatic_water_deficit": 2755.6721033818426,
  "drought_frequency": 0.24583333333333332,
  "surface_water_change": -8.571428571428571,
  "cropland_fraction": 0.42106718390558046,
  "population_density": 3157.998037291462,
  "aqueduct_bws_score": null
}