{
  "aridity_index": 0.21692803978217778,
  "climatic_water_deficit": 876.6851123740478,
  "drought_frequency": 0.24166666666666667,
  "surface_water_change": -8.571428571428571,
  "cropland_fraction": 0.42106718390558046,
  "population_density": 3157.998037291462,
  "aqueduct_bws_score": null
}