{
  "aridity_index": 0.4169704547548608,
  "climatic_water_deficit": 820.5157864513855,
  "drought_frequency": 0.25,
  "surface_water_change": -14.874999999999996,
  "cropland_fraction": 0.6728312126449327,
  "population_density": 2444.6552814674255,
  "aqueduct_bws_score": null
}