{
  "aridity_index": 0.14103136198562263,
  "climatic_water_deficit": 2566.2657847205237,
  "drought_frequency": 0.25416666666666665,
  "surface_water_change": -14.874999999999996,
  "cropland_fraction": 0.6728312126449327,
  "population_density": 2444.6552814674255,
  "aqueduct_bws_score": null
}