{
  "aridity_index": 0.4891201086087484,
  "climatic_water_deficit": 707.597645286709,
  "drought_frequency": 0.25,
  "surface_water_change": -33.33333333333333,
  "cropland_fraction": 0.2974680923598625,
  "population_density": 3533.6581844432417,
  "aqueduct_bws_score": null
}