{
  "aridity_index": 0.09029074404582724,
  "climatic_water_deficit": 2462.0184190262453,
  "drought_frequency": 0.24583333333333332,
  "surface_water_change": -4.863636363636363,
  "cropland_fraction": 0.461103050714445,
  "population_density": 4126.184834123223,
  "aqueduct_bws_score": null
}