{
  "aridity_index": 0.29173627840845195,
  "climatic_water_deficit": 694.939001130859,
  "drought_frequency": 0.22916666666666666,
  "surface_water_change": -4.863636363636363,
  "cropland_fraction": 0.461103050714445,
  "population_density": 4126.184834123223,
  "aqueduct_bws_score": null
}