{
  "aridity_index": 0.20634719222503786,
  "climatic_water_deficit": 839.4508561084161,
  "drought_frequency": 0.25,
  "surface_water_change": -30.956521739130434,
  "cropland_fraction": 0.3271964708684301,
  "population_density": 3053.767512305945,
  "aqueduct_bws_score": null
}