{
  "aridity_index": 0.04292538838011557,
  "climatic_water_deficit": 2505.3920572257093,
  "drought_frequency": 0.25,
  "surface_water_change": -68.29712460063898,
  "cropland_fraction": 0.22510248287847162,
  "population_density": 1572.5544738062124,
  "aqueduct_bws_score": null
}