{
  "aridity_index": 0.1307142644919903,
  "climatic_water_deficit": 782.2436368675782,
  "drought_frequency": 0.24583333333333332,
  "surface_water_change": -68.29712460063898,
  "cropland_fraction": 0.22510248287847162,
  "population_density": 1572.5544738062124,
  "aqueduct_bws_score": null
}