{
  "aridity_index": 0.1372573314023014,
  "climatic_water_deficit": 2364.444574704571,
  "drought_frequency": 0.24583333333333332,
  "surface_water_change": -23.125,
  "cropland_fraction": 0.41119320028706885,
  "population_density": 5291.13924050633,
  "aqueduct_bws_score": null
}