{
  "aridity_index": 0.5578678526642779,
  "climatic_water_deficit": 699.6292757615079,
  "drought_frequency": 0.22916666666666666,
  "surface_water_change": -25.66666666666667,
  "cropland_fraction": 0.2851214273969424,
  "population_density": 6796.444444444444,
  "aqueduct_bws_score": null
}