{
  "aridity_index": 0.17858414532457031,
  "climatic_water_deficit": 2344.8031728645806,
  "drought_frequency": 0.24583333333333332,
  "surface_water_change": -25.66666666666667,
  "cropland_fraction": 0.2851214273969424,
  "population_density": 6796.444444444444,
  "aqueduct_bws_score": null
}