{
  "aridity_index": 0.14429197547121098,
  "climatic_water_deficit": 1125.747185834001,
  "drought_frequency": 0.26666666666666666,
  "surface_water_change": -61.507772020725405,
  "cropland_fraction": 0.2857765443243188,
  "population_density": 4072.7272727272725,
  "aqueduct_bws_score": null
}