{
  "aridity_index": 0.1109048669914812,
  "climatic_water_deficit": 807.0044144154059,
  "drought_frequency": 0.24583333333333332,
  "surface_water_change": -42.22680412371135,
  "cropland_fraction": 0.6338126412528815,
  "population_density": 4014.1583639223913,
  "aqueduct_bws_score": null
}