{
  "city": "Qarshi",
  "year": 2018,
  "stats": {
    "urban_mean": 40.00274546279837,
    "rural_mean": 40.138311803862216,
    "suhi": -0.1355663410638428,
    "uncertainty": {
      "urban_core": {
        "mean": 40.00274546279837,
        "stdDev": 2.618340350947916,
        "count": 1024,
        "stdError": 0.08182313596712237,
        "ci95": [
          39.84237211630281,
          40.163118809293934
        ]
      },
      "rural_ring": {
        "mean": 40.138311803862216,
        "stdDev": 3.8897841890535156,
        "count": 65,
        "stdError": 0.4824683494985523,
        "ci95": [
          39.19267383884505,
          41.08394976887938
        ]
      }
    }
  }
}