{
  "city": "Qarshi",
  "year": 2024,
  "stats": {
    "urban_mean": 34.597239258147944,
    "rural_mean": 35.034035553710794,
    "suhi": -0.43679629556284993,
    "uncertainty": {
      "urban_core": {
        "mean": 34.597239258147944,
        "stdDev": 1.9869294659192158,
        "count": 4093,
        "stdError": 0.03105714845574689,
        "ci95": [
          34.53636724717468,
          34.65811126912121
        ]
      },
      "rural_ring": {
        "mean": 35.034035553710794,
        "stdDev": 3.5864135979871357,
        "count": 130,
        "stdError": 0.31454928066663934,
        "ci95": [
          34.41751896360418,
          35.65055214381741
        ]
      }
    }
  }
}