{
  "city": "Qarshi",
  "year": 2024,
  "stats": {
    "day_urban_mean": 39.44877870675772,
    "day_rural_mean": 40.7240132855471,
    "suhi_day": -1.2752345787893802,
    "night_urban_mean": 24.39777387435765,
    "night_rural_mean": 22.916791431887905,
    "suhi_night": 1.4809824424697453,
    "suhi_day_night_diff": -2.7562170212591255,
    "day_stronger_than_night": false,
    "uncertainty_day": {
      "urban_core": {
        "mean": 39.44877870675772,
        "stdDev": 1.4740962243352294,
        "count": 259,
        "stdError": 0.09159588259784339,
        "ci95": [
          39.269250776865945,
          39.6283066366495
        ]
      },
      "rural_ring": {
        "mean": 40.7240132855471,
        "stdDev": 3.344167383573856,
        "count": 4088,
        "stdError": 0.05230371818287139,
        "ci95": [
          40.621497997908676,
          40.82652857318553
        ]
      }
    },
    "uncertainty_night": {
      "urban_core": {
        "mean": 24.39777387435765,
        "stdDev": 1.125710495683661,
        "count": 259,
        "stdError": 0.06994824672880513,
        "ci95": [
          24.26067531076919,
          24.53487243794611
        ]
      },
      "rural_ring": {
        "mean": 22.916791431887905,
        "stdDev": 0.939570696024855,
        "count": 4088,
        "stdError": 0.014695149871729802,
        "ci95": [
          22.887988938139316,
          22.945593925636494
        ]
      }
    }
  }
}