{
  "city": "Qarshi",
  "year": 2020,
  "stats": {
    "day_urban_mean": 41.379323617396665,
    "day_rural_mean": 43.125755364671015,
    "suhi_day": -1.7464317472743502,
    "night_urban_mean": 22.17781698243466,
    "night_rural_mean": 20.222033376120706,
    "suhi_night": 1.955783606313954,
    "suhi_day_night_diff": -3.7022153535883042,
    "day_stronger_than_night": false,
    "uncertainty_day": {
      "urban_core": {
        "mean": 41.379323617396665,
        "stdDev": 1.6112737260409022,
        "count": 259,
        "stdError": 0.10011967781139171,
        "ci95": [
          41.18308904888634,
          41.57555818590699
        ]
      },
      "rural_ring": {
        "mean": 43.125755364671015,
        "stdDev": 3.6613546921567277,
        "count": 4088,
        "stdError": 0.05726461687496151,
        "ci95": [
          43.01351671559609,
          43.23799401374594
        ]
      }
    },
    "uncertainty_night": {
      "urban_core": {
        "mean": 22.17781698243466,
        "stdDev": 1.1404741643709526,
        "count": 259,
        "stdError": 0.0708656164645593,
        "ci95": [
          22.038920374164125,
          22.316713590705195
        ]
      },
      "rural_ring": {
        "mean": 20.222033376120706,
        "stdDev": 0.9429597801116658,
        "count": 4088,
        "stdError": 0.014748156099780854,
        "ci95": [
          20.193126990165137,
          20.250939762076275
        ]
      }
    }
  }
}