{
  "city": "Qarshi",
  "year": 2016,
  "stats": {
    "urban_mean": 39.120077655236976,
    "rural_mean": 38.695245182937946,
    "suhi": 0.42483247229903043,
    "uncertainty": {
      "urban_core": {
        "mean": 39.120077655236976,
        "stdDev": 3.178621761710657,
        "count": 4093,
        "stdError": 0.04968416324353271,
        "ci95": [
          39.02269669527965,
          39.2174586151943
        ]
      },
      "rural_ring": {
        "mean": 38.695245182937946,
        "stdDev": 5.328656199651845,
        "count": 130,
        "stdError": 0.4673540652034769,
        "ci95": [
          37.779231215139134,
          39.61125915073676
        ]
      }
    }
  }
}