{
  "city": "Qarshi",
  "year": 2022,
  "stats": {
    "day_urban_mean": 40.95135276520673,
    "day_rural_mean": 42.4123694319128,
    "suhi_day": -1.4610166667060724,
    "night_urban_mean": 22.67515885556495,
    "night_rural_mean": 20.693133144454144,
    "suhi_night": 1.9820257111108042,
    "suhi_day_night_diff": -3.4430423778168766,
    "day_stronger_than_night": false,
    "uncertainty_day": {
      "urban_core": {
        "mean": 40.95135276520673,
        "stdDev": 1.6113461409222234,
        "count": 259,
        "stdError": 0.10012417745317786,
        "ci95": [
          40.7551093773985,
          41.14759615301496
        ]
      },
      "rural_ring": {
        "mean": 42.4123694319128,
        "stdDev": 3.970649997110167,
        "count": 4088,
        "stdError": 0.062102082411235465,
        "ci95": [
          42.29064935038678,
          42.53408951343882
        ]
      }
    },
    "uncertainty_night": {
      "urban_core": {
        "mean": 22.67515885556495,
        "stdDev": 1.224202434242877,
        "count": 259,
        "stdError": 0.0760682380103596,
        "ci95": [
          22.526065109064643,
          22.824252602065254
        ]
      },
      "rural_ring": {
        "mean": 20.693133144454144,
        "stdDev": 0.8940490475893067,
        "count": 4088,
        "stdError": 0.01398317849054607,
        "ci95": [
          20.665726114612674,
          20.720540174295614
        ]
      }
    }
  }
}