{
  "city": "Qarshi",
  "year": 2021,
  "stats": {
    "urban_mean": 39.27675408604942,
    "rural_mean": 39.56890295527403,
    "suhi": -0.29214886922460437,
    "uncertainty": {
      "urban_core": {
        "mean": 39.27675408604942,
        "stdDev": 3.01106311386322,
        "count": 4093,
        "stdError": 0.04706510006564855,
        "ci95": [
          39.18450648992075,
          39.369001682178094
        ]
      },
      "rural_ring": {
        "mean": 39.56890295527403,
        "stdDev": 4.3617505715315765,
        "count": 130,
        "stdError": 0.38255083169787873,
        "ci95": [
          38.81910332514619,
          40.318702585401866
        ]
      }
    }
  }
}