{
  "city": "Qarshi",
  "year": 2020,
  "stats": {
    "urban_mean": 38.49427636816018,
    "rural_mean": 38.30430225474966,
    "suhi": 0.18997411341052128,
    "uncertainty": {
      "urban_core": {
        "mean": 38.49427636816018,
        "stdDev": 3.0646664070769365,
        "count": 4093,
        "stdError": 0.04790295841120645,
        "ci95": [
          38.40038656967421,
          38.58816616664615
        ]
      },
      "rural_ring": {
        "mean": 38.30430225474966,
        "stdDev": 4.755862525727664,
        "count": 130,
        "stdError": 0.41711673669112304,
        "ci95": [
          37.48675345083505,
          39.12185105866426
        ]
      }
    }
  }
}