{
  "city": "Qarshi",
  "year": 2018,
  "stats": {
    "urban_mean": 39.9795304294177,
    "rural_mean": 39.933174445544225,
    "suhi": 0.04635598387347528,
    "uncertainty": {
      "urban_core": {
        "mean": 39.9795304294177,
        "stdDev": 2.7320919700066235,
        "count": 4093,
        "stdError": 0.04270457877979829,
        "ci95": [
          39.8958294550093,
          40.0632314038261
        ]
      },
      "rural_ring": {
        "mean": 39.933174445544225,
        "stdDev": 4.003681692201887,
        "count": 130,
        "stdError": 0.35114611348984026,
        "ci95": [
          39.24492806310414,
          40.62142082798431
        ]
      }
    }
  }
}