{
  "city": "Qarshi",
  "year": 2023,
  "stats": {
    "day_urban_mean": 41.34540170284579,
    "day_rural_mean": 42.86356891385514,
    "suhi_day": -1.5181672110093487,
    "night_urban_mean": 24.131937562322655,
    "night_rural_mean": 22.35440107989473,
    "suhi_night": 1.7775364824279265,
    "suhi_day_night_diff": -3.295703693437275,
    "day_stronger_than_night": false,
    "uncertainty_day": {
      "urban_core": {
        "mean": 41.34540170284579,
        "stdDev": 1.663761219892942,
        "count": 259,
        "stdError": 0.10338109198867484,
        "ci95": [
          41.14277476254799,
          41.548028643143596
        ]
      },
      "rural_ring": {
        "mean": 42.86356891385514,
        "stdDev": 4.250898023181763,
        "count": 4088,
        "stdError": 0.06648524033836349,
        "ci95": [
          42.73325784279195,
          42.99387998491833
        ]
      }
    },
    "uncertainty_night": {
      "urban_core": {
        "mean": 24.131937562322655,
        "stdDev": 1.3025712285435256,
        "count": 259,
        "stdError": 0.08093783794799861,
        "ci95": [
          23.973299399944576,
          24.290575724700734
        ]
      },
      "rural_ring": {
        "mean": 22.35440107989473,
        "stdDev": 0.8787960609958779,
        "count": 4088,
        "stdError": 0.013744617491432074,
        "ci95": [
          22.32746162961152,
          22.381340530177937
        ]
      }
    }
  }
}