{
  "city": "Qarshi",
  "year": 2017,
  "stats": {
    "day_urban_mean": 41.425645470583774,
    "day_rural_mean": 42.18421546818642,
    "suhi_day": -0.758569997602649,
    "night_urban_mean": 23.064570836849015,
    "night_rural_mean": 21.432146790030117,
    "suhi_night": 1.6324240468188975,
    "suhi_day_night_diff": -2.3909940444215465,
    "day_stronger_than_night": false,
    "uncertainty_day": {
      "urban_core": {
        "mean": 41.425645470583774,
        "stdDev": 1.64092463320338,
        "count": 259,
        "stdError": 0.10196209553591892,
        "ci95": [
          41.22579976333337,
          41.62549117783418
        ]
      },
      "rural_ring": {
        "mean": 42.18421546818642,
        "stdDev": 4.026325103400299,
        "count": 4088,
        "stdError": 0.0629728567281862,
        "ci95": [
          42.06078866899918,
          42.307642267373666
        ]
      }
    },
    "uncertainty_night": {
      "urban_core": {
        "mean": 23.064570836849015,
        "stdDev": 1.066563189414439,
        "count": 259,
        "stdError": 0.06627301194319435,
        "ci95": [
          22.934675733440354,
          23.194465940257675
        ]
      },
      "rural_ring": {
        "mean": 21.432146790030117,
        "stdDev": 1.061800347252902,
        "count": 4088,
        "stdError": 0.016606855985133215,
        "ci95": [
          21.399597352299256,
          21.464696227760978
        ]
      }
    }
  }
}