{
  "city": "Qarshi",
  "year": 2018,
  "stats": {
    "day_urban_mean": 42.73353072025777,
    "day_rural_mean": 44.23231248973932,
    "suhi_day": -1.4987817694815533,
    "night_urban_mean": 22.582071949068066,
    "night_rural_mean": 20.6176747988399,
    "suhi_night": 1.9643971502281659,
    "suhi_day_night_diff": -3.463178919709719,
    "day_stronger_than_night": false,
    "uncertainty_day": {
      "urban_core": {
        "mean": 42.73353072025777,
        "stdDev": 1.5826485043646887,
        "count": 259,
        "stdError": 0.09834099308192358,
        "ci95": [
          42.5407823738172,
          42.926279066698335
        ]
      },
      "rural_ring": {
        "mean": 44.23231248973932,
        "stdDev": 3.4104575115180578,
        "count": 4088,
        "stdError": 0.05334051442319434,
        "ci95": [
          44.12776508146986,
          44.33685989800878
        ]
      }
    },
    "uncertainty_night": {
      "urban_core": {
        "mean": 22.582071949068066,
        "stdDev": 1.1347531138220082,
        "count": 259,
        "stdError": 0.07051012768047143,
        "ci95": [
          22.443872098814342,
          22.72027179932179
        ]
      },
      "rural_ring": {
        "mean": 20.6176747988399,
        "stdDev": 0.7615686027191074,
        "count": 4088,
        "stdError": 0.011911147082289467,
        "ci95": [
          20.594328950558612,
          20.641020647121188
        ]
      }
    }
  }
}