{
  "city": "Qarshi",
  "year": 2019,
  "stats": {
    "day_urban_mean": 41.54382618700628,
    "day_rural_mean": 42.91221307375403,
    "suhi_day": -1.36838688674775,
    "night_urban_mean": 23.048382449950164,
    "night_rural_mean": 21.30838876018522,
    "suhi_night": 1.739993689764944,
    "suhi_day_night_diff": -3.108380576512694,
    "day_stronger_than_night": false,
    "uncertainty_day": {
      "urban_core": {
        "mean": 41.54382618700628,
        "stdDev": 1.3902708407125033,
        "count": 259,
        "stdError": 0.08638722669718198,
        "ci95": [
          41.3745072226798,
          41.71314515133276
        ]
      },
      "rural_ring": {
        "mean": 42.91221307375403,
        "stdDev": 3.575423391535533,
        "count": 4088,
        "stdError": 0.05592062717131954,
        "ci95": [
          42.80260864449824,
          43.02181750300982
        ]
      }
    },
    "uncertainty_night": {
      "urban_core": {
        "mean": 23.048382449950164,
        "stdDev": 0.9759370200925883,
        "count": 259,
        "stdError": 0.060641775780684005,
        "ci95": [
          22.929524569420025,
          23.167240330480304
        ]
      },
      "rural_ring": {
        "mean": 21.30838876018522,
        "stdDev": 0.8799501874522883,
        "count": 4088,
        "stdError": 0.01376266835372443,
        "ci95": [
          21.281413930211922,
          21.33536359015852
        ]
      }
    }
  }
}