{
  "city": "Qarshi",
  "year": 2023,
  "stats": {
    "urban_mean": 39.17554083856172,
    "rural_mean": 39.46228831789079,
    "suhi": -0.2867474793290654,
    "uncertainty": {
      "urban_core": {
        "mean": 39.17554083856172,
        "stdDev": 2.7006529456274486,
        "count": 4093,
        "stdError": 0.04221316402945326,
        "ci95": [
          39.092803037063995,
          39.25827864005945
        ]
      },
      "rural_ring": {
        "mean": 39.46228831789079,
        "stdDev": 4.118087108006602,
        "count": 130,
        "stdError": 0.3611801322282083,
        "ci95": [
          38.7543752587235,
          40.17020137705808
        ]
      }
    }
  }
}