{
  "city": "Qarshi",
  "year": 2017,
  "stats": {
    "urban_mean": 39.73181622696299,
    "rural_mean": 39.41549845673039,
    "suhi": 0.316317770232601,
    "uncertainty": {
      "urban_core": {
        "mean": 39.73181622696299,
        "stdDev": 2.747825658685302,
        "count": 4093,
        "stdError": 0.042950507743775956,
        "ci95": [
          39.64763323178519,
          39.81599922214079
        ]
      },
      "rural_ring": {
        "mean": 39.41549845673039,
        "stdDev": 4.412116387055421,
        "count": 130,
        "stdError": 0.38696820593829134,
        "ci95": [
          38.65704077309134,
          40.17395614036944
        ]
      }
    }
  }
}