{
  "city": "Qarshi",
  "year": 2022,
  "stats": {
    "urban_mean": 38.69858294402629,
    "rural_mean": 39.413122929250825,
    "suhi": -0.7145399852245333,
    "uncertainty": {
      "urban_core": {
        "mean": 38.69858294402629,
        "stdDev": 2.458211383890173,
        "count": 4093,
        "stdError": 0.038423626603053325,
        "ci95": [
          38.623272635884305,
          38.77389325216828
        ]
      },
      "rural_ring": {
        "mean": 39.413122929250825,
        "stdDev": 3.903476019507609,
        "count": 130,
        "stdError": 0.342357494608183,
        "ci95": [
          38.742102239818784,
          40.084143618682866
        ]
      }
    }
  }
}