{
  "city": "Qarshi",
  "year": 2016,
  "stats": {
    "day_urban_mean": 41.78129293549134,
    "day_rural_mean": 43.43755965679168,
    "suhi_day": -1.6562667213003408,
    "night_urban_mean": 23.742312955434564,
    "night_rural_mean": 22.19843537192908,
    "suhi_night": 1.543877583505484,
    "suhi_day_night_diff": -3.200144304805825,
    "day_stronger_than_night": false,
    "uncertainty_day": {
      "urban_core": {
        "mean": 41.78129293549134,
        "stdDev": 1.6863696251952578,
        "count": 259,
        "stdError": 0.10478590993991088,
        "ci95": [
          41.575912552009115,
          41.98667331897356
        ]
      },
      "rural_ring": {
        "mean": 43.43755965679168,
        "stdDev": 4.12337960712039,
        "count": 4088,
        "stdError": 0.06449081645588653,
        "ci95": [
          43.31115765653814,
          43.56396165704521
        ]
      }
    },
    "uncertainty_night": {
      "urban_core": {
        "mean": 23.742312955434564,
        "stdDev": 1.009377134538357,
        "count": 259,
        "stdError": 0.06271964338950607,
        "ci95": [
          23.619382454391133,
          23.865243456477994
        ]
      },
      "rural_ring": {
        "mean": 22.19843537192908,
        "stdDev": 0.8427847948979048,
        "count": 4088,
        "stdError": 0.013181391164111135,
        "ci95": [
          22.172599845247422,
          22.224270898610737
        ]
      }
    }
  }
}