{
  "city": "Qarshi",
  "year": 2019,
  "stats": {
    "urban_mean": 38.58823797921557,
    "rural_mean": 38.9994463379138,
    "suhi": -0.41120835869823225,
    "uncertainty": {
      "urban_core": {
        "mean": 38.58823797921557,
        "stdDev": 2.4582183286710952,
        "count": 4093,
        "stdError": 0.03842373515501543,
        "ci95": [
          38.512927458311744,
          38.6635485001194
        ]
      },
      "rural_ring": {
        "mean": 38.9994463379138,
        "stdDev": 4.105479635648088,
        "count": 130,
        "stdError": 0.3600743837546856,
        "ci95": [
          38.29370054575462,
          39.70519213007299
        ]
      }
    }
  }
}