{
  "city": "Qarshi",
  "year": 2021,
  "stats": {
    "day_urban_mean": 42.737508629285934,
    "day_rural_mean": 43.80049470853495,
    "suhi_day": -1.062986079249015,
    "night_urban_mean": 23.172713661118397,
    "night_rural_mean": 21.493789577978912,
    "suhi_night": 1.678924083139485,
    "suhi_day_night_diff": -2.7419101623885,
    "day_stronger_than_night": false,
    "uncertainty_day": {
      "urban_core": {
        "mean": 42.737508629285934,
        "stdDev": 1.7576085592426978,
        "count": 259,
        "stdError": 0.10921248191783414,
        "ci95": [
          42.523452164726976,
          42.95156509384489
        ]
      },
      "rural_ring": {
        "mean": 43.80049470853495,
        "stdDev": 4.137966168677731,
        "count": 4088,
        "stdError": 0.06471895438005255,
        "ci95": [
          43.673645557950046,
          43.92734385911985
        ]
      }
    },
    "uncertainty_night": {
      "urban_core": {
        "mean": 23.172713661118397,
        "stdDev": 1.1074790931263878,
        "count": 259,
        "stdError": 0.06881540249471649,
        "ci95": [
          23.037835472228753,
          23.30759185000804
        ]
      },
      "rural_ring": {
        "mean": 21.493789577978912,
        "stdDev": 0.7857021678056003,
        "count": 4088,
        "stdError": 0.012288602826051593,
        "ci95": [
          21.46970391643985,
          21.517875239517974
        ]
      }
    }
  }
}