{
  "city": "Tashkent",
  "year": 2016,
  "generated": {
    "summer_veg_tif": "D:\\dev\\Uzbekistan_URBAN_research\\suhi_analysis_output\\vegetation\\Tashkent\\Tashkent_ndvi_evi_summer_2016.tif",
    "winter_veg_tif": "D:\\dev\\Uzbekistan_URBAN_research\\suhi_analysis_output\\vegetation\\Tashkent\\Tashkent_ndvi_evi_winter_2016.tif",
    "ndvi_change_tif": "D:\\dev\\Uzbekistan_URBAN_research\\suhi_analysis_output\\vegetation\\Tashkent\\Tashkent_ndvi_change_2016.tif",
    "evi_change_tif": "D:\\dev\\Uzbekistan_URBAN_research\\suhi_analysis_output\\vegetation\\Tashkent\\Tashkent_evi_change_2016.tif",
    "summer_lst_tif": "D:\\dev\\Uzbekistan_URBAN_research\\suhi_analysis_output\\temperature\\Tashkent\\Tashkent_lst_summer_2016.tif",
    "winter_lst_tif": "D:\\dev\\Uzbekistan_URBAN_research\\suhi_analysis_output\\temperature\\Tashkent\\Tashkent_lst_winter_2016.tif",
    "lst_change_tif": "D:\\dev\\Uzbekistan_URBAN_research\\suhi_analysis_output\\temperature\\Tashkent\\Tashkent_lst_change_2016.tif"
  },
  "stats": {
    "summer_ndvi_mean": 0.3556538607849098,
    "winter_ndvi_mean": 0.24561072254583227,
    "ndvi_change_mean": 0.11065940965183531,
    "summer_evi_mean": 0.26177445723205556,
    "winter_evi_mean": 0.13861000805445647,
    "evi_change_mean": 0.12360758303289315,
    "summer_lst_mean": 30.388707830391862,
    "winter_lst_mean": 4.850903851992994,
    "lst_change_mean": 25.53780397839887,
    "summer_biomass_t_per_ha": 6.262574245863649,
    "winter_biomass_t_per_ha": 4.146360048958313,
    "biomass_change_t_per_ha": 2.1162141969053367
  },
  "uncertainty": {
    "summer_ndvi": {
      "city": {
        "mean": 0.3556538607849098,
        "stdDev": 0.17575164438575236,
        "count": 1326614,
        "stdError": 0.00015259036399787768,
        "ci95": [
          0.35535478367147394,
          0.35595293789834564
        ]
      }
    },
    "winter_ndvi": {
      "city": {
        "mean": 0.24561072254583227,
        "stdDev": 0.14566649309378624,
        "count": 1320321,
        "stdError": 0.00012677099508172682,
        "ci95": [
          0.24536225139547208,
          0.24585919369619247
        ]
      }
    },
    "ndvi_change": {
      "city": {
        "mean": 0.11065940965183531,
        "stdDev": 0.1721598802345757,
        "count": 1320319,
        "stdError": 0.00014982783890070568,
        "ci95": [
          0.11036574708758992,
          0.1109530722160807
        ]
      }
    },
    "summer_evi": {
      "city": {
        "mean": 0.26177445723205556,
        "stdDev": 0.13215120358468155,
        "count": 1326614,
        "stdError": 0.00011473577005905333,
        "ci95": [
          0.2615495751227398,
          0.2619993393413713
        ]
      }
    },
    "winter_evi": {
      "city": {
        "mean": 0.13861000805445647,
        "stdDev": 0.12231441003502502,
        "count": 1320321,
        "stdError": 0.00010644808660967152,
        "ci95": [
          0.13840136980470152,
          0.13881864630421142
        ]
      }
    },
    "evi_change": {
      "city": {
        "mean": 0.12360758303289315,
        "stdDev": 0.1551173673970722,
        "count": 1320319,
        "stdError": 0.00013499602753791023,
        "ci95": [
          0.12334299081891885,
          0.12387217524686746
        ]
      }
    },
    "summer_lst": {
      "city": {
        "mean": 30.388707830391862,
        "stdDev": 1.3905016325970132,
        "count": 1326648,
        "stdError": 0.0012072400920660462,
        "ci95": [
          30.386341639811413,
          30.39107402097231
        ]
      }
    },
    "winter_lst": {
      "city": {
        "mean": 4.850903851992994,
        "stdDev": 0.7301596637147351,
        "count": 1326648,
        "stdError": 0.0006339280724177005,
        "ci95": [
          4.849661352971055,
          4.852146351014933
        ]
      }
    },
    "lst_change": {
      "city": {
        "mean": 25.537803978391548,
        "stdDev": 1.1165275636289942,
        "count": 1326648,
        "stdError": 0.0009693745099689433,
        "ci95": [
          25.53590400435201,
          25.539703952431086
        ]
      }
    }
  }
}