{
  "city": "Tashkent",
  "year": 2021,
  "generated": {
    "summer_veg_tif": "suhi_analysis_output\\vegetation\\Tashkent\\Tashkent_ndvi_evi_summer_2021.tif",
    "winter_veg_tif": "suhi_analysis_output\\vegetation\\Tashkent\\Tashkent_ndvi_evi_winter_2021.tif",
    "ndvi_change_tif": "suhi_analysis_output\\vegetation\\Tashkent\\Tashkent_ndvi_change_2021.tif",
    "evi_change_tif": "suhi_analysis_output\\vegetation\\Tashkent\\Tashkent_evi_change_2021.tif",
    "summer_lst_tif": "suhi_analysis_output\\temperature\\Tashkent\\Tashkent_lst_summer_2021.tif",
    "winter_lst_tif": "suhi_analysis_output\\temperature\\Tashkent\\Tashkent_lst_winter_2021.tif",
    "lst_change_tif": "suhi_analysis_output\\temperature\\Tashkent\\Tashkent_lst_change_2021.tif"
  },
  "stats": {
    "summer_ndvi_mean": 0.3065703744649737,
    "winter_ndvi_mean": 0.15394633384468773,
    "ndvi_change_mean": 0.1536142803479558,
    "summer_evi_mean": 0.22996928068243902,
    "winter_evi_mean": 0.08612517712552613,
    "evi_change_mean": 0.14452089627872883,
    "summer_lst_mean": 31.05743298058358,
    "winter_lst_mean": 6.1268666796342615,
    "lst_change_mean": 24.93056630094932,
    "summer_biomass_t_per_ha": 5.3186610474033404,
    "winter_biomass_t_per_ha": 2.3835833431670714,
    "biomass_change_t_per_ha": 2.935077704236269
  },
  "uncertainty": {
    "summer_ndvi": {
      "city": {
        "mean": 0.3065703744649737,
        "stdDev": 0.16203883109303346,
        "count": 1326648,
        "stdError": 0.00014068287931577107,
        "ci95": [
          0.3062946360215148,
          0.3068461129084326
        ]
      }
    },
    "winter_ndvi": {
      "city": {
        "mean": 0.15394633384468773,
        "stdDev": 0.0833225075887588,
        "count": 1292744,
        "stdError": 7.328347692148327e-05,
        "ci95": [
          0.15380269822992162,
          0.15408996945945383
        ]
      }
    },
    "ndvi_change": {
      "city": {
        "mean": 0.1536142803479558,
        "stdDev": 0.12619422807017439,
        "count": 1292744,
        "stdError": 0.00011098984017678172,
        "ci95": [
          0.1533967402612093,
          0.15383182043470228
        ]
      }
    },
    "summer_evi": {
      "city": {
        "mean": 0.22996928068243902,
        "stdDev": 0.1232981737269953,
        "count": 1326648,
        "stdError": 0.00010704805741489706,
        "ci95": [
          0.22975946648990583,
          0.2301790948749722
        ]
      }
    },
    "winter_evi": {
      "city": {
        "mean": 0.08612517712552613,
        "stdDev": 0.050066626128397594,
        "count": 1292710,
        "stdError": 4.403497682465018e-05,
        "ci95": [
          0.08603886857094982,
          0.08621148568010244
        ]
      }
    },
    "evi_change": {
      "city": {
        "mean": 0.14452089627872883,
        "stdDev": 0.10387461244111264,
        "count": 1292710,
        "stdError": 9.13605829916207e-05,
        "ci95": [
          0.14434182953606525,
          0.1446999630213924
        ]
      }
    },
    "summer_lst": {
      "city": {
        "mean": 31.05743298058358,
        "stdDev": 1.5864006844286267,
        "count": 1326648,
        "stdError": 0.0013773205751267867,
        "ci95": [
          31.05473343225633,
          31.06013252891083
        ]
      }
    },
    "winter_lst": {
      "city": {
        "mean": 6.1268666796342615,
        "stdDev": 0.8889352593992634,
        "count": 1326648,
        "stdError": 0.0007717777953224006,
        "ci95": [
          6.12535399515543,
          6.128379364113093
        ]
      }
    },
    "lst_change": {
      "city": {
        "mean": 24.930566300949266,
        "stdDev": 1.1807324621245938,
        "count": 1326648,
        "stdError": 0.00102511750641991,
        "ci95": [
          24.928557070636682,
          24.93257553126185
        ]
      }
    }
  }
}