{
  "city": "Tashkent",
  "year": 2021,
  "generated": {
    "summer_veg_tif": "D:\\dev\\Uzbekistan_URBAN_research\\suhi_analysis_output\\vegetation\\Tashkent\\Tashkent_ndvi_evi_summer_2021.tif",
    "winter_veg_tif": "D:\\dev\\Uzbekistan_URBAN_research\\suhi_analysis_output\\vegetation\\Tashkent\\Tashkent_ndvi_evi_winter_2021.tif",
    "ndvi_change_tif": "D:\\dev\\Uzbekistan_URBAN_research\\suhi_analysis_output\\vegetation\\Tashkent\\Tashkent_ndvi_change_2021.tif",
    "evi_change_tif": "D:\\dev\\Uzbekistan_URBAN_research\\suhi_analysis_output\\vegetation\\Tashkent\\Tashkent_evi_change_2021.tif",
    "summer_lst_tif": "D:\\dev\\Uzbekistan_URBAN_research\\suhi_analysis_output\\temperature\\Tashkent\\Tashkent_lst_summer_2021.tif",
    "winter_lst_tif": "D:\\dev\\Uzbekistan_URBAN_research\\suhi_analysis_output\\temperature\\Tashkent\\Tashkent_lst_winter_2021.tif",
    "lst_change_tif": "D:\\dev\\Uzbekistan_URBAN_research\\suhi_analysis_output\\temperature\\Tashkent\\Tashkent_lst_change_2021.tif"
  },
  "stats": {
    "summer_ndvi_mean": 0.30288405016142844,
    "winter_ndvi_mean": 0.15281099408359777,
    "ndvi_change_mean": 0.15113823695984968,
    "summer_evi_mean": 0.22876270126047546,
    "winter_evi_mean": 0.0861522463855079,
    "evi_change_mean": 0.14340913693329824,
    "summer_lst_mean": 42.85701909729013,
    "winter_lst_mean": 11.146042511292428,
    "lst_change_mean": 31.738441478305887,
    "summer_biomass_t_per_ha": 5.247770195412086,
    "winter_biomass_t_per_ha": 2.361749886223034,
    "biomass_change_t_per_ha": 2.8860203091890515
  },
  "uncertainty": {
    "summer_ndvi": {
      "city": {
        "mean": 0.30288405016142844,
        "stdDev": 0.12513946928814731,
        "count": 4740,
        "stdError": 0.0018176285596769792,
        "ci95": [
          0.2993214981844616,
          0.3064466021383953
        ]
      }
    },
    "winter_ndvi": {
      "city": {
        "mean": 0.15281099408359777,
        "stdDev": 0.05824184933337687,
        "count": 4607,
        "stdError": 0.0008580765834133561,
        "ci95": [
          0.1511291639801076,
          0.15449282418708796
        ]
      }
    },
    "ndvi_change": {
      "city": {
        "mean": 0.15113823695984968,
        "stdDev": 0.09551536089756493,
        "count": 4607,
        "stdError": 0.0014072268562994848,
        "ci95": [
          0.1483800723215027,
          0.15389640159819667
        ]
      }
    },
    "summer_evi": {
      "city": {
        "mean": 0.22876270126047546,
        "stdDev": 0.09382907105099103,
        "count": 4740,
        "stdError": 0.0013628505877513355,
        "ci95": [
          0.22609151410848286,
          0.23143388841246806
        ]
      }
    },
    "winter_evi": {
      "city": {
        "mean": 0.0861522463855079,
        "stdDev": 0.032010047725078865,
        "count": 4607,
        "stdError": 0.0004716037128150305,
        "ci95": [
          0.08522790310839044,
          0.08707658966262537
        ]
      }
    },
    "evi_change": {
      "city": {
        "mean": 0.14340913693329824,
        "stdDev": 0.07847088093405176,
        "count": 4607,
        "stdError": 0.0011561107035579661,
        "ci95": [
          0.14114315995432464,
          0.14567511391227184
        ]
      }
    },
    "summer_lst": {
      "city": {
        "mean": 42.85701909729013,
        "stdDev": 3.1033565128785545,
        "count": 4740,
        "stdError": 0.04507570202075236,
        "ci95": [
          42.76867072132945,
          42.945367473250805
        ]
      }
    },
    "winter_lst": {
      "city": {
        "mean": 11.146042511292428,
        "stdDev": 2.0589080007406473,
        "count": 4375,
        "stdError": 0.031127763098976812,
        "ci95": [
          11.085032095618434,
          11.207052926966423
        ]
      }
    },
    "lst_change": {
      "city": {
        "mean": 31.738441478305887,
        "stdDev": 3.3891427421590534,
        "count": 4375,
        "stdError": 0.05123902201972775,
        "ci95": [
          31.63801299514722,
          31.838869961464553
        ]
      }
    }
  }
}