{
  "city": "Tashkent",
  "year": 2022,
  "generated": {
    "summer_veg_tif": "D:\\dev\\Uzbekistan_URBAN_research\\suhi_analysis_output\\vegetation\\Tashkent\\Tashkent_ndvi_evi_summer_2022.tif",
    "winter_veg_tif": "D:\\dev\\Uzbekistan_URBAN_research\\suhi_analysis_output\\vegetation\\Tashkent\\Tashkent_ndvi_evi_winter_2022.tif",
    "ndvi_change_tif": "D:\\dev\\Uzbekistan_URBAN_research\\suhi_analysis_output\\vegetation\\Tashkent\\Tashkent_ndvi_change_2022.tif",
    "evi_change_tif": "D:\\dev\\Uzbekistan_URBAN_research\\suhi_analysis_output\\vegetation\\Tashkent\\Tashkent_evi_change_2022.tif",
    "summer_lst_tif": "D:\\dev\\Uzbekistan_URBAN_research\\suhi_analysis_output\\temperature\\Tashkent\\Tashkent_lst_summer_2022.tif",
    "winter_lst_tif": "D:\\dev\\Uzbekistan_URBAN_research\\suhi_analysis_output\\temperature\\Tashkent\\Tashkent_lst_winter_2022.tif",
    "lst_change_tif": "D:\\dev\\Uzbekistan_URBAN_research\\suhi_analysis_output\\temperature\\Tashkent\\Tashkent_lst_change_2022.tif"
  },
  "stats": {
    "summer_ndvi_mean": 0.31180159825725723,
    "winter_ndvi_mean": 0.19376723362329049,
    "ndvi_change_mean": 0.11791241553055695,
    "summer_evi_mean": 0.23179497179563063,
    "winter_evi_mean": 0.10558620761252276,
    "evi_change_mean": 0.12613717564927945,
    "summer_lst_mean": 42.64045186758772,
    "winter_lst_mean": 11.89031038490322,
    "lst_change_mean": 30.753463138317436,
    "summer_biomass_t_per_ha": 5.419261504947254,
    "winter_biomass_t_per_ha": 3.1493698773709706,
    "biomass_change_t_per_ha": 2.2698916275762837
  },
  "uncertainty": {
    "summer_ndvi": {
      "city": {
        "mean": 0.31180159825725723,
        "stdDev": 0.1320092102333931,
        "count": 4740,
        "stdError": 0.001917410326458403,
        "ci95": [
          0.30804347401739873,
          0.3155597224971157
        ]
      }
    },
    "winter_ndvi": {
      "city": {
        "mean": 0.19376723362329049,
        "stdDev": 0.08683071865797873,
        "count": 4727,
        "stdError": 0.0012629338229114564,
        "ci95": [
          0.19129188333038402,
          0.19624258391619695
        ]
      }
    },
    "ndvi_change": {
      "city": {
        "mean": 0.11791241553055695,
        "stdDev": 0.10428032064026041,
        "count": 4727,
        "stdError": 0.0015167344695071795,
        "ci95": [
          0.11493961597032289,
          0.12088521509079102
        ]
      }
    },
    "summer_evi": {
      "city": {
        "mean": 0.23179497179563063,
        "stdDev": 0.09768156023171833,
        "count": 4740,
        "stdError": 0.0014188073086849422,
        "ci95": [
          0.22901410947060816,
          0.2345758341206531
        ]
      }
    },
    "winter_evi": {
      "city": {
        "mean": 0.10558620761252276,
        "stdDev": 0.049503710273002155,
        "count": 4727,
        "stdError": 0.0007200206451088597,
        "ci95": [
          0.1041749671481094,
          0.10699744807693612
        ]
      }
    },
    "evi_change": {
      "city": {
        "mean": 0.12613717564927945,
        "stdDev": 0.08275761326749476,
        "count": 4727,
        "stdError": 0.0012036913953301835,
        "ci95": [
          0.12377794051443229,
          0.1284964107841266
        ]
      }
    },
    "summer_lst": {
      "city": {
        "mean": 42.64045186758772,
        "stdDev": 3.0956728459042977,
        "count": 4740,
        "stdError": 0.044964098122998106,
        "ci95": [
          42.552322235266644,
          42.7285814999088
        ]
      }
    },
    "winter_lst": {
      "city": {
        "mean": 11.89031038490322,
        "stdDev": 1.7459219852803942,
        "count": 4726,
        "stdError": 0.025396740132753167,
        "ci95": [
          11.840532774243023,
          11.940087995563417
        ]
      }
    },
    "lst_change": {
      "city": {
        "mean": 30.753463138317436,
        "stdDev": 3.4240963606293273,
        "count": 4726,
        "stdError": 0.04980800184290194,
        "ci95": [
          30.655839454705347,
          30.851086821929524
        ]
      }
    }
  }
}