{
  "city": "Tashkent",
  "year": 2019,
  "generated": {
    "summer_veg_tif": "D:\\dev\\Uzbekistan_URBAN_research\\suhi_analysis_output\\vegetation\\Tashkent\\Tashkent_ndvi_evi_summer_2019.tif",
    "winter_veg_tif": "D:\\dev\\Uzbekistan_URBAN_research\\suhi_analysis_output\\vegetation\\Tashkent\\Tashkent_ndvi_evi_winter_2019.tif",
    "ndvi_change_tif": "D:\\dev\\Uzbekistan_URBAN_research\\suhi_analysis_output\\vegetation\\Tashkent\\Tashkent_ndvi_change_2019.tif",
    "evi_change_tif": "D:\\dev\\Uzbekistan_URBAN_research\\suhi_analysis_output\\vegetation\\Tashkent\\Tashkent_evi_change_2019.tif",
    "summer_lst_tif": "D:\\dev\\Uzbekistan_URBAN_research\\suhi_analysis_output\\temperature\\Tashkent\\Tashkent_lst_summer_2019.tif",
    "winter_lst_tif": "D:\\dev\\Uzbekistan_URBAN_research\\suhi_analysis_output\\temperature\\Tashkent\\Tashkent_lst_winter_2019.tif",
    "lst_change_tif": "D:\\dev\\Uzbekistan_URBAN_research\\suhi_analysis_output\\temperature\\Tashkent\\Tashkent_lst_change_2019.tif"
  },
  "stats": {
    "summer_ndvi_mean": 0.3310304600077881,
    "winter_ndvi_mean": 0.2264154427064761,
    "ndvi_change_mean": 0.10645118628077514,
    "summer_evi_mean": 0.2456780220410294,
    "winter_evi_mean": 0.11462530922597909,
    "evi_change_mean": 0.13234679864329435,
    "summer_lst_mean": 30.659899818672944,
    "winter_lst_mean": 4.22179467519311,
    "lst_change_mean": 26.438105143479834,
    "summer_biomass_t_per_ha": 5.789047307842079,
    "winter_biomass_t_per_ha": 3.7772200520476176,
    "biomass_change_t_per_ha": 2.0118272557944614
  },
  "uncertainty": {
    "summer_ndvi": {
      "city": {
        "mean": 0.3310304600077881,
        "stdDev": 0.17225597694714861,
        "count": 1326590,
        "stdError": 0.0001495567229420579,
        "ci95": [
          0.33073732883082163,
          0.3313235911847545
        ]
      }
    },
    "winter_ndvi": {
      "city": {
        "mean": 0.2264154427064761,
        "stdDev": 0.13293231653588086,
        "count": 1304941,
        "stdError": 0.0001163684192209126,
        "ci95": [
          0.2261873606048031,
          0.2266435248081491
        ]
      }
    },
    "ndvi_change": {
      "city": {
        "mean": 0.10645118628077514,
        "stdDev": 0.1488842554288824,
        "count": 1304941,
        "stdError": 0.00013033268284665128,
        "ci95": [
          0.1061957342223957,
          0.10670663833915459
        ]
      }
    },
    "summer_evi": {
      "city": {
        "mean": 0.2456780220410294,
        "stdDev": 0.1295061718301583,
        "count": 1326590,
        "stdError": 0.0001124403286489859,
        "ci95": [
          0.2454576389968774,
          0.2458984050851814
        ]
      }
    },
    "winter_evi": {
      "city": {
        "mean": 0.11462530922597909,
        "stdDev": 0.34144643254331136,
        "count": 1304933,
        "stdError": 0.00029890176018848314,
        "ci95": [
          0.11403946177600967,
          0.11521115667594851
        ]
      }
    },
    "evi_change": {
      "city": {
        "mean": 0.13234679864329435,
        "stdDev": 0.353524552768784,
        "count": 1304933,
        "stdError": 0.0003094749308269081,
        "ci95": [
          0.13174022777887362,
          0.13295336950771508
        ]
      }
    },
    "summer_lst": {
      "city": {
        "mean": 30.659899818672944,
        "stdDev": 1.6170577887296689,
        "count": 1326648,
        "stdError": 0.0014039372180355367,
        "ci95": [
          30.657148101725593,
          30.662651535620295
        ]
      }
    },
    "winter_lst": {
      "city": {
        "mean": 4.22179467519311,
        "stdDev": 0.7078303428700876,
        "count": 1326648,
        "stdError": 0.0006145416504816704,
        "ci95": [
          4.220590173558167,
          4.222999176828054
        ]
      }
    },
    "lst_change": {
      "city": {
        "mean": 26.43810514346366,
        "stdDev": 1.138818131207807,
        "count": 1326648,
        "stdError": 0.0009887272861363405,
        "ci95": [
          26.436167237982833,
          26.440043048944485
        ]
      }
    }
  }
}