{
  "city": "Tashkent",
  "year": 2021,
  "generated": {
    "summer_veg_tif": "suhi_analysis_output\\vegetation\\Tashkent\\Tashkent_ndvi_evi_summer_2021.tif",
    "winter_veg_tif": "suhi_analysis_output\\vegetation\\Tashkent\\Tashkent_ndvi_evi_winter_2021.tif",
    "ndvi_change_tif": "suhi_analysis_output\\vegetation\\Tashkent\\Tashkent_ndvi_change_2021.tif",
    "evi_change_tif": "suhi_analysis_output\\vegetation\\Tashkent\\Tashkent_evi_change_2021.tif",
    "summer_lst_tif": "suhi_analysis_output\\temperature\\Tashkent\\Tashkent_lst_summer_2021.tif",
    "winter_lst_tif": "suhi_analysis_output\\temperature\\Tashkent\\Tashkent_lst_winter_2021.tif",
    "lst_change_tif": "suhi_analysis_output\\temperature\\Tashkent\\Tashkent_lst_change_2021.tif"
  },
  "stats": {
    "summer_ndvi_mean": 0.3065703744649737,
    "winter_ndvi_mean": 0.15394633384468773,
    "ndvi_change_mean": 0.1536142803479558,
    "summer_evi_mean": 0.22996928068243902,
    "winter_evi_mean": 0.08612517712552613,
    "evi_change_mean": 0.14452089627872883,
    "summer_lst_mean": 42.81618502304299,
    "winter_lst_mean": 11.142594799900936,
    "lst_change_mean": 31.71121609021742,
    "summer_biomass_t_per_ha": 5.3186610474033404,
    "winter_biomass_t_per_ha": 2.3835833431670714,
    "biomass_change_t_per_ha": 2.935077704236269
  },
  "uncertainty": {
    "summer_ndvi": {
      "city": {
        "mean": 0.3065703744649737,
        "stdDev": 0.16203883109303346,
        "count": 1326648,
        "stdError": 0.00014068287931577107,
        "ci95": [
          0.3062946360215148,
          0.3068461129084326
        ]
      }
    },
    "winter_ndvi": {
      "city": {
        "mean": 0.15394633384468773,
        "stdDev": 0.0833225075887588,
        "count": 1292744,
        "stdError": 7.328347692148327e-05,
        "ci95": [
          0.15380269822992162,
          0.15408996945945383
        ]
      }
    },
    "ndvi_change": {
      "city": {
        "mean": 0.1536142803479558,
        "stdDev": 0.12619422807017439,
        "count": 1292744,
        "stdError": 0.00011098984017678172,
        "ci95": [
          0.1533967402612093,
          0.15383182043470228
        ]
      }
    },
    "summer_evi": {
      "city": {
        "mean": 0.22996928068243902,
        "stdDev": 0.1232981737269953,
        "count": 1326648,
        "stdError": 0.00010704805741489706,
        "ci95": [
          0.22975946648990583,
          0.2301790948749722
        ]
      }
    },
    "winter_evi": {
      "city": {
        "mean": 0.08612517712552613,
        "stdDev": 0.050066626128397594,
        "count": 1292710,
        "stdError": 4.403497682465018e-05,
        "ci95": [
          0.08603886857094982,
          0.08621148568010244
        ]
      }
    },
    "evi_change": {
      "city": {
        "mean": 0.14452089627872883,
        "stdDev": 0.10387461244111264,
        "count": 1292710,
        "stdError": 9.13605829916207e-05,
        "ci95": [
          0.14434182953606525,
          0.1446999630213924
        ]
      }
    },
    "summer_lst": {
      "city": {
        "mean": 42.81618502304299,
        "stdDev": 3.3768879032056525,
        "count": 1326648,
        "stdError": 0.0029318300443478868,
        "ci95": [
          42.81043863615607,
          42.82193140992991
        ]
      }
    },
    "winter_lst": {
      "city": {
        "mean": 11.142594799900936,
        "stdDev": 2.1555880931594684,
        "count": 1224070,
        "stdError": 0.0019483305883854004,
        "ci95": [
          11.1387760719477,
          11.146413527854172
        ]
      }
    },
    "lst_change": {
      "city": {
        "mean": 31.71121609021742,
        "stdDev": 3.5894044828693565,
        "count": 1224070,
        "stdError": 0.0032442870557017342,
        "ci95": [
          31.704857287588244,
          31.717574892846596
        ]
      }
    }
  }
}