{
  "city": "Tashkent",
  "year": 2017,
  "generated": {
    "summer_veg_tif": "D:\\dev\\Uzbekistan_URBAN_research\\suhi_analysis_output\\vegetation\\Tashkent\\Tashkent_ndvi_evi_summer_2017.tif",
    "winter_veg_tif": "D:\\dev\\Uzbekistan_URBAN_research\\suhi_analysis_output\\vegetation\\Tashkent\\Tashkent_ndvi_evi_winter_2017.tif",
    "ndvi_change_tif": "D:\\dev\\Uzbekistan_URBAN_research\\suhi_analysis_output\\vegetation\\Tashkent\\Tashkent_ndvi_change_2017.tif",
    "evi_change_tif": "D:\\dev\\Uzbekistan_URBAN_research\\suhi_analysis_output\\vegetation\\Tashkent\\Tashkent_evi_change_2017.tif",
    "summer_lst_tif": "D:\\dev\\Uzbekistan_URBAN_research\\suhi_analysis_output\\temperature\\Tashkent\\Tashkent_lst_summer_2017.tif",
    "winter_lst_tif": "D:\\dev\\Uzbekistan_URBAN_research\\suhi_analysis_output\\temperature\\Tashkent\\Tashkent_lst_winter_2017.tif",
    "lst_change_tif": "D:\\dev\\Uzbekistan_URBAN_research\\suhi_analysis_output\\temperature\\Tashkent\\Tashkent_lst_change_2017.tif"
  },
  "stats": {
    "summer_ndvi_mean": 0.34633538305666656,
    "winter_ndvi_mean": 0.20382727630810332,
    "ndvi_change_mean": 0.1499657276373086,
    "summer_evi_mean": 0.25982378137718043,
    "winter_evi_mean": 0.09719766274991072,
    "evi_change_mean": 0.17165320773561513,
    "summer_lst_mean": 40.90850715376347,
    "winter_lst_mean": 0.5015493872247503,
    "lst_change_mean": 40.04615584308958,
    "summer_biomass_t_per_ha": 6.08337275108974,
    "winter_biomass_t_per_ha": 3.342832236694295,
    "biomass_change_t_per_ha": 2.7405405143954455
  },
  "uncertainty": {
    "summer_ndvi": {
      "city": {
        "mean": 0.34633538305666656,
        "stdDev": 0.12383713414846306,
        "count": 4739,
        "stdError": 0.0017989021407594106,
        "ci95": [
          0.3428095348607781,
          0.349861231252555
        ]
      }
    },
    "winter_ndvi": {
      "city": {
        "mean": 0.20382727630810332,
        "stdDev": 0.08269123934765432,
        "count": 2617,
        "stdError": 0.001616432745383528,
        "ci95": [
          0.20065906812715162,
          0.20699548448905503
        ]
      }
    },
    "ndvi_change": {
      "city": {
        "mean": 0.1499657276373086,
        "stdDev": 0.08858533514734293,
        "count": 2616,
        "stdError": 0.0017319803591592505,
        "ci95": [
          0.14657104613335645,
          0.15336040914126073
        ]
      }
    },
    "summer_evi": {
      "city": {
        "mean": 0.25982378137718043,
        "stdDev": 0.09228615549904357,
        "count": 4739,
        "stdError": 0.0013405814324696703,
        "ci95": [
          0.25719624176953987,
          0.262451320984821
        ]
      }
    },
    "winter_evi": {
      "city": {
        "mean": 0.09719766274991072,
        "stdDev": 0.04148916417418435,
        "count": 2617,
        "stdError": 0.0008110223535021563,
        "ci95": [
          0.09560805893704649,
          0.09878726656277495
        ]
      }
    },
    "evi_change": {
      "city": {
        "mean": 0.17165320773561513,
        "stdDev": 0.07362296543941574,
        "count": 2616,
        "stdError": 0.0014394428819627608,
        "ci95": [
          0.16883189968696813,
          0.17447451578426212
        ]
      }
    },
    "summer_lst": {
      "city": {
        "mean": 40.90850715376347,
        "stdDev": 2.8878335383310323,
        "count": 4739,
        "stdError": 0.041949694410987726,
        "ci95": [
          40.826285752717936,
          40.99072855480901
        ]
      }
    },
    "winter_lst": {
      "city": {
        "mean": 0.5015493872247503,
        "stdDev": 1.5393541560985593,
        "count": 2522,
        "stdError": 0.030652507506798928,
        "ci95": [
          0.4414704725114244,
          0.5616283019380762
        ]
      }
    },
    "lst_change": {
      "city": {
        "mean": 40.04615584308958,
        "stdDev": 2.740520526886769,
        "count": 2521,
        "stdError": 0.05458164701901277,
        "ci95": [
          39.93917581493231,
          40.153135871246846
        ]
      }
    }
  }
}