{
  "city": "Tashkent",
  "year": 2023,
  "generated": {
    "summer_veg_tif": "D:\\dev\\Uzbekistan_URBAN_research\\suhi_analysis_output\\vegetation\\Tashkent\\Tashkent_ndvi_evi_summer_2023.tif",
    "winter_veg_tif": "D:\\dev\\Uzbekistan_URBAN_research\\suhi_analysis_output\\vegetation\\Tashkent\\Tashkent_ndvi_evi_winter_2023.tif",
    "ndvi_change_tif": "D:\\dev\\Uzbekistan_URBAN_research\\suhi_analysis_output\\vegetation\\Tashkent\\Tashkent_ndvi_change_2023.tif",
    "evi_change_tif": "D:\\dev\\Uzbekistan_URBAN_research\\suhi_analysis_output\\vegetation\\Tashkent\\Tashkent_evi_change_2023.tif",
    "summer_lst_tif": "D:\\dev\\Uzbekistan_URBAN_research\\suhi_analysis_output\\temperature\\Tashkent\\Tashkent_lst_summer_2023.tif",
    "winter_lst_tif": "D:\\dev\\Uzbekistan_URBAN_research\\suhi_analysis_output\\temperature\\Tashkent\\Tashkent_lst_winter_2023.tif",
    "lst_change_tif": "D:\\dev\\Uzbekistan_URBAN_research\\suhi_analysis_output\\temperature\\Tashkent\\Tashkent_lst_change_2023.tif"
  },
  "stats": {
    "summer_ndvi_mean": 0.3078612187309256,
    "winter_ndvi_mean": 0.07200392771752459,
    "ndvi_change_mean": 0.2358572910134004,
    "summer_evi_mean": 0.22914677243292605,
    "winter_evi_mean": 0.09168827739263123,
    "evi_change_mean": 0.13745849504029448,
    "summer_lst_mean": 42.391618728382525,
    "winter_lst_mean": 6.7755412586933055,
    "lst_change_mean": 35.61980051940768,
    "summer_biomass_t_per_ha": 5.343484975594723,
    "winter_biomass_t_per_ha": 0.8077678407216267,
    "biomass_change_t_per_ha": 4.535717134873097
  },
  "uncertainty": {
    "summer_ndvi": {
      "city": {
        "mean": 0.3078612187309256,
        "stdDev": 0.13082609198304507,
        "count": 4740,
        "stdError": 0.0019002257440597359,
        "ci95": [
          0.3041367762725685,
          0.31158566118928266
        ]
      }
    },
    "winter_ndvi": {
      "city": {
        "mean": 0.07200392771752459,
        "stdDev": 0.05460028423105882,
        "count": 4740,
        "stdError": 0.000793059428407317,
        "ci95": [
          0.07044953123784625,
          0.07355832419720293
        ]
      }
    },
    "ndvi_change": {
      "city": {
        "mean": 0.2358572910134004,
        "stdDev": 0.1404296118931719,
        "count": 4740,
        "stdError": 0.002039715164634787,
        "ci95": [
          0.2318594492907162,
          0.23985513273608458
        ]
      }
    },
    "summer_evi": {
      "city": {
        "mean": 0.22914677243292605,
        "stdDev": 0.09767447120174633,
        "count": 4740,
        "stdError": 0.0014187043417840052,
        "ci95": [
          0.2263661119230294,
          0.2319274329428227
        ]
      }
    },
    "winter_evi": {
      "city": {
        "mean": 0.09168827739263123,
        "stdDev": 0.04294321788828976,
        "count": 4740,
        "stdError": 0.0006237426107222578,
        "ci95": [
          0.09046574187561561,
          0.09291081290964685
        ]
      }
    },
    "evi_change": {
      "city": {
        "mean": 0.13745849504029448,
        "stdDev": 0.08721918648777942,
        "count": 4740,
        "stdError": 0.0012668431887540045,
        "ci95": [
          0.13497548239033663,
          0.13994150769025232
        ]
      }
    },
    "summer_lst": {
      "city": {
        "mean": 42.391618728382525,
        "stdDev": 3.1596186612045885,
        "count": 4740,
        "stdError": 0.04589289972989965,
        "ci95": [
          42.30166864491192,
          42.48156881185313
        ]
      }
    },
    "winter_lst": {
      "city": {
        "mean": 6.7755412586933055,
        "stdDev": 3.1131106927339025,
        "count": 4709,
        "stdError": 0.045365971741612325,
        "ci95": [
          6.686623954079745,
          6.864458563306866
        ]
      }
    },
    "lst_change": {
      "city": {
        "mean": 35.61980051940768,
        "stdDev": 4.134549554175374,
        "count": 4709,
        "stdError": 0.06025094407237272,
        "ci95": [
          35.50170866902583,
          35.737892369789535
        ]
      }
    }
  }
}