{
  "city": "Tashkent",
  "year": 2023,
  "generated": {
    "summer_veg_tif": "suhi_analysis_output\\vegetation\\Tashkent\\Tashkent_ndvi_evi_summer_2023.tif",
    "winter_veg_tif": "suhi_analysis_output\\vegetation\\Tashkent\\Tashkent_ndvi_evi_winter_2023.tif",
    "ndvi_change_tif": "suhi_analysis_output\\vegetation\\Tashkent\\Tashkent_ndvi_change_2023.tif",
    "evi_change_tif": "suhi_analysis_output\\vegetation\\Tashkent\\Tashkent_evi_change_2023.tif",
    "summer_lst_tif": "suhi_analysis_output\\temperature\\Tashkent\\Tashkent_lst_summer_2023.tif",
    "winter_lst_tif": "suhi_analysis_output\\temperature\\Tashkent\\Tashkent_lst_winter_2023.tif",
    "lst_change_tif": "suhi_analysis_output\\temperature\\Tashkent\\Tashkent_lst_change_2023.tif"
  },
  "stats": {
    "summer_ndvi_mean": 0.3120074940729357,
    "winter_ndvi_mean": 0.07806915191300233,
    "ndvi_change_mean": 0.23393834215993492,
    "summer_evi_mean": 0.23090953495205455,
    "winter_evi_mean": 0.08742399738358586,
    "evi_change_mean": 0.14348553756845583,
    "summer_lst_mean": 42.42719848220573,
    "winter_lst_mean": 6.739837397598671,
    "lst_change_mean": 35.69061598366948,
    "summer_biomass_t_per_ha": 5.423221039864147,
    "winter_biomass_t_per_ha": 0.9244067675577371,
    "biomass_change_t_per_ha": 4.498814272306411
  },
  "uncertainty": {
    "summer_ndvi": {
      "city": {
        "mean": 0.3120074940729357,
        "stdDev": 0.17069144493983016,
        "count": 1326648,
        "stdError": 0.00014819511956931856,
        "ci95": [
          0.31171703163857983,
          0.3122979565072916
        ]
      }
    },
    "winter_ndvi": {
      "city": {
        "mean": 0.07806915191300233,
        "stdDev": 0.09183353010793607,
        "count": 1326648,
        "stdError": 7.973030505199344e-05,
        "ci95": [
          0.07791288051510042,
          0.07822542331090424
        ]
      }
    },
    "ndvi_change": {
      "city": {
        "mean": 0.23393834215993492,
        "stdDev": 0.18061187873195503,
        "count": 1326648,
        "stdError": 0.00015680808709397508,
        "ci95": [
          0.23363099830923073,
          0.2342456860106391
        ]
      }
    },
    "summer_evi": {
      "city": {
        "mean": 0.23090953495205455,
        "stdDev": 0.12933737137602952,
        "count": 1326648,
        "stdError": 0.00011229131736865081,
        "ci95": [
          0.23068944397001198,
          0.2311296259340971
        ]
      }
    },
    "winter_evi": {
      "city": {
        "mean": 0.08742399738358586,
        "stdDev": 0.060275047934660625,
        "count": 1326648,
        "stdError": 5.2331081612626756e-05,
        "ci95": [
          0.08732142846362512,
          0.0875265663035466
        ]
      }
    },
    "evi_change": {
      "city": {
        "mean": 0.14348553756845583,
        "stdDev": 0.11864258208100785,
        "count": 1326648,
        "stdError": 0.00010300605073502955,
        "ci95": [
          0.14328364570901517,
          0.1436874294278965
        ]
      }
    },
    "summer_lst": {
      "city": {
        "mean": 42.42719848220573,
        "stdDev": 3.4559998757248316,
        "count": 1326648,
        "stdError": 0.0030005154329505617,
        "ci95": [
          42.421317471957146,
          42.43307949245432
        ]
      }
    },
    "winter_lst": {
      "city": {
        "mean": 6.739837397598671,
        "stdDev": 3.130671229772386,
        "count": 1320009,
        "stdError": 0.002724890256850826,
        "ci95": [
          6.734496612695243,
          6.745178182502099
        ]
      }
    },
    "lst_change": {
      "city": {
        "mean": 35.69061598366948,
        "stdDev": 4.281021049749262,
        "count": 1320009,
        "stdError": 0.003726137844465763,
        "ci95": [
          35.68331275349433,
          35.697919213844635
        ]
      }
    }
  }
}