{
  "city": "Tashkent",
  "year": 2022,
  "generated": {
    "summer_veg_tif": "suhi_analysis_output\\vegetation\\Tashkent\\Tashkent_ndvi_evi_summer_2022.tif",
    "winter_veg_tif": "suhi_analysis_output\\vegetation\\Tashkent\\Tashkent_ndvi_evi_winter_2022.tif",
    "ndvi_change_tif": "suhi_analysis_output\\vegetation\\Tashkent\\Tashkent_ndvi_change_2022.tif",
    "evi_change_tif": "suhi_analysis_output\\vegetation\\Tashkent\\Tashkent_evi_change_2022.tif",
    "summer_lst_tif": "suhi_analysis_output\\temperature\\Tashkent\\Tashkent_lst_summer_2022.tif",
    "winter_lst_tif": "suhi_analysis_output\\temperature\\Tashkent\\Tashkent_lst_winter_2022.tif",
    "lst_change_tif": "suhi_analysis_output\\temperature\\Tashkent\\Tashkent_lst_change_2022.tif"
  },
  "stats": {
    "summer_ndvi_mean": 0.31663350061584,
    "winter_ndvi_mean": 0.19439064010415316,
    "ndvi_change_mean": 0.12237109519480074,
    "summer_evi_mean": 0.23368591207509715,
    "winter_evi_mean": 0.10551047851396934,
    "evi_change_mean": 0.12827928022830434,
    "summer_lst_mean": 42.637236657849506,
    "winter_lst_mean": 11.894676796470977,
    "lst_change_mean": 30.75259594133088,
    "summer_biomass_t_per_ha": 5.51218270415077,
    "winter_biomass_t_per_ha": 3.1613584635414065,
    "biomass_change_t_per_ha": 2.3508242406093633
  },
  "uncertainty": {
    "summer_ndvi": {
      "city": {
        "mean": 0.31663350061584,
        "stdDev": 0.17546052355612857,
        "count": 1326648,
        "stdError": 0.0001523356561734053,
        "ci95": [
          0.3163349227297401,
          0.3169320785019399
        ]
      }
    },
    "winter_ndvi": {
      "city": {
        "mean": 0.19439064010415316,
        "stdDev": 0.11518186795090134,
        "count": 1322289,
        "stdError": 0.00010016613693196143,
        "ci95": [
          0.19419431447576652,
          0.1945869657325398
        ]
      }
    },
    "ndvi_change": {
      "city": {
        "mean": 0.12237109519480074,
        "stdDev": 0.1469399543202498,
        "count": 1322289,
        "stdError": 0.00012778406746704547,
        "ci95": [
          0.12212063842256533,
          0.12262155196703615
        ]
      }
    },
    "summer_evi": {
      "city": {
        "mean": 0.23368591207509715,
        "stdDev": 0.13099491426314847,
        "count": 1326648,
        "stdError": 0.00011373040394053176,
        "ci95": [
          0.2334630004833737,
          0.2339088236668206
        ]
      }
    },
    "winter_evi": {
      "city": {
        "mean": 0.10551047851396934,
        "stdDev": 0.07017862366185713,
        "count": 1322282,
        "stdError": 6.10299204133247e-05,
        "ci95": [
          0.10539085986995923,
          0.10563009715797946
        ]
      }
    },
    "evi_change": {
      "city": {
        "mean": 0.12827928022830434,
        "stdDev": 0.11707790850627643,
        "count": 1322282,
        "stdError": 0.00010181526888764117,
        "ci95": [
          0.12807972230128456,
          0.12847883815532413
        ]
      }
    },
    "summer_lst": {
      "city": {
        "mean": 42.637236657849506,
        "stdDev": 3.429750978451482,
        "count": 1326648,
        "stdError": 0.0029777260162263783,
        "ci95": [
          42.6314003148577,
          42.64307300084131
        ]
      }
    },
    "winter_lst": {
      "city": {
        "mean": 11.894676796470977,
        "stdDev": 1.861839421171907,
        "count": 1321847,
        "stdError": 0.00161939064701464,
        "ci95": [
          11.891502790802829,
          11.897850802139125
        ]
      }
    },
    "lst_change": {
      "city": {
        "mean": 30.75259594133088,
        "stdDev": 3.6616084896072993,
        "count": 1321847,
        "stdError": 0.003184793744117407,
        "ci95": [
          30.746353745592412,
          30.75883813706935
        ]
      }
    }
  }
}