{
  "city": "Tashkent",
  "year": 2019,
  "generated": {
    "summer_veg_tif": "D:\\dev\\Uzbekistan_URBAN_research\\suhi_analysis_output\\vegetation\\Tashkent\\Tashkent_ndvi_evi_summer_2019.tif",
    "winter_veg_tif": "D:\\dev\\Uzbekistan_URBAN_research\\suhi_analysis_output\\vegetation\\Tashkent\\Tashkent_ndvi_evi_winter_2019.tif",
    "ndvi_change_tif": "D:\\dev\\Uzbekistan_URBAN_research\\suhi_analysis_output\\vegetation\\Tashkent\\Tashkent_ndvi_change_2019.tif",
    "evi_change_tif": "D:\\dev\\Uzbekistan_URBAN_research\\suhi_analysis_output\\vegetation\\Tashkent\\Tashkent_evi_change_2019.tif",
    "summer_lst_tif": "D:\\dev\\Uzbekistan_URBAN_research\\suhi_analysis_output\\temperature\\Tashkent\\Tashkent_lst_summer_2019.tif",
    "winter_lst_tif": "D:\\dev\\Uzbekistan_URBAN_research\\suhi_analysis_output\\temperature\\Tashkent\\Tashkent_lst_winter_2019.tif",
    "lst_change_tif": "D:\\dev\\Uzbekistan_URBAN_research\\suhi_analysis_output\\temperature\\Tashkent\\Tashkent_lst_change_2019.tif"
  },
  "stats": {
    "summer_ndvi_mean": 0.32424502505807423,
    "winter_ndvi_mean": 0.22554385961818765,
    "ndvi_change_mean": 0.10002354218141007,
    "summer_evi_mean": 0.24211391094965312,
    "winter_evi_mean": 0.11450788871865826,
    "evi_change_mean": 0.12850687164142255,
    "summer_lst_mean": 41.315591177832125,
    "winter_lst_mean": 7.170735533736143,
    "lst_change_mean": 34.148816114126106,
    "summer_biomass_t_per_ha": 5.658558174193735,
    "winter_biomass_t_per_ha": 3.7604588388113007,
    "biomass_change_t_per_ha": 1.8980993353824345
  },
  "uncertainty": {
    "summer_ndvi": {
      "city": {
        "mean": 0.32424502505807423,
        "stdDev": 0.12872463789185573,
        "count": 4740,
        "stdError": 0.0018697024967203966,
        "ci95": [
          0.32058040816450223,
          0.32790964195164624
        ]
      }
    },
    "winter_ndvi": {
      "city": {
        "mean": 0.22554385961818765,
        "stdDev": 0.09523807738529726,
        "count": 4679,
        "stdError": 0.0013923040836191767,
        "ci95": [
          0.22281494361429408,
          0.22827277562208123
        ]
      }
    },
    "ndvi_change": {
      "city": {
        "mean": 0.10002354218141007,
        "stdDev": 0.10472280291860131,
        "count": 4679,
        "stdError": 0.0015309631415777005,
        "ci95": [
          0.09702285442391778,
          0.10302422993890237
        ]
      }
    },
    "summer_evi": {
      "city": {
        "mean": 0.24211391094965312,
        "stdDev": 0.09506209236547059,
        "count": 4740,
        "stdError": 0.001380760003290952,
        "ci95": [
          0.23940762134320287,
          0.24482020055610337
        ]
      }
    },
    "winter_evi": {
      "city": {
        "mean": 0.11450788871865826,
        "stdDev": 0.05026477384888512,
        "count": 4679,
        "stdError": 0.0007348305616131765,
        "ci95": [
          0.11306762081789644,
          0.11594815661942008
        ]
      }
    },
    "evi_change": {
      "city": {
        "mean": 0.12850687164142255,
        "stdDev": 0.08475250104113004,
        "count": 4679,
        "stdError": 0.0012390133918717763,
        "ci95": [
          0.12607840539335385,
          0.13093533788949124
        ]
      }
    },
    "summer_lst": {
      "city": {
        "mean": 41.315591177832125,
        "stdDev": 2.9758368357832823,
        "count": 4740,
        "stdError": 0.043223501365534246,
        "ci95": [
          41.23087311515568,
          41.40030924050857
        ]
      }
    },
    "winter_lst": {
      "city": {
        "mean": 7.170735533736143,
        "stdDev": 2.0058251425615596,
        "count": 4677,
        "stdError": 0.029329819200251767,
        "ci95": [
          7.113249088103649,
          7.228221979368636
        ]
      }
    },
    "lst_change": {
      "city": {
        "mean": 34.148816114126106,
        "stdDev": 3.228465813422682,
        "count": 4677,
        "stdError": 0.04720766361566082,
        "ci95": [
          34.05628909343941,
          34.2413431348128
        ]
      }
    }
  }
}