{
  "city": "Tashkent",
  "year": 2018,
  "generated": {
    "summer_veg_tif": "D:\\dev\\Uzbekistan_URBAN_research\\suhi_analysis_output\\vegetation\\Tashkent\\Tashkent_ndvi_evi_summer_2018.tif",
    "winter_veg_tif": "D:\\dev\\Uzbekistan_URBAN_research\\suhi_analysis_output\\vegetation\\Tashkent\\Tashkent_ndvi_evi_winter_2018.tif",
    "ndvi_change_tif": "D:\\dev\\Uzbekistan_URBAN_research\\suhi_analysis_output\\vegetation\\Tashkent\\Tashkent_ndvi_change_2018.tif",
    "evi_change_tif": "D:\\dev\\Uzbekistan_URBAN_research\\suhi_analysis_output\\vegetation\\Tashkent\\Tashkent_evi_change_2018.tif",
    "summer_lst_tif": "D:\\dev\\Uzbekistan_URBAN_research\\suhi_analysis_output\\temperature\\Tashkent\\Tashkent_lst_summer_2018.tif",
    "winter_lst_tif": "D:\\dev\\Uzbekistan_URBAN_research\\suhi_analysis_output\\temperature\\Tashkent\\Tashkent_lst_winter_2018.tif",
    "lst_change_tif": "D:\\dev\\Uzbekistan_URBAN_research\\suhi_analysis_output\\temperature\\Tashkent\\Tashkent_lst_change_2018.tif"
  },
  "stats": {
    "summer_ndvi_mean": 0.324104275052236,
    "winter_ndvi_mean": 0.14772063326213175,
    "ndvi_change_mean": 0.17686873132053946,
    "summer_evi_mean": 0.2427349880614154,
    "winter_evi_mean": 0.088100163931764,
    "evi_change_mean": 0.15499837111502715,
    "summer_lst_mean": 42.72754464389265,
    "winter_lst_mean": 3.968655389344174,
    "lst_change_mean": 38.76028189661343,
    "summer_biomass_t_per_ha": 5.655851443312231,
    "winter_biomass_t_per_ha": 2.263858331964072,
    "biomass_change_t_per_ha": 3.3919931113481585
  },
  "uncertainty": {
    "summer_ndvi": {
      "city": {
        "mean": 0.324104275052236,
        "stdDev": 0.12239038096710514,
        "count": 4740,
        "stdError": 0.0017776985402049054,
        "ci95": [
          0.3206199859134344,
          0.3275885641910376
        ]
      }
    },
    "winter_ndvi": {
      "city": {
        "mean": 0.14772063326213175,
        "stdDev": 0.055334744721606384,
        "count": 4721,
        "stdError": 0.0008053430414456069,
        "ci95": [
          0.14614216090089835,
          0.14929910562336515
        ]
      }
    },
    "ndvi_change": {
      "city": {
        "mean": 0.17686873132053946,
        "stdDev": 0.09812594700332078,
        "count": 4721,
        "stdError": 0.0014281271017326683,
        "ci95": [
          0.17406960220114343,
          0.1796678604399355
        ]
      }
    },
    "summer_evi": {
      "city": {
        "mean": 0.2427349880614154,
        "stdDev": 0.09138537807813563,
        "count": 4740,
        "stdError": 0.0013273563814564665,
        "ci95": [
          0.24013336955376074,
          0.24533660656907008
        ]
      }
    },
    "winter_evi": {
      "city": {
        "mean": 0.088100163931764,
        "stdDev": 0.03303490083229752,
        "count": 4721,
        "stdError": 0.0004807906432745925,
        "ci95": [
          0.0871578142709458,
          0.0890425135925822
        ]
      }
    },
    "evi_change": {
      "city": {
        "mean": 0.15499837111502715,
        "stdDev": 0.07762524425481288,
        "count": 4721,
        "stdError": 0.0011297594416608758,
        "ci95": [
          0.15278404260937184,
          0.15721269962068246
        ]
      }
    },
    "summer_lst": {
      "city": {
        "mean": 42.72754464389265,
        "stdDev": 2.9287852532644725,
        "count": 4740,
        "stdError": 0.042540085488427866,
        "ci95": [
          42.64416607633533,
          42.81092321144997
        ]
      }
    },
    "winter_lst": {
      "city": {
        "mean": 3.968655389344174,
        "stdDev": 2.3027710663189476,
        "count": 4717,
        "stdError": 0.03352878576781075,
        "ci95": [
          3.9029389692392646,
          4.034371809449083
        ]
      }
    },
    "lst_change": {
      "city": {
        "mean": 38.76028189661343,
        "stdDev": 3.5929245716402676,
        "count": 4717,
        "stdError": 0.05231366678364562,
        "ci95": [
          38.657747109717484,
          38.86281668350937
        ]
      }
    }
  }
}