{
  "city": "Tashkent",
  "year": 2017,
  "generated": {
    "summer_veg_tif": "D:\\dev\\Uzbekistan_URBAN_research\\suhi_analysis_output\\vegetation\\Tashkent\\Tashkent_ndvi_evi_summer_2017.tif",
    "winter_veg_tif": "D:\\dev\\Uzbekistan_URBAN_research\\suhi_analysis_output\\vegetation\\Tashkent\\Tashkent_ndvi_evi_winter_2017.tif",
    "ndvi_change_tif": "D:\\dev\\Uzbekistan_URBAN_research\\suhi_analysis_output\\vegetation\\Tashkent\\Tashkent_ndvi_change_2017.tif",
    "evi_change_tif": "D:\\dev\\Uzbekistan_URBAN_research\\suhi_analysis_output\\vegetation\\Tashkent\\Tashkent_evi_change_2017.tif",
    "summer_lst_tif": "D:\\dev\\Uzbekistan_URBAN_research\\suhi_analysis_output\\temperature\\Tashkent\\Tashkent_lst_summer_2017.tif",
    "winter_lst_tif": "D:\\dev\\Uzbekistan_URBAN_research\\suhi_analysis_output\\temperature\\Tashkent\\Tashkent_lst_winter_2017.tif",
    "lst_change_tif": "D:\\dev\\Uzbekistan_URBAN_research\\suhi_analysis_output\\temperature\\Tashkent\\Tashkent_lst_change_2017.tif"
  },
  "stats": {
    "summer_ndvi_mean": 0.3479540740518342,
    "winter_ndvi_mean": 0.20619459831365766,
    "ndvi_change_mean": 0.1500216093741798,
    "summer_evi_mean": 0.260155254598121,
    "winter_evi_mean": 0.09699490556912861,
    "evi_change_mean": 0.17280931857504817,
    "summer_lst_mean": 30.21832254046443,
    "winter_lst_mean": 2.0308993515217812,
    "lst_change_mean": 28.18742318894265,
    "summer_biomass_t_per_ha": 6.114501424073734,
    "winter_biomass_t_per_ha": 3.388357659878032,
    "biomass_change_t_per_ha": 2.7261437641957023
  },
  "uncertainty": {
    "summer_ndvi": {
      "city": {
        "mean": 0.3479540740518342,
        "stdDev": 0.1710421548709325,
        "count": 1326455,
        "stdError": 0.00014851041058789406,
        "ci95": [
          0.3476629936470819,
          0.3482451544565865
        ]
      }
    },
    "winter_ndvi": {
      "city": {
        "mean": 0.20619459831365766,
        "stdDev": 0.1157565866384194,
        "count": 726781,
        "stdError": 0.0001357825403147504,
        "ci95": [
          0.20592846453464075,
          0.20646073209267457
        ]
      }
    },
    "ndvi_change": {
      "city": {
        "mean": 0.1500216093741798,
        "stdDev": 0.13873596820708312,
        "count": 726760,
        "stdError": 0.00016273971879837183,
        "ci95": [
          0.149702639525335,
          0.1503405792230246
        ]
      }
    },
    "summer_evi": {
      "city": {
        "mean": 0.260155254598121,
        "stdDev": 0.13044557267788856,
        "count": 1326455,
        "stdError": 0.0001132617019025784,
        "ci95": [
          0.25993326166239195,
          0.26037724753385005
        ]
      }
    },
    "winter_evi": {
      "city": {
        "mean": 0.09699490556912861,
        "stdDev": 0.0575135582881675,
        "count": 726776,
        "stdError": 6.746366782737549e-05,
        "ci95": [
          0.09686267678018695,
          0.09712713435807027
        ]
      }
    },
    "evi_change": {
      "city": {
        "mean": 0.17280931857504817,
        "stdDev": 0.11234129775468663,
        "count": 726755,
        "stdError": 0.00013177876172049686,
        "ci95": [
          0.172551032202076,
          0.17306760494802034
        ]
      }
    },
    "summer_lst": {
      "city": {
        "mean": 30.21832254046443,
        "stdDev": 1.3566559067997692,
        "count": 1326648,
        "stdError": 0.0011778550728976805,
        "ci95": [
          30.216013944521553,
          30.22063113640731
        ]
      }
    },
    "winter_lst": {
      "city": {
        "mean": 2.0308993515217812,
        "stdDev": 0.6391969933996254,
        "count": 1326648,
        "stdError": 0.0005549538519554855,
        "ci95": [
          2.0298116419719485,
          2.031987061071614
        ]
      }
    },
    "lst_change": {
      "city": {
        "mean": 28.18742318892713,
        "stdDev": 1.3346669993234204,
        "count": 1326648,
        "stdError": 0.0011587641994575684,
        "ci95": [
          28.185152011096193,
          28.18969436675807
        ]
      }
    }
  }
}