{
  "city": "Fergana",
  "year": 2018,
  "stats": {
    "urban_mean": 40.06756783746109,
    "rural_mean": 39.482451125127426,
    "suhi": 0.5851167123336651,
    "uncertainty": {
      "urban_core": {
        "mean": 40.06756783746109,
        "stdDev": 4.393173127878537,
        "count": 9412,
        "stdError": 0.04528322605788281,
        "ci95": [
          39.978812714387644,
          40.15632296053454
        ]
      },
      "rural_ring": {
        "mean": 39.482451125127426,
        "stdDev": 4.007743212268893,
        "count": 205,
        "stdError": 0.27991292771134824,
        "ci95": [
          38.93382178681318,
          40.03108046344167
        ]
      }
    }
  }
}