{
  "city": "Fergana",
  "year": 2020,
  "stats": {
    "day_urban_mean": 39.411277010083786,
    "day_rural_mean": 38.198804644272094,
    "suhi_day": 1.212472365811692,
    "night_urban_mean": 21.00330043216138,
    "night_rural_mean": 19.714840737063355,
    "suhi_night": 1.2884596950980267,
    "suhi_day_night_diff": -0.07598732928633467,
    "day_stronger_than_night": false,
    "uncertainty_day": {
      "urban_core": {
        "mean": 39.411277010083786,
        "stdDev": 2.697845698321397,
        "count": 590,
        "stdError": 0.11106854969846681,
        "ci95": [
          39.19358265267479,
          39.62897136749278
        ]
      },
      "rural_ring": {
        "mean": 38.198804644272094,
        "stdDev": 3.582439289862079,
        "count": 4994,
        "stdError": 0.050693767691984325,
        "ci95": [
          38.099444859595806,
          38.29816442894838
        ]
      }
    },
    "uncertainty_night": {
      "urban_core": {
        "mean": 21.00330043216138,
        "stdDev": 1.1846627011933863,
        "count": 590,
        "stdError": 0.048771791576251396,
        "ci95": [
          20.90770772067193,
          21.098893143650834
        ]
      },
      "rural_ring": {
        "mean": 19.714840737063355,
        "stdDev": 1.643349665241661,
        "count": 4994,
        "stdError": 0.023254430689785183,
        "ci95": [
          19.669262052911375,
          19.760419421215335
        ]
      }
    }
  }
}