{
  "city": "Fergana",
  "year": 2019,
  "stats": {
    "day_urban_mean": 39.8528998159313,
    "day_rural_mean": 38.55786908940098,
    "suhi_day": 1.295030726530321,
    "night_urban_mean": 21.78329162887479,
    "night_rural_mean": 20.674764817148137,
    "suhi_night": 1.1085268117266516,
    "suhi_day_night_diff": 0.18650391480366935,
    "day_stronger_than_night": true,
    "uncertainty_day": {
      "urban_core": {
        "mean": 39.8528998159313,
        "stdDev": 2.774436925566847,
        "count": 590,
        "stdError": 0.11422176062341734,
        "ci95": [
          39.629025165109404,
          40.0767744667532
        ]
      },
      "rural_ring": {
        "mean": 38.55786908940098,
        "stdDev": 3.818383915066513,
        "count": 4994,
        "stdError": 0.05403253244150402,
        "ci95": [
          38.451965325815635,
          38.66377285298633
        ]
      }
    },
    "uncertainty_night": {
      "urban_core": {
        "mean": 21.78329162887479,
        "stdDev": 1.11184476729252,
        "count": 590,
        "stdError": 0.0457739246799199,
        "ci95": [
          21.693574736502146,
          21.87300852124743
        ]
      },
      "rural_ring": {
        "mean": 20.674764817148137,
        "stdDev": 1.6272653168619242,
        "count": 4994,
        "stdError": 0.023026827050402727,
        "ci95": [
          20.629632236129346,
          20.71989739816693
        ]
      }
    }
  }
}