{
  "city": "Fergana",
  "year": 2017,
  "stats": {
    "urban_mean": 31.949726488567155,
    "rural_mean": 31.358319300276726,
    "suhi": 0.5914071882904288,
    "uncertainty": {
      "urban_core": {
        "mean": 31.949726488567155,
        "stdDev": 3.5812960836016123,
        "count": 9412,
        "stdError": 0.03691469364246415,
        "ci95": [
          31.877373689027927,
          32.02207928810638
        ]
      },
      "rural_ring": {
        "mean": 31.358319300276726,
        "stdDev": 3.705989074934762,
        "count": 205,
        "stdError": 0.2588375045725511,
        "ci95": [
          30.850997791314526,
          31.865640809238926
        ]
      }
    }
  }
}