{
  "city": "Fergana",
  "year": 2016,
  "stats": {
    "day_urban_mean": 39.641097476391174,
    "day_rural_mean": 38.45111782550924,
    "suhi_day": 1.1899796508819307,
    "night_urban_mean": 22.26414368030734,
    "night_rural_mean": 21.062696912616296,
    "suhi_night": 1.201446767691042,
    "suhi_day_night_diff": -0.011467116809111388,
    "day_stronger_than_night": false,
    "uncertainty_day": {
      "urban_core": {
        "mean": 39.641097476391174,
        "stdDev": 2.5693577728369474,
        "count": 590,
        "stdError": 0.10577878551877265,
        "ci95": [
          39.43377105677438,
          39.848423896007965
        ]
      },
      "rural_ring": {
        "mean": 38.45111782550924,
        "stdDev": 3.5726328117737274,
        "count": 4994,
        "stdError": 0.05055499986317722,
        "ci95": [
          38.35203002577742,
          38.55020562524107
        ]
      }
    },
    "uncertainty_night": {
      "urban_core": {
        "mean": 22.26414368030734,
        "stdDev": 1.26048638157143,
        "count": 590,
        "stdError": 0.05189340309674322,
        "ci95": [
          22.162432610237722,
          22.365854750376954
        ]
      },
      "rural_ring": {
        "mean": 21.062696912616296,
        "stdDev": 1.7246619040275146,
        "count": 4994,
        "stdError": 0.024405049977372306,
        "ci95": [
          21.014863014660648,
          21.110530810571944
        ]
      }
    }
  }
}