{
  "city": "Fergana",
  "year": 2024,
  "stats": {
    "urban_mean": 34.814529112705436,
    "rural_mean": 34.316179442029316,
    "suhi": 0.4983496706761201,
    "uncertainty": {
      "urban_core": {
        "mean": 34.814529112705436,
        "stdDev": 3.444635716723315,
        "count": 9412,
        "stdError": 0.03550604843173203,
        "ci95": [
          34.74493725777924,
          34.88412096763163
        ]
      },
      "rural_ring": {
        "mean": 34.316179442029316,
        "stdDev": 3.5326167054526483,
        "count": 205,
        "stdError": 0.2467286530429846,
        "ci95": [
          33.83259128206507,
          34.799767601993565
        ]
      }
    }
  }
}