{
  "city": "Fergana",
  "year": 2018,
  "stats": {
    "urban_mean": 40.001962540361696,
    "rural_mean": 39.505689572687444,
    "suhi": 0.4962729676742512,
    "uncertainty": {
      "urban_core": {
        "mean": 40.001962540361696,
        "stdDev": 4.25270095746868,
        "count": 2350,
        "stdError": 0.0877265224303662,
        "ci95": [
          39.83001855639818,
          40.17390652432521
        ]
      },
      "rural_ring": {
        "mean": 39.505689572687444,
        "stdDev": 4.0933575435820755,
        "count": 109,
        "stdError": 0.3920725450051196,
        "ci95": [
          38.73722738447741,
          40.27415176089748
        ]
      }
    }
  }
}