{
  "city": "Fergana",
  "year": 2022,
  "stats": {
    "day_urban_mean": 38.47953689377367,
    "day_rural_mean": 37.21157564655633,
    "suhi_day": 1.2679612472173432,
    "night_urban_mean": 22.344261657685582,
    "night_rural_mean": 21.146601812023466,
    "suhi_night": 1.1976598456621161,
    "suhi_day_night_diff": 0.07030140155522702,
    "day_stronger_than_night": true,
    "uncertainty_day": {
      "urban_core": {
        "mean": 38.47953689377367,
        "stdDev": 2.455533201554697,
        "count": 590,
        "stdError": 0.1010927020781091,
        "ci95": [
          38.281395197700576,
          38.677678589846764
        ]
      },
      "rural_ring": {
        "mean": 37.21157564655633,
        "stdDev": 3.4039688521047013,
        "count": 4994,
        "stdError": 0.048168298820212445,
        "ci95": [
          37.11716578086871,
          37.30598551224394
        ]
      }
    },
    "uncertainty_night": {
      "urban_core": {
        "mean": 22.344261657685582,
        "stdDev": 1.021281362913151,
        "count": 590,
        "stdError": 0.04204548832552392,
        "ci95": [
          22.261852500567556,
          22.426670814803607
        ]
      },
      "rural_ring": {
        "mean": 21.146601812023466,
        "stdDev": 1.652820147875813,
        "count": 4994,
        "stdError": 0.02338844397172559,
        "ci95": [
          21.100760461838885,
          21.192443162208047
        ]
      }
    }
  }
}