{
  "city": "Fergana",
  "year": 2021,
  "stats": {
    "day_urban_mean": 38.810291908979345,
    "day_rural_mean": 37.84636500315778,
    "suhi_day": 0.963926905821566,
    "night_urban_mean": 21.46386444272532,
    "night_rural_mean": 20.350666186455825,
    "suhi_night": 1.113198256269495,
    "suhi_day_night_diff": -0.14927135044792905,
    "day_stronger_than_night": false,
    "uncertainty_day": {
      "urban_core": {
        "mean": 38.810291908979345,
        "stdDev": 2.6815718957795722,
        "count": 590,
        "stdError": 0.11039856785053372,
        "ci95": [
          38.5939107159923,
          39.02667310196639
        ]
      },
      "rural_ring": {
        "mean": 37.84636500315778,
        "stdDev": 3.788373547090134,
        "count": 4994,
        "stdError": 0.05360786687163638,
        "ci95": [
          37.74129358408937,
          37.95143642222619
        ]
      }
    },
    "uncertainty_night": {
      "urban_core": {
        "mean": 21.46386444272532,
        "stdDev": 1.2016894361712764,
        "count": 590,
        "stdError": 0.04947277116202647,
        "ci95": [
          21.36689781124775,
          21.56083107420289
        ]
      },
      "rural_ring": {
        "mean": 20.350666186455825,
        "stdDev": 1.5138870459126996,
        "count": 4994,
        "stdError": 0.02142245325261532,
        "ci95": [
          20.3086781780807,
          20.39265419483095
        ]
      }
    }
  }
}