{
  "city": "Fergana",
  "year": 2016,
  "stats": {
    "urban_mean": 30.5712890086255,
    "rural_mean": 30.044442525661808,
    "suhi": 0.5268464829636912,
    "uncertainty": {
      "urban_core": {
        "mean": 30.5712890086255,
        "stdDev": 3.352512392241562,
        "count": 9412,
        "stdError": 0.03455647480777486,
        "ci95": [
          30.50355831800226,
          30.63901969924874
        ]
      },
      "rural_ring": {
        "mean": 30.044442525661808,
        "stdDev": 2.948009099549094,
        "count": 205,
        "stdError": 0.20589788673294818,
        "ci95": [
          29.640882667665228,
          30.448002383658388
        ]
      }
    }
  }
}