{
  "city": "Fergana",
  "year": 2020,
  "stats": {
    "urban_mean": 35.14104731448651,
    "rural_mean": 34.48471968899441,
    "suhi": 0.6563276254920964,
    "uncertainty": {
      "urban_core": {
        "mean": 35.14104731448651,
        "stdDev": 3.7852768027256927,
        "count": 9412,
        "stdError": 0.03901725248698793,
        "ci95": [
          35.06457349961201,
          35.217521129361
        ]
      },
      "rural_ring": {
        "mean": 34.48471968899441,
        "stdDev": 3.5592270261096903,
        "count": 205,
        "stdError": 0.24858719845568672,
        "ci95": [
          33.997488780021264,
          34.971950597967556
        ]
      }
    }
  }
}