{
  "city": "Fergana",
  "year": 2022,
  "stats": {
    "urban_mean": 34.76417013950149,
    "rural_mean": 34.47555855894902,
    "suhi": 0.2886115805524696,
    "uncertainty": {
      "urban_core": {
        "mean": 34.76417013950149,
        "stdDev": 3.2745027928742925,
        "count": 9412,
        "stdError": 0.03375238031388479,
        "ci95": [
          34.698015474086276,
          34.8303248049167
        ]
      },
      "rural_ring": {
        "mean": 34.47555855894902,
        "stdDev": 3.3406782489787337,
        "count": 205,
        "stdError": 0.23332308975052135,
        "ci95": [
          34.01824530303799,
          34.93287181486004
        ]
      }
    }
  }
}