{
  "city": "Fergana",
  "year": 2024,
  "stats": {
    "day_urban_mean": 37.483907125326795,
    "day_rural_mean": 36.189688512331024,
    "suhi_day": 1.2942186129957705,
    "night_urban_mean": 23.20427186149497,
    "night_rural_mean": 21.674735085448305,
    "suhi_night": 1.5295367760466654,
    "suhi_day_night_diff": -0.23531816305089492,
    "day_stronger_than_night": false,
    "uncertainty_day": {
      "urban_core": {
        "mean": 37.483907125326795,
        "stdDev": 2.3822862905461437,
        "count": 590,
        "stdError": 0.09807717447374145,
        "ci95": [
          37.291675863358265,
          37.676138387295325
        ]
      },
      "rural_ring": {
        "mean": 36.189688512331024,
        "stdDev": 3.5720408321639656,
        "count": 4994,
        "stdError": 0.0505466229796106,
        "ci95": [
          36.09061713129099,
          36.28875989337106
        ]
      }
    },
    "uncertainty_night": {
      "urban_core": {
        "mean": 23.20427186149497,
        "stdDev": 1.0337748995541283,
        "count": 590,
        "stdError": 0.042559839089239354,
        "ci95": [
          23.12085457688006,
          23.28768914610988
        ]
      },
      "rural_ring": {
        "mean": 21.674735085448305,
        "stdDev": 1.7026776664779466,
        "count": 4994,
        "stdError": 0.024093959197864327,
        "ci95": [
          21.62751092542049,
          21.721959245476118
        ]
      }
    }
  }
}