{
  "city": "Fergana",
  "year": 2023,
  "stats": {
    "day_urban_mean": 38.3470847116257,
    "day_rural_mean": 37.42255660412943,
    "suhi_day": 0.9245281074962648,
    "night_urban_mean": 22.07965613829168,
    "night_rural_mean": 21.109769695189204,
    "suhi_night": 0.9698864431024745,
    "suhi_day_night_diff": -0.04535833560620972,
    "day_stronger_than_night": false,
    "uncertainty_day": {
      "urban_core": {
        "mean": 38.3470847116257,
        "stdDev": 2.8307343393590423,
        "count": 590,
        "stdError": 0.11653948847033022,
        "ci95": [
          38.11866731422385,
          38.575502109027546
        ]
      },
      "rural_ring": {
        "mean": 37.42255660412943,
        "stdDev": 3.538818289137629,
        "count": 4994,
        "stdError": 0.050076503113775025,
        "ci95": [
          37.32440665802643,
          37.52070655023243
        ]
      }
    },
    "uncertainty_night": {
      "urban_core": {
        "mean": 22.07965613829168,
        "stdDev": 1.2209326711472477,
        "count": 590,
        "stdError": 0.05026500260862765,
        "ci95": [
          21.98113673317877,
          22.17817554340459
        ]
      },
      "rural_ring": {
        "mean": 21.109769695189204,
        "stdDev": 1.6153833198933274,
        "count": 4994,
        "stdError": 0.02285868932487379,
        "ci95": [
          21.06496666411245,
          21.154572726265958
        ]
      }
    }
  }
}