{
  "city": "Fergana",
  "year": 2023,
  "stats": {
    "urban_mean": 31.092271777233172,
    "rural_mean": 30.820828697571944,
    "suhi": 0.2714430796612284,
    "uncertainty": {
      "urban_core": {
        "mean": 31.092271777233172,
        "stdDev": 3.594740834171755,
        "count": 9412,
        "stdError": 0.03705327722695713,
        "ci95": [
          31.019647353868336,
          31.164896200598008
        ]
      },
      "rural_ring": {
        "mean": 30.820828697571944,
        "stdDev": 3.8975805961144934,
        "count": 205,
        "stdError": 0.27221883685300147,
        "ci95": [
          30.28727977734006,
          31.354377617803827
        ]
      }
    }
  }
}