{
  "city": "Fergana",
  "year": 2019,
  "stats": {
    "urban_mean": 36.75848020007473,
    "rural_mean": 36.218880689198194,
    "suhi": 0.5395995108765348,
    "uncertainty": {
      "urban_core": {
        "mean": 36.75848020007473,
        "stdDev": 4.119593034500068,
        "count": 9412,
        "stdError": 0.04246326225204564,
        "ci95": [
          36.67525220606072,
          36.84170819408874
        ]
      },
      "rural_ring": {
        "mean": 36.218880689198194,
        "stdDev": 4.135948832477734,
        "count": 205,
        "stdError": 0.2888671966355265,
        "ci95": [
          35.65270098379256,
          36.785060394603825
        ]
      }
    }
  }
}