{
  "city": "Fergana",
  "year": 2018,
  "stats": {
    "day_urban_mean": 39.544258323107336,
    "day_rural_mean": 38.37923532581555,
    "suhi_day": 1.1650229972917856,
    "night_urban_mean": 22.08285599957321,
    "night_rural_mean": 20.83713953554141,
    "suhi_night": 1.2457164640317977,
    "suhi_day_night_diff": -0.0806934667400121,
    "day_stronger_than_night": false,
    "uncertainty_day": {
      "urban_core": {
        "mean": 39.544258323107336,
        "stdDev": 2.7550915661331965,
        "count": 590,
        "stdError": 0.11342532477942967,
        "ci95": [
          39.32194468653965,
          39.76657195967502
        ]
      },
      "rural_ring": {
        "mean": 38.37923532581555,
        "stdDev": 3.588149875753821,
        "count": 4994,
        "stdError": 0.0507745760717384,
        "ci95": [
          38.279717156714945,
          38.478753494916155
        ]
      }
    },
    "uncertainty_night": {
      "urban_core": {
        "mean": 22.08285599957321,
        "stdDev": 1.1609003212482762,
        "count": 590,
        "stdError": 0.04779350987558576,
        "ci95": [
          21.98918072021706,
          22.176531278929357
        ]
      },
      "rural_ring": {
        "mean": 20.83713953554141,
        "stdDev": 1.5999668320309366,
        "count": 4994,
        "stdError": 0.02264053633159517,
        "ci95": [
          20.792764084331484,
          20.881514986751338
        ]
      }
    }
  }
}