{
  "city": "Fergana",
  "year": 2017,
  "stats": {
    "day_urban_mean": 39.335864989596125,
    "day_rural_mean": 38.138831571687604,
    "suhi_day": 1.1970334179085214,
    "night_urban_mean": 21.821340033612593,
    "night_rural_mean": 20.776045220462304,
    "suhi_night": 1.0452948131502886,
    "suhi_day_night_diff": 0.15173860475823275,
    "day_stronger_than_night": true,
    "uncertainty_day": {
      "urban_core": {
        "mean": 39.335864989596125,
        "stdDev": 3.2023263649958746,
        "count": 590,
        "stdError": 0.13183769006602492,
        "ci95": [
          39.07746311706671,
          39.59426686212554
        ]
      },
      "rural_ring": {
        "mean": 38.138831571687604,
        "stdDev": 3.763904143914268,
        "count": 4994,
        "stdError": 0.05326160943646667,
        "ci95": [
          38.03443881719213,
          38.243224326183075
        ]
      }
    },
    "uncertainty_night": {
      "urban_core": {
        "mean": 21.821340033612593,
        "stdDev": 1.198916424139293,
        "count": 590,
        "stdError": 0.04935860806334353,
        "ci95": [
          21.72459716180844,
          21.918082905416746
        ]
      },
      "rural_ring": {
        "mean": 20.776045220462304,
        "stdDev": 1.728119602626477,
        "count": 4994,
        "stdError": 0.024453978585882358,
        "ci95": [
          20.728115422433977,
          20.823975018490632
        ]
      }
    }
  }
}