{
  "city": "Fergana",
  "year": 2021,
  "stats": {
    "urban_mean": 36.2662115674088,
    "rural_mean": 35.36363117676618,
    "suhi": 0.9025803906426262,
    "uncertainty": {
      "urban_core": {
        "mean": 36.2662115674088,
        "stdDev": 4.269444662838722,
        "count": 9412,
        "stdError": 0.04400787817399497,
        "ci95": [
          36.179956126187776,
          36.35246700862983
        ]
      },
      "rural_ring": {
        "mean": 35.36363117676618,
        "stdDev": 4.250125551928901,
        "count": 205,
        "stdError": 0.2968416446291544,
        "ci95": [
          34.781821553293035,
          35.94544080023932
        ]
      }
    }
  }
}