{
  "city": "Nukus",
  "aridity_index": 0.04292538838011557,
  "climatic_water_deficit": 2505.3920572257093,
  "drought_frequency": 0.25,
  "surface_water_change": -68.29712460063898,
  "cropland_fraction": 0.22510248287847162,
  "population_density": 1572.5544738062124,
  "aqueduct_bws_score": null,
  "water_supply_risk": 0.8131884984025559,
  "water_demand_risk": 0.6151434760298602,
  "overall_water_scarcity_score": 0.7339704894534775,
  "water_scarcity_level": "Critical"
}