{
  "city": "Nukus",
  "aridity_index": 0.1307142644919903,
  "climatic_water_deficit": 782.2436368675782,
  "drought_frequency": 0.24583333333333332,
  "surface_water_change": -68.29712460063898,
  "cropland_fraction": 0.22510248287847162,
  "population_density": 1572.5544738062124,
  "aqueduct_bws_score": 3.0,
  "water_supply_risk": 0.7168793635217132,
  "water_demand_risk": 0.6151434760298602,
  "overall_water_scarcity_score": 0.676185008524972,
  "water_scarcity_level": "High"
}