{
  "city": "Samarkand",
  "year": 2018,
  "stats": {
    "day_urban_mean": 39.71068936692305,
    "day_rural_mean": 39.69479986216555,
    "suhi_day": 0.015889504757495843,
    "night_urban_mean": 19.348885323482047,
    "night_rural_mean": 18.676389674485268,
    "suhi_night": 0.6724956489967795,
    "suhi_day_night_diff": -0.6566061442392837,
    "day_stronger_than_night": false,
    "uncertainty_day": {
      "urban_core": {
        "mean": 39.71068936692305,
        "stdDev": 2.129103593131824,
        "count": 580,
        "stdError": 0.08840621477497712,
        "ci95": [
          39.53741318596409,
          39.883965547882006
        ]
      },
      "rural_ring": {
        "mean": 39.69479986216555,
        "stdDev": 3.5349616860220547,
        "count": 4953,
        "stdError": 0.05022853911935107,
        "ci95": [
          39.596351925491625,
          39.79324779883948
        ]
      }
    },
    "uncertainty_night": {
      "urban_core": {
        "mean": 19.348885323482047,
        "stdDev": 1.1168893331040295,
        "count": 580,
        "stdError": 0.04637630530557387,
        "ci95": [
          19.257987765083122,
          19.439782881880973
        ]
      },
      "rural_ring": {
        "mean": 18.676389674485268,
        "stdDev": 1.3122311788026126,
        "count": 4953,
        "stdError": 0.01864559249927553,
        "ci95": [
          18.63984431318669,
          18.712935035783847
        ]
      }
    }
  }
}