{
  "city": "Samarkand",
  "year": 2018,
  "stats": {
    "urban_mean": 38.60250488021957,
    "rural_mean": 37.600353747579526,
    "suhi": 1.0021511326400443,
    "uncertainty": {
      "urban_core": {
        "mean": 38.60250488021957,
        "stdDev": 3.3764370420139236,
        "count": 2327,
        "stdError": 0.06999394380666475,
        "ci95": [
          38.465316750358504,
          38.739693010080636
        ]
      },
      "rural_ring": {
        "mean": 37.600353747579526,
        "stdDev": 3.27091335490816,
        "count": 105,
        "stdError": 0.3192084581663205,
        "ci95": [
          36.97470516957354,
          38.22600232558551
        ]
      }
    }
  }
}