{
  "city": "Samarkand",
  "year": 2018,
  "stats": {
    "urban_mean": 38.60363769289868,
    "rural_mean": 37.832971803577514,
    "suhi": 0.7706658893211653,
    "uncertainty": {
      "urban_core": {
        "mean": 38.60363769289868,
        "stdDev": 3.641898539647905,
        "count": 9305,
        "stdError": 0.03775458091010894,
        "ci95": [
          38.52963871431486,
          38.677636671482496
        ]
      },
      "rural_ring": {
        "mean": 37.832971803577514,
        "stdDev": 3.567051856179818,
        "count": 205,
        "stdError": 0.24913370829370932,
        "ci95": [
          37.344669735321844,
          38.321273871833185
        ]
      }
    }
  }
}