{
  "city": "Samarkand",
  "year": 2024,
  "stats": {
    "day_urban_mean": 37.133255785734,
    "day_rural_mean": 36.1833888932117,
    "suhi_day": 0.9498668925223015,
    "night_urban_mean": 21.395498149508896,
    "night_rural_mean": 20.029555666535916,
    "suhi_night": 1.3659424829729794,
    "suhi_day_night_diff": -0.4160755904506779,
    "day_stronger_than_night": false,
    "uncertainty_day": {
      "urban_core": {
        "mean": 37.133255785734,
        "stdDev": 1.7474986472097618,
        "count": 580,
        "stdError": 0.07256093185064806,
        "ci95": [
          36.99103635930673,
          37.27547521216127
        ]
      },
      "rural_ring": {
        "mean": 36.1833888932117,
        "stdDev": 2.9244889496698625,
        "count": 4953,
        "stdError": 0.04155428563580933,
        "ci95": [
          36.10194249336551,
          36.264835293057885
        ]
      }
    },
    "uncertainty_night": {
      "urban_core": {
        "mean": 21.395498149508896,
        "stdDev": 1.1571005363879157,
        "count": 580,
        "stdError": 0.04804598464167718,
        "ci95": [
          21.30132801961121,
          21.489668279406583
        ]
      },
      "rural_ring": {
        "mean": 20.029555666535916,
        "stdDev": 1.2786150446768354,
        "count": 4953,
        "stdError": 0.01816793829593449,
        "ci95": [
          19.993946507475886,
          20.065164825595946
        ]
      }
    }
  }
}