{
  "city": "Samarkand",
  "year": 2023,
  "stats": {
    "day_urban_mean": 39.45423401802626,
    "day_rural_mean": 38.715057420431556,
    "suhi_day": 0.7391765975947067,
    "night_urban_mean": 20.857645528148364,
    "night_rural_mean": 19.724551807806755,
    "suhi_night": 1.1330937203416092,
    "suhi_day_night_diff": -0.3939171227469025,
    "day_stronger_than_night": false,
    "uncertainty_day": {
      "urban_core": {
        "mean": 39.45423401802626,
        "stdDev": 2.053005984606782,
        "count": 580,
        "stdError": 0.08524643356713506,
        "ci95": [
          39.28715100823468,
          39.621317027817845
        ]
      },
      "rural_ring": {
        "mean": 38.715057420431556,
        "stdDev": 3.453051382742518,
        "count": 4953,
        "stdError": 0.0490646693979839,
        "ci95": [
          38.61889066841151,
          38.8112241724516
        ]
      }
    },
    "uncertainty_night": {
      "urban_core": {
        "mean": 20.857645528148364,
        "stdDev": 1.1725295200242905,
        "count": 580,
        "stdError": 0.0486866383165463,
        "ci95": [
          20.762219717047934,
          20.953071339248794
        ]
      },
      "rural_ring": {
        "mean": 19.724551807806755,
        "stdDev": 1.3371721764051294,
        "count": 4953,
        "stdError": 0.018999981028777074,
        "ci95": [
          19.68731184499035,
          19.76179177062316
        ]
      }
    }
  }
}