{
  "city": "Samarkand",
  "year": 2020,
  "stats": {
    "urban_mean": 36.84601980192459,
    "rural_mean": 35.83717532749746,
    "suhi": 1.0088444744271285,
    "uncertainty": {
      "urban_core": {
        "mean": 36.84601980192459,
        "stdDev": 3.3747699069250916,
        "count": 9305,
        "stdError": 0.03498533034814374,
        "ci95": [
          36.77744855444223,
          36.91459104940695
        ]
      },
      "rural_ring": {
        "mean": 35.83717532749746,
        "stdDev": 3.413854787492125,
        "count": 205,
        "stdError": 0.23843396089425153,
        "ci95": [
          35.36984476414473,
          36.304505890850194
        ]
      }
    }
  }
}