{
  "city": "Samarkand",
  "year": 2022,
  "stats": {
    "urban_mean": 36.05226195149293,
    "rural_mean": 35.17052934963052,
    "suhi": 0.8817326018624101,
    "uncertainty": {
      "urban_core": {
        "mean": 36.05226195149293,
        "stdDev": 3.146817209490197,
        "count": 9305,
        "stdError": 0.0326222061519888,
        "ci95": [
          35.98832242743503,
          36.11620147555083
        ]
      },
      "rural_ring": {
        "mean": 35.17052934963052,
        "stdDev": 3.1967971118141203,
        "count": 205,
        "stdError": 0.22327399523196695,
        "ci95": [
          34.73291231897586,
          35.60814638028518
        ]
      }
    }
  }
}