{
  "city": "Samarkand",
  "year": 2019,
  "stats": {
    "urban_mean": 36.15108637360006,
    "rural_mean": 35.275648135458475,
    "suhi": 0.8754382381415837,
    "uncertainty": {
      "urban_core": {
        "mean": 36.15108637360006,
        "stdDev": 3.1700308125075476,
        "count": 9305,
        "stdError": 0.0328628553199413,
        "ci95": [
          36.08667517717297,
          36.215497570027146
        ]
      },
      "rural_ring": {
        "mean": 35.275648135458475,
        "stdDev": 3.1061692755421193,
        "count": 205,
        "stdError": 0.2169442725827259,
        "ci95": [
          34.850437361196335,
          35.700858909720615
        ]
      }
    }
  }
}