{
  "city": "Samarkand",
  "year": 2016,
  "stats": {
    "day_urban_mean": 38.73179103270211,
    "day_rural_mean": 38.526240644963494,
    "suhi_day": 0.20555038773861867,
    "night_urban_mean": 19.707331113193447,
    "night_rural_mean": 19.1408592500727,
    "suhi_night": 0.5664718631207464,
    "suhi_day_night_diff": -0.3609214753821277,
    "day_stronger_than_night": false,
    "uncertainty_day": {
      "urban_core": {
        "mean": 38.73179103270211,
        "stdDev": 1.9749533238522323,
        "count": 580,
        "stdError": 0.08200547323402367,
        "ci95": [
          38.57106030516343,
          38.8925217602408
        ]
      },
      "rural_ring": {
        "mean": 38.526240644963494,
        "stdDev": 3.2426041266947236,
        "count": 4953,
        "stdError": 0.046074408350812036,
        "ci95": [
          38.4359348045959,
          38.616546485331085
        ]
      }
    },
    "uncertainty_night": {
      "urban_core": {
        "mean": 19.707331113193447,
        "stdDev": 1.036536028972374,
        "count": 580,
        "stdError": 0.043039815955850456,
        "ci95": [
          19.62297307391998,
          19.791689152466915
        ]
      },
      "rural_ring": {
        "mean": 19.1408592500727,
        "stdDev": 1.3513049350317463,
        "count": 4953,
        "stdError": 0.0192007944696549,
        "ci95": [
          19.103225692912176,
          19.178492807233226
        ]
      }
    }
  }
}