{
  "city": "Samarkand",
  "year": 2016,
  "stats": {
    "urban_mean": 36.50771535037351,
    "rural_mean": 36.157326580369784,
    "suhi": 0.35038877000372537,
    "uncertainty": {
      "urban_core": {
        "mean": 36.50771535037351,
        "stdDev": 3.145790492687221,
        "count": 9305,
        "stdError": 0.03261156245552451,
        "ci95": [
          36.44379668796068,
          36.57163401278634
        ]
      },
      "rural_ring": {
        "mean": 36.157326580369784,
        "stdDev": 3.4094708636862103,
        "count": 205,
        "stdError": 0.2381277743742119,
        "ci95": [
          35.69059614259633,
          36.62405701814324
        ]
      }
    }
  }
}