{
  "city": "Samarkand",
  "year": 2020,
  "stats": {
    "day_urban_mean": 37.91430082446287,
    "day_rural_mean": 37.30342807598705,
    "suhi_day": 0.6108727484758205,
    "night_urban_mean": 19.01140960907114,
    "night_rural_mean": 18.01445662581921,
    "suhi_night": 0.9969529832519299,
    "suhi_day_night_diff": -0.3860802347761094,
    "day_stronger_than_night": false,
    "uncertainty_day": {
      "urban_core": {
        "mean": 37.91430082446287,
        "stdDev": 1.9559992705161142,
        "count": 580,
        "stdError": 0.08121844900678801,
        "ci95": [
          37.755112664409566,
          38.073488984516175
        ]
      },
      "rural_ring": {
        "mean": 37.30342807598705,
        "stdDev": 3.2198240873855717,
        "count": 4953,
        "stdError": 0.04575072504185156,
        "ci95": [
          37.21375665490502,
          37.39309949706908
        ]
      }
    },
    "uncertainty_night": {
      "urban_core": {
        "mean": 19.01140960907114,
        "stdDev": 1.281925181022104,
        "count": 580,
        "stdError": 0.053229045897286546,
        "ci95": [
          18.907080679112457,
          19.115738539029824
        ]
      },
      "rural_ring": {
        "mean": 18.01445662581921,
        "stdDev": 1.3919992414005173,
        "count": 4953,
        "stdError": 0.019779022960068563,
        "ci95": [
          17.975689740817476,
          18.053223510820946
        ]
      }
    }
  }
}