{
  "city": "Samarkand",
  "year": 2022,
  "stats": {
    "day_urban_mean": 38.02493612603562,
    "day_rural_mean": 37.441099277322,
    "suhi_day": 0.5838368487136165,
    "night_urban_mean": 19.778063220056787,
    "night_rural_mean": 18.772366306148157,
    "suhi_night": 1.0056969139086291,
    "suhi_day_night_diff": -0.4218600651950126,
    "day_stronger_than_night": false,
    "uncertainty_day": {
      "urban_core": {
        "mean": 38.02493612603562,
        "stdDev": 2.0031782487623975,
        "count": 580,
        "stdError": 0.0831774494505239,
        "ci95": [
          37.861908325112594,
          38.187963926958645
        ]
      },
      "rural_ring": {
        "mean": 37.441099277322,
        "stdDev": 3.295112764073519,
        "count": 4953,
        "stdError": 0.04682050756798703,
        "ci95": [
          37.349331082488746,
          37.53286747215526
        ]
      }
    },
    "uncertainty_night": {
      "urban_core": {
        "mean": 19.778063220056787,
        "stdDev": 1.189277298808036,
        "count": 580,
        "stdError": 0.04938205197933652,
        "ci95": [
          19.681274398177287,
          19.874852041936286
        ]
      },
      "rural_ring": {
        "mean": 18.772366306148157,
        "stdDev": 1.289842234480153,
        "count": 4953,
        "stdError": 0.01832746628868932,
        "ci95": [
          18.736444472222328,
          18.808288140073987
        ]
      }
    }
  }
}