{
  "city": "Samarkand",
  "year": 2017,
  "stats": {
    "urban_mean": 39.80337202061396,
    "rural_mean": 38.82502579808442,
    "suhi": 0.9783462225295452,
    "uncertainty": {
      "urban_core": {
        "mean": 39.80337202061396,
        "stdDev": 3.6887836873537876,
        "count": 9305,
        "stdError": 0.038240626603934146,
        "ci95": [
          39.728420392470255,
          39.87832364875767
        ]
      },
      "rural_ring": {
        "mean": 38.82502579808442,
        "stdDev": 3.821947421152864,
        "count": 205,
        "stdError": 0.26693638677715714,
        "ci95": [
          38.30183048000119,
          39.34822111616764
        ]
      }
    }
  }
}