{
  "city": "Samarkand",
  "year": 2021,
  "stats": {
    "day_urban_mean": 39.97992881170839,
    "day_rural_mean": 39.47628272575556,
    "suhi_day": 0.5036460859528304,
    "night_urban_mean": 19.75646808998312,
    "night_rural_mean": 18.895794318616822,
    "suhi_night": 0.8606737713662973,
    "suhi_day_night_diff": -0.35702768541346686,
    "day_stronger_than_night": false,
    "uncertainty_day": {
      "urban_core": {
        "mean": 39.97992881170839,
        "stdDev": 2.0269842529505526,
        "count": 580,
        "stdError": 0.08416593997112663,
        "ci95": [
          39.814963569364984,
          40.1448940540518
        ]
      },
      "rural_ring": {
        "mean": 39.47628272575556,
        "stdDev": 3.685769794536517,
        "count": 4953,
        "stdError": 0.052371382988914514,
        "ci95": [
          39.37363481509729,
          39.57893063641383
        ]
      }
    },
    "uncertainty_night": {
      "urban_core": {
        "mean": 19.75646808998312,
        "stdDev": 1.0142284748646666,
        "count": 580,
        "stdError": 0.042113545188231544,
        "ci95": [
          19.673925541414185,
          19.839010638552054
        ]
      },
      "rural_ring": {
        "mean": 18.895794318616822,
        "stdDev": 1.2288562160260679,
        "count": 4953,
        "stdError": 0.017460911319856942,
        "ci95": [
          18.861570932429903,
          18.930017704803742
        ]
      }
    }
  }
}