{
  "city": "Samarkand",
  "year": 2019,
  "stats": {
    "day_urban_mean": 39.246795043784786,
    "day_rural_mean": 38.507943424360214,
    "suhi_day": 0.7388516194245724,
    "night_urban_mean": 20.520632739872926,
    "night_rural_mean": 19.540649417776567,
    "suhi_night": 0.9799833220963592,
    "suhi_day_night_diff": -0.24113170267178674,
    "day_stronger_than_night": false,
    "uncertainty_day": {
      "urban_core": {
        "mean": 39.246795043784786,
        "stdDev": 1.9531119654512372,
        "count": 580,
        "stdError": 0.08109856018948959,
        "ci95": [
          39.08784186581339,
          39.405748221756184
        ]
      },
      "rural_ring": {
        "mean": 38.507943424360214,
        "stdDev": 2.9418120191429793,
        "count": 4953,
        "stdError": 0.041800430445847386,
        "ci95": [
          38.426014580686356,
          38.58987226803407
        ]
      }
    },
    "uncertainty_night": {
      "urban_core": {
        "mean": 20.520632739872926,
        "stdDev": 1.103076809645247,
        "count": 580,
        "stdError": 0.04580277148626106,
        "ci95": [
          20.430859307759853,
          20.610406171986
        ]
      },
      "rural_ring": {
        "mean": 19.540649417776567,
        "stdDev": 1.2770900866296486,
        "count": 4953,
        "stdError": 0.018146270051203194,
        "ci95": [
          19.50508272847621,
          19.576216107076924
        ]
      }
    }
  }
}