{
  "city": "Samarkand",
  "year": 2023,
  "stats": {
    "urban_mean": 36.0108232049993,
    "rural_mean": 34.490070969133946,
    "suhi": 1.520752235865352,
    "uncertainty": {
      "urban_core": {
        "mean": 36.0108232049993,
        "stdDev": 3.1658594539965526,
        "count": 9305,
        "stdError": 0.03281961197016262,
        "ci95": [
          35.94649676553778,
          36.075149644460815
        ]
      },
      "rural_ring": {
        "mean": 34.490070969133946,
        "stdDev": 3.035804781365797,
        "count": 205,
        "stdError": 0.21202980313480133,
        "ci95": [
          34.07449255498973,
          34.90564938327816
        ]
      }
    }
  }
}