{
  "city": "Samarkand",
  "year": 2021,
  "stats": {
    "urban_mean": 37.56526470923358,
    "rural_mean": 36.89522525336136,
    "suhi": 0.6700394558722209,
    "uncertainty": {
      "urban_core": {
        "mean": 37.56526470923358,
        "stdDev": 3.2556034522634643,
        "count": 9305,
        "stdError": 0.03374996382013271,
        "ci95": [
          37.49911478014612,
          37.63141463832104
        ]
      },
      "rural_ring": {
        "mean": 36.89522525336136,
        "stdDev": 3.4366727623478615,
        "count": 205,
        "stdError": 0.24002763738698701,
        "ci95": [
          36.42477108408286,
          37.36567942263986
        ]
      }
    }
  }
}