{
  "city": "Samarkand",
  "year": 2024,
  "stats": {
    "urban_mean": 31.332785619670844,
    "rural_mean": 30.521945925990114,
    "suhi": 0.8108396936807303,
    "uncertainty": {
      "urban_core": {
        "mean": 31.332785619670844,
        "stdDev": 2.3540843583277082,
        "count": 9305,
        "stdError": 0.024404158272980866,
        "ci95": [
          31.2849534694558,
          31.380617769885887
        ]
      },
      "rural_ring": {
        "mean": 30.521945925990114,
        "stdDev": 2.2798342731565184,
        "count": 205,
        "stdError": 0.15923053257063285,
        "ci95": [
          30.209854082151672,
          30.834037769828555
        ]
      }
    }
  }
}