{
  "city": "Samarkand",
  "year": 2017,
  "stats": {
    "day_urban_mean": 38.17925885977386,
    "day_rural_mean": 37.94281212434978,
    "suhi_day": 0.23644673542408157,
    "night_urban_mean": 20.08290024875459,
    "night_rural_mean": 19.29564967184932,
    "suhi_night": 0.7872505769052722,
    "suhi_day_night_diff": -0.5508038414811907,
    "day_stronger_than_night": false,
    "uncertainty_day": {
      "urban_core": {
        "mean": 38.17925885977386,
        "stdDev": 2.0353172820155883,
        "count": 580,
        "stdError": 0.08451195016979716,
        "ci95": [
          38.01361543744106,
          38.34490228210666
        ]
      },
      "rural_ring": {
        "mean": 37.94281212434978,
        "stdDev": 3.4314672243531126,
        "count": 4953,
        "stdError": 0.04875797845185358,
        "ci95": [
          37.84724648658415,
          38.03837776211541
        ]
      }
    },
    "uncertainty_night": {
      "urban_core": {
        "mean": 20.08290024875459,
        "stdDev": 1.0115031225282773,
        "count": 580,
        "stdError": 0.04200038109195856,
        "ci95": [
          20.00057950181435,
          20.16522099569483
        ]
      },
      "rural_ring": {
        "mean": 19.29564967184932,
        "stdDev": 1.2505116835926269,
        "count": 4953,
        "stdError": 0.01776861550350222,
        "ci95": [
          19.260823185462453,
          19.330476158236184
        ]
      }
    }
  }
}