{
  "city": "Gulistan",
  "year": 2018,
  "generated": {
    "summer_veg_tif": "D:\\dev\\Uzbekistan_URBAN_research\\suhi_analysis_output\\vegetation\\Gulistan\\Gulistan_ndvi_evi_summer_2018.tif",
    "winter_veg_tif": "D:\\dev\\Uzbekistan_URBAN_research\\suhi_analysis_output\\vegetation\\Gulistan\\Gulistan_ndvi_evi_winter_2018.tif",
    "ndvi_change_tif": "D:\\dev\\Uzbekistan_URBAN_research\\suhi_analysis_output\\vegetation\\Gulistan\\Gulistan_ndvi_change_2018.tif",
    "evi_change_tif": "D:\\dev\\Uzbekistan_URBAN_research\\suhi_analysis_output\\vegetation\\Gulistan\\Gulistan_evi_change_2018.tif",
    "summer_lst_tif": "D:\\dev\\Uzbekistan_URBAN_research\\suhi_analysis_output\\temperature\\Gulistan\\Gulistan_lst_summer_2018.tif",
    "winter_lst_tif": "D:\\dev\\Uzbekistan_URBAN_research\\suhi_analysis_output\\temperature\\Gulistan\\Gulistan_lst_winter_2018.tif",
    "lst_change_tif": "D:\\dev\\Uzbekistan_URBAN_research\\suhi_analysis_output\\temperature\\Gulistan\\Gulistan_lst_change_2018.tif"
  },
  "stats": {
    "summer_ndvi_mean": 0.4005976494808844,
    "winter_ndvi_mean": 0.14315639646386097,
    "ndvi_change_mean": 0.25853416339617574,
    "summer_evi_mean": 0.29746149349238127,
    "winter_evi_mean": 0.08668486111145529,
    "evi_change_mean": 0.21159926363813758,
    "summer_lst_mean": 42.39706197510051,
    "winter_lst_mean": -2.328214052894873,
    "lst_change_mean": 44.725927592402535,
    "summer_biomass_t_per_ha": 7.126877874632392,
    "winter_biomass_t_per_ha": 2.176084547381942,
    "biomass_change_t_per_ha": 4.95079332725045
  },
  "uncertainty": {
    "summer_ndvi": {
      "city": {
        "mean": 0.4005976494808844,
        "stdDev": 0.09765486866592697,
        "count": 1344,
        "stdError": 0.002663754926443938,
        "ci95": [
          0.39537668982505425,
          0.4058186091367145
        ]
      }
    },
    "winter_ndvi": {
      "city": {
        "mean": 0.14315639646386097,
        "stdDev": 0.05966358774945088,
        "count": 1324,
        "stdError": 0.0016397036849913886,
        "ci95": [
          0.13994257724127784,
          0.1463702156864441
        ]
      }
    },
    "ndvi_change": {
      "city": {
        "mean": 0.25853416339617574,
        "stdDev": 0.1125863990313069,
        "count": 1324,
        "stdError": 0.003094154078477185,
        "ci95": [
          0.25246962140236046,
          0.26459870538999103
        ]
      }
    },
    "summer_evi": {
      "city": {
        "mean": 0.29746149349238127,
        "stdDev": 0.07297963683334395,
        "count": 1344,
        "stdError": 0.0019906827974951547,
        "ci95": [
          0.2935597552092908,
          0.30136323177547175
        ]
      }
    },
    "winter_evi": {
      "city": {
        "mean": 0.08668486111145529,
        "stdDev": 0.03651613940388278,
        "count": 1324,
        "stdError": 0.0010035542715541258,
        "ci95": [
          0.08471789473920921,
          0.08865182748370137
        ]
      }
    },
    "evi_change": {
      "city": {
        "mean": 0.21159926363813758,
        "stdDev": 0.08104618279267908,
        "count": 1324,
        "stdError": 0.0022273505431437057,
        "ci95": [
          0.20723365657357593,
          0.21596487070269924
        ]
      }
    },
    "summer_lst": {
      "city": {
        "mean": 42.39706197510051,
        "stdDev": 2.639622491223938,
        "count": 1344,
        "stdError": 0.07200160638179526,
        "ci95": [
          42.25593882659219,
          42.538185123608834
        ]
      }
    },
    "winter_lst": {
      "city": {
        "mean": -2.328214052894873,
        "stdDev": 0.6959752624134338,
        "count": 1292,
        "stdError": 0.019362549747729996,
        "ci95": [
          -2.3661646504004237,
          -2.290263455389322
        ]
      }
    },
    "lst_change": {
      "city": {
        "mean": 44.725927592402535,
        "stdDev": 2.758515778111616,
        "count": 1292,
        "stdError": 0.07674396184480439,
        "ci95": [
          44.57550942718672,
          44.87634575761835
        ]
      }
    }
  }
}