{
  "city": "Gulistan",
  "year": 2020,
  "generated": {
    "summer_veg_tif": "suhi_analysis_output\\vegetation\\Gulistan\\Gulistan_ndvi_evi_summer_2020.tif",
    "winter_veg_tif": "suhi_analysis_output\\vegetation\\Gulistan\\Gulistan_ndvi_evi_winter_2020.tif",
    "ndvi_change_tif": "suhi_analysis_output\\vegetation\\Gulistan\\Gulistan_ndvi_change_2020.tif",
    "evi_change_tif": "suhi_analysis_output\\vegetation\\Gulistan\\Gulistan_evi_change_2020.tif",
    "summer_lst_tif": "suhi_analysis_output\\temperature\\Gulistan\\Gulistan_lst_summer_2020.tif",
    "winter_lst_tif": "suhi_analysis_output\\temperature\\Gulistan\\Gulistan_lst_winter_2020.tif",
    "lst_change_tif": "suhi_analysis_output\\temperature\\Gulistan\\Gulistan_lst_change_2020.tif"
  },
  "stats": {
    "summer_ndvi_mean": 0.42454364395044697,
    "winter_ndvi_mean": 0.020635828741808738,
    "ndvi_change_mean": 0.40390781520864893,
    "summer_evi_mean": 0.3123082053331616,
    "winter_evi_mean": 0.05616974302414316,
    "evi_change_mean": 0.25613846230901,
    "summer_lst_mean": 29.390002664234327,
    "winter_lst_mean": 4.412764293553443,
    "lst_change_mean": 24.977238370680883,
    "summer_biomass_t_per_ha": 7.587377768277825,
    "winter_biomass_t_per_ha": 0.0,
    "biomass_change_t_per_ha": 7.587377768277825
  },
  "uncertainty": {
    "summer_ndvi": {
      "city": {
        "mean": 0.42454364395044697,
        "stdDev": 0.16495323617805416,
        "count": 372732,
        "stdError": 0.00027018578764369066,
        "ci95": [
          0.42401407980666533,
          0.4250732080942286
        ]
      }
    },
    "winter_ndvi": {
      "city": {
        "mean": 0.020635828741808738,
        "stdDev": 0.017023243617609676,
        "count": 372732,
        "stdError": 2.7883287358543028e-05,
        "ci95": [
          0.020581177498585995,
          0.02069047998503148
        ]
      }
    },
    "ndvi_change": {
      "city": {
        "mean": 0.40390781520864893,
        "stdDev": 0.16627514013568714,
        "count": 372732,
        "stdError": 0.0002723510053154243,
        "ci95": [
          0.4033740072382307,
          0.4044416231790672
        ]
      }
    },
    "summer_evi": {
      "city": {
        "mean": 0.3123082053331616,
        "stdDev": 0.12385555542809429,
        "count": 372732,
        "stdError": 0.00020286968338871904,
        "ci95": [
          0.31191058075371975,
          0.3127058299126035
        ]
      }
    },
    "winter_evi": {
      "city": {
        "mean": 0.05616974302414316,
        "stdDev": 0.06481437798223544,
        "count": 372732,
        "stdError": 0.0001061629597061279,
        "ci95": [
          0.05596166362311915,
          0.05637782242516717
        ]
      }
    },
    "evi_change": {
      "city": {
        "mean": 0.25613846230901,
        "stdDev": 0.14035705362766876,
        "count": 372732,
        "stdError": 0.00022989837583304548,
        "ci95": [
          0.2556878614923772,
          0.2565890631256428
        ]
      }
    },
    "summer_lst": {
      "city": {
        "mean": 29.390002664234327,
        "stdDev": 0.7731447032734468,
        "count": 372732,
        "stdError": 0.001266375340408601,
        "ci95": [
          29.387520568567126,
          29.392484759901528
        ]
      }
    },
    "winter_lst": {
      "city": {
        "mean": 4.412764293553443,
        "stdDev": 0.8615963848611287,
        "count": 372732,
        "stdError": 0.0014112551124694556,
        "ci95": [
          4.409998233533003,
          4.4155303535738835
        ]
      }
    },
    "lst_change": {
      "city": {
        "mean": 24.977238370675654,
        "stdDev": 1.023656702444802,
        "count": 372732,
        "stdError": 0.001676702432974689,
        "ci95": [
          24.973952033907022,
          24.980524707444285
        ]
      }
    }
  }
}