{
  "city": "Gulistan",
  "year": 2018,
  "generated": {
    "summer_veg_tif": "suhi_analysis_output\\vegetation\\Gulistan\\Gulistan_ndvi_evi_summer_2018.tif",
    "winter_veg_tif": "suhi_analysis_output\\vegetation\\Gulistan\\Gulistan_ndvi_evi_winter_2018.tif",
    "ndvi_change_tif": "suhi_analysis_output\\vegetation\\Gulistan\\Gulistan_ndvi_change_2018.tif",
    "evi_change_tif": "suhi_analysis_output\\vegetation\\Gulistan\\Gulistan_evi_change_2018.tif",
    "summer_lst_tif": "suhi_analysis_output\\temperature\\Gulistan\\Gulistan_lst_summer_2018.tif",
    "winter_lst_tif": "suhi_analysis_output\\temperature\\Gulistan\\Gulistan_lst_winter_2018.tif",
    "lst_change_tif": "suhi_analysis_output\\temperature\\Gulistan\\Gulistan_lst_change_2018.tif"
  },
  "stats": {
    "summer_ndvi_mean": 0.40522858975096415,
    "winter_ndvi_mean": 0.1438385306894967,
    "ndvi_change_mean": 0.2633759425816027,
    "summer_evi_mean": 0.3014184910182906,
    "winter_evi_mean": 0.08678250405676344,
    "evi_change_mean": 0.21605435684855526,
    "summer_lst_mean": 29.828033197110944,
    "winter_lst_mean": 2.555310775691484,
    "lst_change_mean": 27.27272242141946,
    "summer_biomass_t_per_ha": 7.215934418287773,
    "winter_biomass_t_per_ha": 2.189202513259552,
    "biomass_change_t_per_ha": 5.026731905028221
  },
  "uncertainty": {
    "summer_ndvi": {
      "city": {
        "mean": 0.40522858975096415,
        "stdDev": 0.14203144495915734,
        "count": 372732,
        "stdError": 0.00023264095155452866,
        "ci95": [
          0.40477261348591725,
          0.40568456601601105
        ]
      }
    },
    "winter_ndvi": {
      "city": {
        "mean": 0.1438385306894967,
        "stdDev": 0.08532502094701107,
        "count": 365794,
        "stdError": 0.00014107761685507072,
        "ci95": [
          0.14356201856046077,
          0.14411504281853263
        ]
      }
    },
    "ndvi_change": {
      "city": {
        "mean": 0.2633759425816027,
        "stdDev": 0.1510710624144458,
        "count": 365794,
        "stdError": 0.000249783067436097,
        "ci95": [
          0.2628863677694279,
          0.26386551739377745
        ]
      }
    },
    "summer_evi": {
      "city": {
        "mean": 0.3014184910182906,
        "stdDev": 0.1073061021625822,
        "count": 372732,
        "stdError": 0.00017576244275969448,
        "ci95": [
          0.3010739966304816,
          0.3017629854060996
        ]
      }
    },
    "winter_evi": {
      "city": {
        "mean": 0.08678250405676344,
        "stdDev": 0.049658270548951264,
        "count": 365793,
        "stdError": 8.210581098525072e-05,
        "ci95": [
          0.08662157666723234,
          0.08694343144629453
        ]
      }
    },
    "evi_change": {
      "city": {
        "mean": 0.21605435684855526,
        "stdDev": 0.1124371474069612,
        "count": 365793,
        "stdError": 0.00018590545080736194,
        "ci95": [
          0.21568998216497282,
          0.2164187315321377
        ]
      }
    },
    "summer_lst": {
      "city": {
        "mean": 29.828033197110944,
        "stdDev": 0.8799318024546203,
        "count": 372732,
        "stdError": 0.0014412876802386994,
        "ci95": [
          29.825208273257676,
          29.830858120964212
        ]
      }
    },
    "winter_lst": {
      "city": {
        "mean": 2.555310775691484,
        "stdDev": 0.65023773042512,
        "count": 372732,
        "stdError": 0.0010650593915048662,
        "ci95": [
          2.553223259284134,
          2.5573982920988336
        ]
      }
    },
    "lst_change": {
      "city": {
        "mean": 27.27272242142802,
        "stdDev": 0.9524140742965845,
        "count": 372732,
        "stdError": 0.0015600102961847494,
        "ci95": [
          27.2696648012475,
          27.27578004160854
        ]
      }
    }
  }
}