{
  "city": "Gulistan",
  "year": 2016,
  "generated": {
    "summer_veg_tif": "suhi_analysis_output\\vegetation\\Gulistan\\Gulistan_ndvi_evi_summer_2016.tif",
    "winter_veg_tif": "suhi_analysis_output\\vegetation\\Gulistan\\Gulistan_ndvi_evi_winter_2016.tif",
    "ndvi_change_tif": "suhi_analysis_output\\vegetation\\Gulistan\\Gulistan_ndvi_change_2016.tif",
    "evi_change_tif": "suhi_analysis_output\\vegetation\\Gulistan\\Gulistan_evi_change_2016.tif",
    "summer_lst_tif": "suhi_analysis_output\\temperature\\Gulistan\\Gulistan_lst_summer_2016.tif",
    "winter_lst_tif": "suhi_analysis_output\\temperature\\Gulistan\\Gulistan_lst_winter_2016.tif",
    "lst_change_tif": "suhi_analysis_output\\temperature\\Gulistan\\Gulistan_lst_change_2016.tif"
  },
  "stats": {
    "summer_ndvi_mean": 0.4103846218925869,
    "winter_ndvi_mean": 0.19743050079049623,
    "ndvi_change_mean": 0.21308333500687204,
    "summer_evi_mean": 0.2997103400078969,
    "winter_evi_mean": 0.11791481819344861,
    "evi_change_mean": 0.18188077017257906,
    "summer_lst_mean": 30.834805775694498,
    "winter_lst_mean": 4.903291675191017,
    "lst_change_mean": 25.93151410050348,
    "summer_biomass_t_per_ha": 7.315088882549748,
    "winter_biomass_t_per_ha": 3.2198173228941585,
    "biomass_change_t_per_ha": 4.09527155965559
  },
  "uncertainty": {
    "summer_ndvi": {
      "city": {
        "mean": 0.4103846218925869,
        "stdDev": 0.1512042453758112,
        "count": 372732,
        "stdError": 0.0002476655752775625,
        "ci95": [
          0.4098991973650429,
          0.4108700464201309
        ]
      }
    },
    "winter_ndvi": {
      "city": {
        "mean": 0.19743050079049623,
        "stdDev": 0.10045134957853723,
        "count": 372495,
        "stdError": 0.00016458700868241243,
        "ci95": [
          0.1971079102534787,
          0.19775309132751376
        ]
      }
    },
    "ndvi_change": {
      "city": {
        "mean": 0.21308333500687204,
        "stdDev": 0.18047521842267653,
        "count": 372495,
        "stdError": 0.00029570410418696823,
        "ci95": [
          0.21250375496266558,
          0.2136629150510785
        ]
      }
    },
    "summer_evi": {
      "city": {
        "mean": 0.2997103400078969,
        "stdDev": 0.11525067588139264,
        "count": 372732,
        "stdError": 0.00018877528783897,
        "ci95": [
          0.29934034044373253,
          0.3000803395720613
        ]
      }
    },
    "winter_evi": {
      "city": {
        "mean": 0.11791481819344861,
        "stdDev": 0.062244751420744204,
        "count": 372495,
        "stdError": 0.00010198645897246901,
        "ci95": [
          0.11771492473386257,
          0.11811471165303465
        ]
      }
    },
    "evi_change": {
      "city": {
        "mean": 0.18188077017257906,
        "stdDev": 0.1341631679125269,
        "count": 372495,
        "stdError": 0.0002198229747507248,
        "ci95": [
          0.18144991714206765,
          0.18231162320309047
        ]
      }
    },
    "summer_lst": {
      "city": {
        "mean": 30.834805775694498,
        "stdDev": 0.822895847855781,
        "count": 372732,
        "stdError": 0.001347865419030905,
        "ci95": [
          30.8321639594732,
          30.837447591915797
        ]
      }
    },
    "winter_lst": {
      "city": {
        "mean": 4.903291675191017,
        "stdDev": 0.5685263617110221,
        "count": 372732,
        "stdError": 0.0009312199408400008,
        "ci95": [
          4.901466484106971,
          4.905116866275064
        ]
      }
    },
    "lst_change": {
      "city": {
        "mean": 25.931514100538383,
        "stdDev": 0.6069991292888289,
        "count": 372732,
        "stdError": 0.0009942365584686601,
        "ci95": [
          25.929565396883785,
          25.93346280419298
        ]
      }
    }
  }
}