{
  "city": "Termez",
  "aridity_index": 0.05410209669994782,
  "climatic_water_deficit": 3091.1673837475187,
  "drought_frequency": 0.25833333333333336,
  "surface_water_change": -61.507772020725405,
  "cropland_fraction": 0.2857765443243188,
  "population_density": 4072.7272727272725,
  "aqueduct_bws_score": null,
  "water_supply_risk": 0.7858433031762628,
  "water_demand_risk": 0.7000871620540463,
  "overall_water_scarcity_score": 0.7515408467273762,
  "water_scarcity_level": "Critical"
}