{
  "city": "Termez",
  "aridity_index": 0.14429197547121098,
  "climatic_water_deficit": 1125.747185834001,
  "drought_frequency": 0.26666666666666666,
  "surface_water_change": -61.507772020725405,
  "cropland_fraction": 0.2857765443243188,
  "population_density": 4072.7272727272725,
  "aqueduct_bws_score": 3.0,
  "water_supply_risk": 0.7397420344982558,
  "water_demand_risk": 0.7000871620540463,
  "overall_water_scarcity_score": 0.723880085520572,
  "water_scarcity_level": "Critical"
}