{
  "city": "Namangan",
  "year": 2022,
  "generated": {
    "summer_veg_tif": "suhi_analysis_output\\vegetation\\Namangan\\Namangan_ndvi_evi_summer_2022.tif",
    "winter_veg_tif": "suhi_analysis_output\\vegetation\\Namangan\\Namangan_ndvi_evi_winter_2022.tif",
    "ndvi_change_tif": "suhi_analysis_output\\vegetation\\Namangan\\Namangan_ndvi_change_2022.tif",
    "evi_change_tif": "suhi_analysis_output\\vegetation\\Namangan\\Namangan_evi_change_2022.tif",
    "summer_lst_tif": "suhi_analysis_output\\temperature\\Namangan\\Namangan_lst_summer_2022.tif",
    "winter_lst_tif": "suhi_analysis_output\\temperature\\Namangan\\Namangan_lst_winter_2022.tif",
    "lst_change_tif": "suhi_analysis_output\\temperature\\Namangan\\Namangan_lst_change_2022.tif"
  },
  "stats": {
    "summer_ndvi_mean": 0.37180146332352854,
    "winter_ndvi_mean": 0.13634897883508068,
    "ndvi_change_mean": 0.23545248448844402,
    "summer_evi_mean": 0.28211040125775955,
    "winter_evi_mean": 0.0823314578122616,
    "evi_change_mean": 0.19977894344550415,
    "summer_lst_mean": 29.574190025783945,
    "winter_lst_mean": 3.986538021771935,
    "lst_change_mean": 25.58765200401201,
    "summer_biomass_t_per_ha": 6.573105063914011,
    "winter_biomass_t_per_ha": 2.045172669905398,
    "biomass_change_t_per_ha": 4.527932394008613
  },
  "uncertainty": {
    "summer_ndvi": {
      "city": {
        "mean": 0.37180146332352854,
        "stdDev": 0.18411027983105024,
        "count": 845055,
        "stdError": 0.00020027906269407092,
        "ci95": [
          0.37140891636064816,
          0.3721940102864089
        ]
      }
    },
    "winter_ndvi": {
      "city": {
        "mean": 0.13634897883508068,
        "stdDev": 0.07347095759887495,
        "count": 845055,
        "stdError": 7.992326412540093e-05,
        "ci95": [
          0.13619232923739488,
          0.13650562843276648
        ]
      }
    },
    "ndvi_change": {
      "city": {
        "mean": 0.23545248448844402,
        "stdDev": 0.1802519979340604,
        "count": 845055,
        "stdError": 0.00019608194191055072,
        "ci95": [
          0.23506816388229934,
          0.2358368050945887
        ]
      }
    },
    "summer_evi": {
      "city": {
        "mean": 0.28211040125775955,
        "stdDev": 0.14433185609381236,
        "count": 845055,
        "stdError": 0.00015700725066460495,
        "ci95": [
          0.2818026670464569,
          0.2824181354690622
        ]
      }
    },
    "winter_evi": {
      "city": {
        "mean": 0.0823314578122616,
        "stdDev": 0.03820586201262124,
        "count": 845055,
        "stdError": 4.156114607141186e-05,
        "ci95": [
          0.08224999796596164,
          0.08241291765856157
        ]
      }
    },
    "evi_change": {
      "city": {
        "mean": 0.19977894344550415,
        "stdDev": 0.14305580009160773,
        "count": 845055,
        "stdError": 0.00015561912991273163,
        "ci95": [
          0.1994739299508752,
          0.2000839569401331
        ]
      }
    },
    "summer_lst": {
      "city": {
        "mean": 29.574190025783945,
        "stdDev": 1.4803120898743614,
        "count": 845055,
        "stdError": 0.0016103148511142382,
        "ci95": [
          29.57103380867576,
          29.57734624289213
        ]
      }
    },
    "winter_lst": {
      "city": {
        "mean": 3.986538021771935,
        "stdDev": 0.583922866254992,
        "count": 845055,
        "stdError": 0.0006352036640566873,
        "ci95": [
          3.9852930225903838,
          3.987783020953486
        ]
      }
    },
    "lst_change": {
      "city": {
        "mean": 25.58765200400803,
        "stdDev": 1.2689654151010972,
        "count": 845055,
        "stdError": 0.0013804074610111934,
        "ci95": [
          25.58494640538445,
          25.590357602631613
        ]
      }
    }
  }
}