{
  "city": "Namangan",
  "year": 2016,
  "generated": {
    "summer_veg_tif": "suhi_analysis_output\\vegetation\\Namangan\\Namangan_ndvi_evi_summer_2016.tif",
    "winter_veg_tif": "suhi_analysis_output\\vegetation\\Namangan\\Namangan_ndvi_evi_winter_2016.tif",
    "ndvi_change_tif": "suhi_analysis_output\\vegetation\\Namangan\\Namangan_ndvi_change_2016.tif",
    "evi_change_tif": "suhi_analysis_output\\vegetation\\Namangan\\Namangan_evi_change_2016.tif",
    "summer_lst_tif": "suhi_analysis_output\\temperature\\Namangan\\Namangan_lst_summer_2016.tif",
    "winter_lst_tif": "suhi_analysis_output\\temperature\\Namangan\\Namangan_lst_winter_2016.tif",
    "lst_change_tif": "suhi_analysis_output\\temperature\\Namangan\\Namangan_lst_change_2016.tif"
  },
  "stats": {
    "summer_ndvi_mean": 0.41959547961629806,
    "winter_ndvi_mean": 0.19393180789776815,
    "ndvi_change_mean": 0.2256675153906154,
    "summer_evi_mean": 0.3119997594918513,
    "winter_evi_mean": 0.10909183291382347,
    "evi_change_mean": 0.20291053558130953,
    "summer_lst_mean": 30.295932654697967,
    "winter_lst_mean": 4.162482179484845,
    "lst_change_mean": 26.133450475213124,
    "summer_biomass_t_per_ha": 7.492220761851885,
    "winter_biomass_t_per_ha": 3.152534767264772,
    "biomass_change_t_per_ha": 4.339685994587113
  },
  "uncertainty": {
    "summer_ndvi": {
      "city": {
        "mean": 0.41959547961629806,
        "stdDev": 0.21440547977654437,
        "count": 845052,
        "stdError": 0.00023323523698549613,
        "ci95": [
          0.4191383385518065,
          0.42005262068078963
        ]
      }
    },
    "winter_ndvi": {
      "city": {
        "mean": 0.19393180789776815,
        "stdDev": 0.1273800144611129,
        "count": 845042,
        "stdError": 0.00013856774405982734,
        "ci95": [
          0.1936602151194109,
          0.1942034006761254
        ]
      }
    },
    "ndvi_change": {
      "city": {
        "mean": 0.2256675153906154,
        "stdDev": 0.23652815528271873,
        "count": 845039,
        "stdError": 0.00025730277391519777,
        "ci95": [
          0.2251632019537416,
          0.22617182882748918
        ]
      }
    },
    "summer_evi": {
      "city": {
        "mean": 0.3119997594918513,
        "stdDev": 0.16969333099621864,
        "count": 845052,
        "stdError": 0.0001845963279996872,
        "ci95": [
          0.31163795068897193,
          0.3123615682947307
        ]
      }
    },
    "winter_evi": {
      "city": {
        "mean": 0.10909183291382347,
        "stdDev": 0.07149321485516177,
        "count": 845042,
        "stdError": 7.777243188403505e-05,
        "ci95": [
          0.10893939894733076,
          0.10924426688031619
        ]
      }
    },
    "evi_change": {
      "city": {
        "mean": 0.20291053558130953,
        "stdDev": 0.18882380133399412,
        "count": 845039,
        "stdError": 0.00020540847581708015,
        "ci95": [
          0.20250793496870806,
          0.203313136193911
        ]
      }
    },
    "summer_lst": {
      "city": {
        "mean": 30.295932654697967,
        "stdDev": 1.6192473489536645,
        "count": 845055,
        "stdError": 0.0017614515692219682,
        "ci95": [
          30.292480209622294,
          30.29938509977364
        ]
      }
    },
    "winter_lst": {
      "city": {
        "mean": 4.162482179484845,
        "stdDev": 0.6345608300233985,
        "count": 845055,
        "stdError": 0.0006902887137865524,
        "ci95": [
          4.161129213605823,
          4.1638351453638665
        ]
      }
    },
    "lst_change": {
      "city": {
        "mean": 26.13345047521661,
        "stdDev": 1.3688913227509405,
        "count": 845055,
        "stdError": 0.001489108980238311,
        "ci95": [
          26.130531821615342,
          26.136369128817876
        ]
      }
    }
  }
}