{
  "city": "Namangan",
  "year": 2018,
  "generated": {
    "summer_veg_tif": null,
    "winter_veg_tif": "D:\\dev\\Uzbekistan_URBAN_research\\suhi_analysis_output\\vegetation\\Namangan\\Namangan_ndvi_evi_winter_2018.tif",
    "ndvi_change_tif": "D:\\dev\\Uzbekistan_URBAN_research\\suhi_analysis_output\\vegetation\\Namangan\\Namangan_ndvi_change_2018.tif",
    "evi_change_tif": "D:\\dev\\Uzbekistan_URBAN_research\\suhi_analysis_output\\vegetation\\Namangan\\Namangan_evi_change_2018.tif",
    "summer_lst_tif": "D:\\dev\\Uzbekistan_URBAN_research\\suhi_analysis_output\\temperature\\Namangan\\Namangan_lst_summer_2018.tif",
    "winter_lst_tif": "D:\\dev\\Uzbekistan_URBAN_research\\suhi_analysis_output\\temperature\\Namangan\\Namangan_lst_winter_2018.tif",
    "lst_change_tif": "D:\\dev\\Uzbekistan_URBAN_research\\suhi_analysis_output\\temperature\\Namangan\\Namangan_lst_change_2018.tif"
  },
  "stats": {
    "summer_ndvi_mean": 0.342612777476344,
    "winter_ndvi_mean": 0.098226051176233,
    "ndvi_change_mean": 0.22539914076045398,
    "summer_evi_mean": 0.2531673768556134,
    "winter_evi_mean": 0.06793059500050488,
    "evi_change_mean": 0.17263020644400215,
    "summer_lst_mean": 41.62376286987764,
    "winter_lst_mean": 1.6300111671214221,
    "lst_change_mean": 40.52514101116456,
    "summer_biomass_t_per_ha": 6.011784182237384,
    "winter_biomass_t_per_ha": 1.3120394456967883,
    "biomass_change_t_per_ha": 4.6997447365405955
  },
  "uncertainty": {
    "summer_ndvi": {
      "city": {
        "mean": 0.342612777476344,
        "stdDev": 0.11601057530949446,
        "count": 3024,
        "stdError": 0.002109631915758466,
        "ci95": [
          0.3384778989214574,
          0.3467476560312306
        ]
      }
    },
    "winter_ndvi": {
      "city": {
        "mean": 0.098226051176233,
        "stdDev": 0.09503484365451959,
        "count": 1764,
        "stdError": 0.0022627343727266566,
        "ci95": [
          0.09379109180568874,
          0.10266101054677725
        ]
      }
    },
    "ndvi_change": {
      "city": {
        "mean": 0.22539914076045398,
        "stdDev": 0.147686433070392,
        "count": 1764,
        "stdError": 0.003516343644533143,
        "ci95": [
          0.218507107217169,
          0.23229117430373894
        ]
      }
    },
    "summer_evi": {
      "city": {
        "mean": 0.2531673768556134,
        "stdDev": 0.08472389311537558,
        "count": 3024,
        "stdError": 0.0015406891006847481,
        "ci95": [
          0.2501476262182713,
          0.2561871274929555
        ]
      }
    },
    "winter_evi": {
      "city": {
        "mean": 0.06793059500050488,
        "stdDev": 0.03824912010815572,
        "count": 1764,
        "stdError": 0.0009106933359084695,
        "ci95": [
          0.06614563606212429,
          0.06971555393888548
        ]
      }
    },
    "evi_change": {
      "city": {
        "mean": 0.17263020644400215,
        "stdDev": 0.08953937776630426,
        "count": 1764,
        "stdError": 0.002131889946816768,
        "ci95": [
          0.1684517021482413,
          0.176808710739763
        ]
      }
    },
    "summer_lst": {
      "city": {
        "mean": 41.62376286987764,
        "stdDev": 3.2372928030079207,
        "count": 3024,
        "stdError": 0.05886960046237921,
        "ci95": [
          41.50837845297137,
          41.739147286783904
        ]
      }
    },
    "winter_lst": {
      "city": {
        "mean": 1.6300111671214221,
        "stdDev": 4.518824535918787,
        "count": 1732,
        "stdError": 0.10858042428170439,
        "ci95": [
          1.4171935355292815,
          1.8428287987135628
        ]
      }
    },
    "lst_change": {
      "city": {
        "mean": 40.52514101116456,
        "stdDev": 4.608198920125585,
        "count": 1732,
        "stdError": 0.11072795368452885,
        "ci95": [
          40.30811422194288,
          40.742167800386234
        ]
      }
    }
  }
}