{
  "city": "Jizzakh",
  "year": 2017,
  "generated": {
    "summer_veg_tif": "suhi_analysis_output\\vegetation\\Jizzakh\\Jizzakh_ndvi_evi_summer_2017.tif",
    "winter_veg_tif": "suhi_analysis_output\\vegetation\\Jizzakh\\Jizzakh_ndvi_evi_winter_2017.tif",
    "ndvi_change_tif": "suhi_analysis_output\\vegetation\\Jizzakh\\Jizzakh_ndvi_change_2017.tif",
    "evi_change_tif": "suhi_analysis_output\\vegetation\\Jizzakh\\Jizzakh_evi_change_2017.tif",
    "summer_lst_tif": "suhi_analysis_output\\temperature\\Jizzakh\\Jizzakh_lst_summer_2017.tif",
    "winter_lst_tif": "suhi_analysis_output\\temperature\\Jizzakh\\Jizzakh_lst_winter_2017.tif",
    "lst_change_tif": "suhi_analysis_output\\temperature\\Jizzakh\\Jizzakh_lst_change_2017.tif"
  },
  "stats": {
    "summer_ndvi_mean": 0.2972152258581924,
    "winter_ndvi_mean": 0.19900871461131028,
    "ndvi_change_mean": 0.09818920199411105,
    "summer_evi_mean": 0.23210741555812472,
    "winter_evi_mean": 0.1107192048809445,
    "evi_change_mean": 0.12138925522754948,
    "summer_lst_mean": 31.666922242214792,
    "winter_lst_mean": 2.4430405529161185,
    "lst_change_mean": 29.223881689298672,
    "summer_biomass_t_per_ha": 5.1387543434267755,
    "winter_biomass_t_per_ha": 3.2501675886790435,
    "biomass_change_t_per_ha": 1.888586754747732
  },
  "uncertainty": {
    "summer_ndvi": {
      "city": {
        "mean": 0.2972152258581924,
        "stdDev": 0.1608490739723489,
        "count": 370596,
        "stdError": 0.00026422152888137834,
        "ci95": [
          0.2966973516615849,
          0.29773310005479986
        ]
      }
    },
    "winter_ndvi": {
      "city": {
        "mean": 0.19900871461131028,
        "stdDev": 0.1354610748901922,
        "count": 370454,
        "stdError": 0.00022256013352295125,
        "ci95": [
          0.1985724967496053,
          0.19944493247301526
        ]
      }
    },
    "ndvi_change": {
      "city": {
        "mean": 0.09818920199411105,
        "stdDev": 0.18792309198154825,
        "count": 370454,
        "stdError": 0.00030875429327105854,
        "ci95": [
          0.09758404357929977,
          0.09879436040892232
        ]
      }
    },
    "summer_evi": {
      "city": {
        "mean": 0.23210741555812472,
        "stdDev": 0.11388221005066343,
        "count": 370596,
        "stdError": 0.00018707059300291195,
        "ci95": [
          0.231740757195839,
          0.23247407392041045
        ]
      }
    },
    "winter_evi": {
      "city": {
        "mean": 0.1107192048809445,
        "stdDev": 0.056403927143944634,
        "count": 370436,
        "stdError": 9.267289923068444e-05,
        "ci95": [
          0.11053756599845235,
          0.11090084376343665
        ]
      }
    },
    "evi_change": {
      "city": {
        "mean": 0.12138925522754948,
        "stdDev": 0.12263730046479887,
        "count": 370436,
        "stdError": 0.0002014957958316136,
        "ci95": [
          0.12099432346771952,
          0.12178418698737944
        ]
      }
    },
    "summer_lst": {
      "city": {
        "mean": 31.666922242214792,
        "stdDev": 2.1617777989530347,
        "count": 370596,
        "stdError": 0.003551081899541324,
        "ci95": [
          31.65996212169169,
          31.673882362737892
        ]
      }
    },
    "winter_lst": {
      "city": {
        "mean": 2.4430405529161185,
        "stdDev": 0.809809550519169,
        "count": 370596,
        "stdError": 0.0013302477425372024,
        "ci95": [
          2.4404332673407456,
          2.4456478384914915
        ]
      }
    },
    "lst_change": {
      "city": {
        "mean": 29.223881689311387,
        "stdDev": 2.1846829114412594,
        "count": 370596,
        "stdError": 0.003588707380940608,
        "ci95": [
          29.216847822844745,
          29.23091555577803
        ]
      }
    }
  }
}