{
  "city": "Jizzakh",
  "year": 2018,
  "generated": {
    "summer_veg_tif": "suhi_analysis_output\\vegetation\\Jizzakh\\Jizzakh_ndvi_evi_summer_2018.tif",
    "winter_veg_tif": "suhi_analysis_output\\vegetation\\Jizzakh\\Jizzakh_ndvi_evi_winter_2018.tif",
    "ndvi_change_tif": "suhi_analysis_output\\vegetation\\Jizzakh\\Jizzakh_ndvi_change_2018.tif",
    "evi_change_tif": "suhi_analysis_output\\vegetation\\Jizzakh\\Jizzakh_evi_change_2018.tif",
    "summer_lst_tif": "suhi_analysis_output\\temperature\\Jizzakh\\Jizzakh_lst_summer_2018.tif",
    "winter_lst_tif": "suhi_analysis_output\\temperature\\Jizzakh\\Jizzakh_lst_winter_2018.tif",
    "lst_change_tif": "suhi_analysis_output\\temperature\\Jizzakh\\Jizzakh_lst_change_2018.tif"
  },
  "stats": {
    "summer_ndvi_mean": 0.2821286488128742,
    "winter_ndvi_mean": 0.15457625176675963,
    "ndvi_change_mean": 0.12771636969323474,
    "summer_evi_mean": 0.2189194627370109,
    "winter_evi_mean": 0.0952127907179927,
    "evi_change_mean": 0.12382373990977093,
    "summer_lst_mean": 31.935619936296025,
    "winter_lst_mean": 3.405732832004385,
    "lst_change_mean": 28.52988710429164,
    "summer_biomass_t_per_ha": 4.848627861786042,
    "winter_biomass_t_per_ha": 2.395697149360762,
    "biomass_change_t_per_ha": 2.45293071242528
  },
  "uncertainty": {
    "summer_ndvi": {
      "city": {
        "mean": 0.2821286488128742,
        "stdDev": 0.14977996344771446,
        "count": 370596,
        "stdError": 0.0002460386619618047,
        "ci95": [
          0.28164641303542903,
          0.28261088459031936
        ]
      }
    },
    "winter_ndvi": {
      "city": {
        "mean": 0.15457625176675963,
        "stdDev": 0.1434756226596201,
        "count": 369795,
        "stdError": 0.00023593784089701072,
        "ci95": [
          0.1541138135986015,
          0.15503868993491776
        ]
      }
    },
    "ndvi_change": {
      "city": {
        "mean": 0.12771636969323474,
        "stdDev": 0.17929302143842887,
        "count": 369795,
        "stdError": 0.00029483760085461454,
        "ci95": [
          0.1271384879955597,
          0.12829425139090977
        ]
      }
    },
    "summer_evi": {
      "city": {
        "mean": 0.2189194627370109,
        "stdDev": 0.11339914713135292,
        "count": 370596,
        "stdError": 0.00018627708129697533,
        "ci95": [
          0.21855435965766884,
          0.21928456581635297
        ]
      }
    },
    "winter_evi": {
      "city": {
        "mean": 0.0952127907179927,
        "stdDev": 0.05118447705546306,
        "count": 369795,
        "stdError": 8.417008255512745e-05,
        "ci95": [
          0.09504781735618464,
          0.09537776407980075
        ]
      }
    },
    "evi_change": {
      "city": {
        "mean": 0.12382373990977093,
        "stdDev": 0.12050621217283239,
        "count": 369795,
        "stdError": 0.00019816589736771403,
        "ci95": [
          0.12343533475093021,
          0.12421214506861164
        ]
      }
    },
    "summer_lst": {
      "city": {
        "mean": 31.935619936296025,
        "stdDev": 2.084952656283647,
        "count": 370596,
        "stdError": 0.0034248837427765227,
        "ci95": [
          31.928907164160183,
          31.942332708431866
        ]
      }
    },
    "winter_lst": {
      "city": {
        "mean": 3.405732832004385,
        "stdDev": 0.9543786803916282,
        "count": 370596,
        "stdError": 0.001567726738098708,
        "ci95": [
          3.4026600875977113,
          3.4088055764110585
        ]
      }
    },
    "lst_change": {
      "city": {
        "mean": 28.52988710431795,
        "stdDev": 1.5844435674756008,
        "count": 370596,
        "stdError": 0.002602713783087346,
        "ci95": [
          28.5247857853031,
          28.534988423332802
        ]
      }
    }
  }
}