{
  "city": "Jizzakh",
  "year": 2018,
  "generated": {
    "summer_veg_tif": "D:\\dev\\Uzbekistan_URBAN_research\\suhi_analysis_output\\vegetation\\Jizzakh\\Jizzakh_ndvi_evi_summer_2018.tif",
    "winter_veg_tif": "D:\\dev\\Uzbekistan_URBAN_research\\suhi_analysis_output\\vegetation\\Jizzakh\\Jizzakh_ndvi_evi_winter_2018.tif",
    "ndvi_change_tif": "D:\\dev\\Uzbekistan_URBAN_research\\suhi_analysis_output\\vegetation\\Jizzakh\\Jizzakh_ndvi_change_2018.tif",
    "evi_change_tif": "D:\\dev\\Uzbekistan_URBAN_research\\suhi_analysis_output\\vegetation\\Jizzakh\\Jizzakh_evi_change_2018.tif",
    "summer_lst_tif": "D:\\dev\\Uzbekistan_URBAN_research\\suhi_analysis_output\\temperature\\Jizzakh\\Jizzakh_lst_summer_2018.tif",
    "winter_lst_tif": "D:\\dev\\Uzbekistan_URBAN_research\\suhi_analysis_output\\temperature\\Jizzakh\\Jizzakh_lst_winter_2018.tif",
    "lst_change_tif": "D:\\dev\\Uzbekistan_URBAN_research\\suhi_analysis_output\\temperature\\Jizzakh\\Jizzakh_lst_change_2018.tif"
  },
  "stats": {
    "summer_ndvi_mean": 0.27705242436230715,
    "winter_ndvi_mean": 0.15121463413509104,
    "ndvi_change_mean": 0.12578152161352518,
    "summer_evi_mean": 0.21519549962444473,
    "winter_evi_mean": 0.0953267596722608,
    "evi_change_mean": 0.11982201437229272,
    "summer_lst_mean": 44.806180783400094,
    "winter_lst_mean": 3.926746764132996,
    "lst_change_mean": 40.879729523874914,
    "summer_biomass_t_per_ha": 4.7510081608135994,
    "winter_biomass_t_per_ha": 2.3310506564440585,
    "biomass_change_t_per_ha": 2.419957504369541
  },
  "uncertainty": {
    "summer_ndvi": {
      "city": {
        "mean": 0.27705242436230715,
        "stdDev": 0.113301425688119,
        "count": 1312,
        "stdError": 0.0031280123362987,
        "ci95": [
          0.2709215201831617,
          0.2831833285414526
        ]
      }
    },
    "winter_ndvi": {
      "city": {
        "mean": 0.15121463413509104,
        "stdDev": 0.12990604102353698,
        "count": 1310,
        "stdError": 0.0035891672782773936,
        "ci95": [
          0.14417986626966733,
          0.15824940200051474
        ]
      }
    },
    "ndvi_change": {
      "city": {
        "mean": 0.12578152161352518,
        "stdDev": 0.14789017503457455,
        "count": 1310,
        "stdError": 0.004086049985286196,
        "ci95": [
          0.11777286364236424,
          0.13379017958468611
        ]
      }
    },
    "summer_evi": {
      "city": {
        "mean": 0.21519549962444473,
        "stdDev": 0.08548473594099701,
        "count": 1312,
        "stdError": 0.0023600524615173956,
        "ci95": [
          0.21056979679987065,
          0.21982120244901882
        ]
      }
    },
    "winter_evi": {
      "city": {
        "mean": 0.0953267596722608,
        "stdDev": 0.0377567372307615,
        "count": 1310,
        "stdError": 0.0010431789371412967,
        "ci95": [
          0.09328212895546385,
          0.09737139038905775
        ]
      }
    },
    "evi_change": {
      "city": {
        "mean": 0.11982201437229272,
        "stdDev": 0.09564082829669253,
        "count": 1310,
        "stdError": 0.002642455490793073,
        "ci95": [
          0.1146428016103383,
          0.12500122713424713
        ]
      }
    },
    "summer_lst": {
      "city": {
        "mean": 44.806180783400094,
        "stdDev": 4.462796102893303,
        "count": 1312,
        "stdError": 0.12320834605084632,
        "ci95": [
          44.564692425140436,
          45.04766914165975
        ]
      }
    },
    "winter_lst": {
      "city": {
        "mean": 3.926746764132996,
        "stdDev": 1.6698388904794623,
        "count": 1309,
        "stdError": 0.04615351141416722,
        "ci95": [
          3.836285881761228,
          4.0172076465047635
        ]
      }
    },
    "lst_change": {
      "city": {
        "mean": 40.879729523874914,
        "stdDev": 3.9963026684802396,
        "count": 1309,
        "stdError": 0.11045580617134283,
        "ci95": [
          40.66323614377908,
          41.09622290397075
        ]
      }
    }
  }
}