{
  "city": "Jizzakh",
  "year": 2016,
  "generated": {
    "summer_veg_tif": "suhi_analysis_output\\vegetation\\Jizzakh\\Jizzakh_ndvi_evi_summer_2016.tif",
    "winter_veg_tif": "suhi_analysis_output\\vegetation\\Jizzakh\\Jizzakh_ndvi_evi_winter_2016.tif",
    "ndvi_change_tif": "suhi_analysis_output\\vegetation\\Jizzakh\\Jizzakh_ndvi_change_2016.tif",
    "evi_change_tif": "suhi_analysis_output\\vegetation\\Jizzakh\\Jizzakh_evi_change_2016.tif",
    "summer_lst_tif": "suhi_analysis_output\\temperature\\Jizzakh\\Jizzakh_lst_summer_2016.tif",
    "winter_lst_tif": "suhi_analysis_output\\temperature\\Jizzakh\\Jizzakh_lst_winter_2016.tif",
    "lst_change_tif": "suhi_analysis_output\\temperature\\Jizzakh\\Jizzakh_lst_change_2016.tif"
  },
  "stats": {
    "summer_ndvi_mean": 0.30028053176254743,
    "winter_ndvi_mean": 0.2729708249358912,
    "ndvi_change_mean": 0.027327687750897632,
    "summer_evi_mean": 0.23389323014047209,
    "winter_evi_mean": 0.17377215678555694,
    "evi_change_mean": 0.060128284137520194,
    "summer_lst_mean": 31.816185120276707,
    "winter_lst_mean": 5.368911909154422,
    "lst_change_mean": 26.447273211122287,
    "summer_biomass_t_per_ha": 5.197702533895142,
    "winter_biomass_t_per_ha": 4.6725158641517535,
    "biomass_change_t_per_ha": 0.5251866697433885
  },
  "uncertainty": {
    "summer_ndvi": {
      "city": {
        "mean": 0.30028053176254743,
        "stdDev": 0.2008519413334033,
        "count": 370596,
        "stdError": 0.00032993293469024096,
        "ci95": [
          0.2996338632105546,
          0.3009272003145403
        ]
      }
    },
    "winter_ndvi": {
      "city": {
        "mean": 0.2729708249358912,
        "stdDev": 0.1884196577676084,
        "count": 370436,
        "stdError": 0.00030957766314419175,
        "ci95": [
          0.27236405271612857,
          0.27357759715565383
        ]
      }
    },
    "ndvi_change": {
      "city": {
        "mean": 0.027327687750897632,
        "stdDev": 0.2165315451858035,
        "count": 370436,
        "stdError": 0.000355766115647546,
        "ci95": [
          0.026630386164228442,
          0.028024989337566822
        ]
      }
    },
    "summer_evi": {
      "city": {
        "mean": 0.23389323014047209,
        "stdDev": 0.12544993982903901,
        "count": 370596,
        "stdError": 0.00020607252551173367,
        "ci95": [
          0.2334893279904691,
          0.23429713229047508
        ]
      }
    },
    "winter_evi": {
      "city": {
        "mean": 0.17377215678555694,
        "stdDev": 0.10274238371040423,
        "count": 370436,
        "stdError": 0.00016880800778313893,
        "ci95": [
          0.17344129309030198,
          0.1741030204808119
        ]
      }
    },
    "evi_change": {
      "city": {
        "mean": 0.060128284137520194,
        "stdDev": 0.15929061486382323,
        "count": 370436,
        "stdError": 0.0002617180016915481,
        "ci95": [
          0.05961531685420476,
          0.06064125142083563
        ]
      }
    },
    "summer_lst": {
      "city": {
        "mean": 31.816185120276707,
        "stdDev": 1.8276562717261753,
        "count": 370596,
        "stdError": 0.0030022313617307167,
        "ci95": [
          31.810300746807716,
          31.822069493745698
        ]
      }
    },
    "winter_lst": {
      "city": {
        "mean": 5.368911909154422,
        "stdDev": 0.654815707408846,
        "count": 370596,
        "stdError": 0.0010756444104667293,
        "ci95": [
          5.366803646109907,
          5.371020172198937
        ]
      }
    },
    "lst_change": {
      "city": {
        "mean": 26.447273211092995,
        "stdDev": 1.5077071742990658,
        "count": 370596,
        "stdError": 0.0024766614122205283,
        "ci95": [
          26.442418954725042,
          26.452127467460947
        ]
      }
    }
  }
}