{
  "city": "Fergana",
  "aridity_index": 0.0736690395124579,
  "climatic_water_deficit": 2755.6721033818426,
  "drought_frequency": 0.24583333333333332,
  "surface_water_change": -8.571428571428571,
  "cropland_fraction": 0.42106718390558046,
  "population_density": 3157.998037291462,
  "aqueduct_bws_score": null,
  "water_supply_risk": 0.5606622265457367,
  "water_demand_risk": 0.8894940574678125,
  "overall_water_scarcity_score": 0.6921949589145671,
  "water_scarcity_level": "High"
}