{
  "city": "Fergana",
  "aridity_index": 0.21692803978217778,
  "climatic_water_deficit": 876.6851123740478,
  "drought_frequency": 0.24166666666666667,
  "surface_water_change": -8.571428571428571,
  "cropland_fraction": 0.42106718390558046,
  "population_density": 3157.998037291462,
  "aqueduct_bws_score": 3.0,
  "water_supply_risk": 0.4536618533716576,
  "water_demand_risk": 0.8894940574678125,
  "overall_water_scarcity_score": 0.6279947350101196,
  "water_scarcity_level": "High"
}