{
  "city": "Urgench",
  "year": 2019,
  "stats": {
    "urban_mean": 31.168170718761264,
    "rural_mean": 29.759546800956418,
    "suhi": 1.4086239178048459,
    "uncertainty": {
      "urban_core": {
        "mean": 31.168170718761264,
        "stdDev": 3.475754883340359,
        "count": 6652,
        "stdError": 0.04261603312338955,
        "ci95": [
          31.08464329383942,
          31.251698143683107
        ]
      },
      "rural_ring": {
        "mean": 29.759546800956418,
        "stdDev": 2.7650943730079987,
        "count": 173,
        "stdError": 0.2102262322780065,
        "ci95": [
          29.347503385691525,
          30.17159021622131
        ]
      }
    }
  }
}