{
  "city": "Urgench",
  "year": 2016,
  "stats": {
    "day_urban_mean": 36.27391438087963,
    "day_rural_mean": 36.34449846642156,
    "suhi_day": -0.07058408554193107,
    "night_urban_mean": 21.937068625508356,
    "night_rural_mean": 21.9505948553459,
    "suhi_night": -0.013526229837545145,
    "suhi_day_night_diff": -0.05705785570438593,
    "day_stronger_than_night": false,
    "uncertainty_day": {
      "urban_core": {
        "mean": 36.27391438087963,
        "stdDev": 2.3235911143441035,
        "count": 417,
        "stdError": 0.11378674642089232,
        "ci95": [
          36.05089235789468,
          36.49693640386458
        ]
      },
      "rural_ring": {
        "mean": 36.34449846642156,
        "stdDev": 3.21688683983081,
        "count": 4676,
        "stdError": 0.04704338164142802,
        "ci95": [
          36.252293438404365,
          36.43670349443876
        ]
      }
    },
    "uncertainty_night": {
      "urban_core": {
        "mean": 21.937068625508356,
        "stdDev": 0.9474996936263786,
        "count": 417,
        "stdError": 0.04639925962316783,
        "ci95": [
          21.846126076646947,
          22.028011174369766
        ]
      },
      "rural_ring": {
        "mean": 21.9505948553459,
        "stdDev": 0.708558137954629,
        "count": 4676,
        "stdError": 0.010361872381153556,
        "ci95": [
          21.930285585478842,
          21.97090412521296
        ]
      }
    }
  }
}