{
  "city": "Urgench",
  "year": 2018,
  "stats": {
    "day_urban_mean": 38.25743161510087,
    "day_rural_mean": 38.44409840791935,
    "suhi_day": -0.1866667928184782,
    "night_urban_mean": 21.156654589030158,
    "night_rural_mean": 21.04113352850842,
    "suhi_night": 0.11552106052173627,
    "suhi_day_night_diff": -0.3021878533402145,
    "day_stronger_than_night": false,
    "uncertainty_day": {
      "urban_core": {
        "mean": 38.25743161510087,
        "stdDev": 2.338138673535105,
        "count": 417,
        "stdError": 0.11449914345946365,
        "ci95": [
          38.03301329392032,
          38.48184993628142
        ]
      },
      "rural_ring": {
        "mean": 38.44409840791935,
        "stdDev": 3.285949043246633,
        "count": 4676,
        "stdError": 0.04805333932848778,
        "ci95": [
          38.349913862835514,
          38.53828295300318
        ]
      }
    },
    "uncertainty_night": {
      "urban_core": {
        "mean": 21.156654589030158,
        "stdDev": 0.9914637931671982,
        "count": 417,
        "stdError": 0.048552190840365314,
        "ci95": [
          21.06149229498304,
          21.251816883077275
        ]
      },
      "rural_ring": {
        "mean": 21.04113352850842,
        "stdDev": 0.7153507366511748,
        "count": 4676,
        "stdError": 0.010461206560044187,
        "ci95": [
          21.020629563650736,
          21.061637493366106
        ]
      }
    }
  }
}