{
  "city": "Urgench",
  "year": 2024,
  "stats": {
    "day_urban_mean": 34.47702305130165,
    "day_rural_mean": 35.11620137328626,
    "suhi_day": -0.639178321984609,
    "night_urban_mean": 22.672712278616,
    "night_rural_mean": 22.548010811119767,
    "suhi_night": 0.12470146749623368,
    "suhi_day_night_diff": -0.7638797894808427,
    "day_stronger_than_night": false,
    "uncertainty_day": {
      "urban_core": {
        "mean": 34.47702305130165,
        "stdDev": 2.631191843409626,
        "count": 417,
        "stdError": 0.12885001893084086,
        "ci95": [
          34.224477014197205,
          34.729569088406095
        ]
      },
      "rural_ring": {
        "mean": 35.11620137328626,
        "stdDev": 3.483720521716267,
        "count": 4676,
        "stdError": 0.050945526589860575,
        "ci95": [
          35.016348141170134,
          35.216054605402384
        ]
      }
    },
    "uncertainty_night": {
      "urban_core": {
        "mean": 22.672712278616,
        "stdDev": 1.0461652829233103,
        "count": 417,
        "stdError": 0.05123093431863892,
        "ci95": [
          22.572299647351468,
          22.773124909880533
        ]
      },
      "rural_ring": {
        "mean": 22.548010811119767,
        "stdDev": 0.6534137188072255,
        "count": 4676,
        "stdError": 0.009555446763930848,
        "ci95": [
          22.529282135462463,
          22.56673948677707
        ]
      }
    }
  }
}