{
  "city": "Urgench",
  "year": 2022,
  "stats": {
    "day_urban_mean": 36.73218133439015,
    "day_rural_mean": 37.263074520404665,
    "suhi_day": -0.5308931860145165,
    "night_urban_mean": 20.3247456619583,
    "night_rural_mean": 20.113372528055386,
    "suhi_night": 0.21137313390291368,
    "suhi_day_night_diff": -0.7422663199174302,
    "day_stronger_than_night": false,
    "uncertainty_day": {
      "urban_core": {
        "mean": 36.73218133439015,
        "stdDev": 2.98431367263168,
        "count": 417,
        "stdError": 0.14614246930617875,
        "ci95": [
          36.445742094550035,
          37.01862057423026
        ]
      },
      "rural_ring": {
        "mean": 37.263074520404665,
        "stdDev": 3.684010730713869,
        "count": 4676,
        "stdError": 0.053874547475597154,
        "ci95": [
          37.157480407352494,
          37.368668633456835
        ]
      }
    },
    "uncertainty_night": {
      "urban_core": {
        "mean": 20.3247456619583,
        "stdDev": 1.2152587113158533,
        "count": 417,
        "stdError": 0.05951147513288316,
        "ci95": [
          20.20810317069785,
          20.44138815321875
        ]
      },
      "rural_ring": {
        "mean": 20.113372528055386,
        "stdDev": 0.935473438889486,
        "count": 4676,
        "stdError": 0.013680255536564583,
        "ci95": [
          20.08655922720372,
          20.140185828907054
        ]
      }
    }
  }
}