{
  "city": "Urgench",
  "year": 2019,
  "stats": {
    "day_urban_mean": 37.249156829997865,
    "day_rural_mean": 37.082073445344506,
    "suhi_day": 0.1670833846533597,
    "night_urban_mean": 20.80141902793898,
    "night_rural_mean": 20.910799276456803,
    "suhi_night": -0.10938024851782302,
    "suhi_day_night_diff": 0.2764636331711827,
    "day_stronger_than_night": true,
    "uncertainty_day": {
      "urban_core": {
        "mean": 37.249156829997865,
        "stdDev": 2.3232611908821337,
        "count": 417,
        "stdError": 0.11377058999944893,
        "ci95": [
          37.02616647359895,
          37.47214718639678
        ]
      },
      "rural_ring": {
        "mean": 37.082073445344506,
        "stdDev": 3.168751909025173,
        "count": 4676,
        "stdError": 0.046339461972220004,
        "ci95": [
          36.99124809987895,
          37.17289879081006
        ]
      }
    },
    "uncertainty_night": {
      "urban_core": {
        "mean": 20.80141902793898,
        "stdDev": 1.0593956676457426,
        "count": 417,
        "stdError": 0.051878829045972304,
        "ci95": [
          20.699736523008873,
          20.903101532869087
        ]
      },
      "rural_ring": {
        "mean": 20.910799276456803,
        "stdDev": 0.9491534951669067,
        "count": 4676,
        "stdError": 0.013880311099715435,
        "ci95": [
          20.88359386670136,
          20.938004686212246
        ]
      }
    }
  }
}