{
  "city": "Urgench",
  "year": 2023,
  "stats": {
    "urban_mean": 30.855711024495942,
    "rural_mean": 29.3113461096652,
    "suhi": 1.5443649148307408,
    "uncertainty": {
      "urban_core": {
        "mean": 30.855711024495942,
        "stdDev": 3.4045449773671845,
        "count": 6652,
        "stdError": 0.04174293251258072,
        "ci95": [
          30.773894876771283,
          30.9375271722206
        ]
      },
      "rural_ring": {
        "mean": 29.3113461096652,
        "stdDev": 2.083756290646665,
        "count": 173,
        "stdError": 0.1584250571135844,
        "ci95": [
          29.000832997722576,
          29.621859221607828
        ]
      }
    }
  }
}