{
  "city": "Urgench",
  "year": 2018,
  "stats": {
    "urban_mean": 32.34957394750306,
    "rural_mean": 31.34517515269752,
    "suhi": 1.0043987948055388,
    "uncertainty": {
      "urban_core": {
        "mean": 32.34957394750306,
        "stdDev": 2.7352257019889934,
        "count": 1662,
        "stdError": 0.06709306915242383,
        "ci95": [
          32.21807153196431,
          32.48107636304181
        ]
      },
      "rural_ring": {
        "mean": 31.34517515269752,
        "stdDev": 2.078545008662426,
        "count": 89,
        "stdError": 0.22032533026799728,
        "ci95": [
          30.913337505372247,
          31.777012800022796
        ]
      }
    }
  }
}