{
  "city": "Urgench",
  "year": 2020,
  "stats": {
    "urban_mean": 30.890557500807482,
    "rural_mean": 28.58168922795386,
    "suhi": 2.3088682728536227,
    "uncertainty": {
      "urban_core": {
        "mean": 30.890557500807482,
        "stdDev": 4.73279195772692,
        "count": 6652,
        "stdError": 0.05802849326439444,
        "ci95": [
          30.776821654009268,
          31.004293347605696
        ]
      },
      "rural_ring": {
        "mean": 28.58168922795386,
        "stdDev": 2.9277462591211867,
        "count": 173,
        "stdError": 0.22259242618598854,
        "ci95": [
          28.145408072629323,
          29.017970383278396
        ]
      }
    }
  }
}