{
  "city": "Urgench",
  "year": 2017,
  "stats": {
    "day_urban_mean": 36.86982025079971,
    "day_rural_mean": 36.874203123305655,
    "suhi_day": -0.004382872505942714,
    "night_urban_mean": 20.685030618695833,
    "night_rural_mean": 20.695410157678264,
    "suhi_night": -0.010379538982430603,
    "suhi_day_night_diff": 0.0059966664764878885,
    "day_stronger_than_night": true,
    "uncertainty_day": {
      "urban_core": {
        "mean": 36.86982025079971,
        "stdDev": 2.1228581691153097,
        "count": 417,
        "stdError": 0.10395681180112809,
        "ci95": [
          36.6660648996695,
          37.073575601929925
        ]
      },
      "rural_ring": {
        "mean": 36.874203123305655,
        "stdDev": 3.2958501365825428,
        "count": 4676,
        "stdError": 0.048198131773997954,
        "ci95": [
          36.779734785028616,
          36.968671461582694
        ]
      }
    },
    "uncertainty_night": {
      "urban_core": {
        "mean": 20.685030618695833,
        "stdDev": 1.1545085574144591,
        "count": 417,
        "stdError": 0.05653652729703753,
        "ci95": [
          20.57421902519364,
          20.79584221219803
        ]
      },
      "rural_ring": {
        "mean": 20.695410157678264,
        "stdDev": 0.9782727241137156,
        "count": 4676,
        "stdError": 0.014306147340980575,
        "ci95": [
          20.66737010888994,
          20.723450206466588
        ]
      }
    }
  }
}