{
  "city": "Urgench",
  "year": 2016,
  "stats": {
    "urban_mean": 32.14523255180085,
    "rural_mean": 31.070593511847957,
    "suhi": 1.0746390399528956,
    "uncertainty": {
      "urban_core": {
        "mean": 32.14523255180085,
        "stdDev": 2.9559540705803786,
        "count": 6652,
        "stdError": 0.03624278489454575,
        "ci95": [
          32.07419669340754,
          32.21626841019416
        ]
      },
      "rural_ring": {
        "mean": 31.070593511847957,
        "stdDev": 2.2504796241168736,
        "count": 173,
        "stdError": 0.1711007974320398,
        "ci95": [
          30.735235948881158,
          31.405951074814755
        ]
      }
    }
  }
}