{
  "city": "Urgench",
  "year": 2020,
  "stats": {
    "day_urban_mean": 37.39911908738361,
    "day_rural_mean": 37.69666248074096,
    "suhi_day": -0.29754339335735125,
    "night_urban_mean": 21.067356129872355,
    "night_rural_mean": 20.803177142828414,
    "suhi_night": 0.26417898704394105,
    "suhi_day_night_diff": -0.5617223804012923,
    "day_stronger_than_night": false,
    "uncertainty_day": {
      "urban_core": {
        "mean": 37.39911908738361,
        "stdDev": 3.0053376948617156,
        "count": 417,
        "stdError": 0.147172020104281,
        "ci95": [
          37.11066192797922,
          37.687576246788
        ]
      },
      "rural_ring": {
        "mean": 37.69666248074096,
        "stdDev": 3.698423163404265,
        "count": 4676,
        "stdError": 0.05408531322683238,
        "ci95": [
          37.59065526681637,
          37.80266969466555
        ]
      }
    },
    "uncertainty_night": {
      "urban_core": {
        "mean": 21.067356129872355,
        "stdDev": 1.0706072178087018,
        "count": 417,
        "stdError": 0.05242786101958521,
        "ci95": [
          20.96459752227397,
          21.17011473747074
        ]
      },
      "rural_ring": {
        "mean": 20.803177142828414,
        "stdDev": 0.8285873858510793,
        "count": 4676,
        "stdError": 0.012117166240735904,
        "ci95": [
          20.779427496996572,
          20.826926788660256
        ]
      }
    }
  }
}