{
  "city": "Urgench",
  "year": 2023,
  "stats": {
    "day_urban_mean": 35.955069682301605,
    "day_rural_mean": 36.454594692279954,
    "suhi_day": -0.49952500997834903,
    "night_urban_mean": 21.883660844868466,
    "night_rural_mean": 21.637410038320528,
    "suhi_night": 0.24625080654793763,
    "suhi_day_night_diff": -0.7457758165262867,
    "day_stronger_than_night": false,
    "uncertainty_day": {
      "urban_core": {
        "mean": 35.955069682301605,
        "stdDev": 2.795228801472876,
        "count": 417,
        "stdError": 0.13688294332772483,
        "ci95": [
          35.68677911337927,
          36.223360251223944
        ]
      },
      "rural_ring": {
        "mean": 36.454594692279954,
        "stdDev": 3.6098726559951353,
        "count": 4676,
        "stdError": 0.052790360832793905,
        "ci95": [
          36.351125585047676,
          36.55806379951223
        ]
      }
    },
    "uncertainty_night": {
      "urban_core": {
        "mean": 21.883660844868466,
        "stdDev": 1.1530632210978813,
        "count": 417,
        "stdError": 0.056465748873100505,
        "ci95": [
          21.77298797707719,
          21.994333712659742
        ]
      },
      "rural_ring": {
        "mean": 21.637410038320528,
        "stdDev": 0.7981424761874574,
        "count": 4676,
        "stdError": 0.011671943397765186,
        "ci95": [
          21.614533029260908,
          21.660287047380148
        ]
      }
    }
  }
}