{
  "city": "Urgench",
  "year": 2021,
  "stats": {
    "day_urban_mean": 37.53701984317946,
    "day_rural_mean": 37.99645713502787,
    "suhi_day": -0.45943729184840976,
    "night_urban_mean": 21.758328190902137,
    "night_rural_mean": 21.544256195464158,
    "suhi_night": 0.21407199543797972,
    "suhi_day_night_diff": -0.6735092872863895,
    "day_stronger_than_night": false,
    "uncertainty_day": {
      "urban_core": {
        "mean": 37.53701984317946,
        "stdDev": 3.2959620436410875,
        "count": 417,
        "stdError": 0.16140395569490665,
        "ci95": [
          37.22066809001744,
          37.853371596341475
        ]
      },
      "rural_ring": {
        "mean": 37.99645713502787,
        "stdDev": 3.9576952576002435,
        "count": 4676,
        "stdError": 0.05787687839014885,
        "ci95": [
          37.88301845338317,
          38.10989581667256
        ]
      }
    },
    "uncertainty_night": {
      "urban_core": {
        "mean": 21.758328190902137,
        "stdDev": 1.0603637567517639,
        "count": 417,
        "stdError": 0.05192623657345838,
        "ci95": [
          21.65655276721816,
          21.860103614586116
        ]
      },
      "rural_ring": {
        "mean": 21.544256195464158,
        "stdDev": 0.7777575324144756,
        "count": 4676,
        "stdError": 0.011373836334197519,
        "ci95": [
          21.52196347624913,
          21.566548914679185
        ]
      }
    }
  }
}