{
  "city": "Urgench",
  "year": 2017,
  "stats": {
    "urban_mean": 33.379967601990565,
    "rural_mean": 31.979376533233086,
    "suhi": 1.4005910687574783,
    "uncertainty": {
      "urban_core": {
        "mean": 33.379967601990565,
        "stdDev": 3.3545713678477878,
        "count": 6652,
        "stdError": 0.04113020892589119,
        "ci95": [
          33.29935239249582,
          33.46058281148531
        ]
      },
      "rural_ring": {
        "mean": 31.979376533233086,
        "stdDev": 2.7364486032361968,
        "count": 173,
        "stdError": 0.20804833473186307,
        "ci95": [
          31.571601797158635,
          32.38715126930754
        ]
      }
    }
  }
}