{
  "city": "Urgench",
  "year": 2018,
  "stats": {
    "urban_mean": 32.32924749155879,
    "rural_mean": 31.070740526599455,
    "suhi": 1.2585069649593343,
    "uncertainty": {
      "urban_core": {
        "mean": 32.32924749155879,
        "stdDev": 2.8421889599752053,
        "count": 6652,
        "stdError": 0.03484791733783911,
        "ci95": [
          32.26094557357663,
          32.39754940954095
        ]
      },
      "rural_ring": {
        "mean": 31.070740526599455,
        "stdDev": 2.323720016563351,
        "count": 173,
        "stdError": 0.17666916135657226,
        "ci95": [
          30.724468970340574,
          31.417012082858335
        ]
      }
    }
  }
}