{
  "city": "Urgench",
  "year": 2022,
  "stats": {
    "urban_mean": 32.0286164118965,
    "rural_mean": 30.80180822221343,
    "suhi": 1.2268081896830694,
    "uncertainty": {
      "urban_core": {
        "mean": 32.0286164118965,
        "stdDev": 3.248051412195362,
        "count": 6652,
        "stdError": 0.03982417380237203,
        "ci95": [
          31.95056103124385,
          32.10667179254915
        ]
      },
      "rural_ring": {
        "mean": 30.80180822221343,
        "stdDev": 2.394988004862953,
        "count": 173,
        "stdError": 0.1820875661707124,
        "ci95": [
          30.444916592518833,
          31.15869985190803
        ]
      }
    }
  }
}