{
  "city": "Urgench",
  "year": 2024,
  "stats": {
    "urban_mean": 32.070747538773404,
    "rural_mean": 30.341044823653224,
    "suhi": 1.7297027151201796,
    "uncertainty": {
      "urban_core": {
        "mean": 32.070747538773404,
        "stdDev": 3.707643237298892,
        "count": 6652,
        "stdError": 0.04545920305478814,
        "ci95": [
          31.981647500786018,
          32.15984757676079
        ]
      },
      "rural_ring": {
        "mean": 30.341044823653224,
        "stdDev": 2.4741343232427946,
        "count": 173,
        "stdError": 0.18810494932916474,
        "ci95": [
          29.97235912296806,
          30.709730524338386
        ]
      }
    }
  }
}