{
  "city": "Urgench",
  "year": 2021,
  "stats": {
    "urban_mean": 38.31231988329925,
    "rural_mean": 36.196073581344095,
    "suhi": 2.116246301955158,
    "uncertainty": {
      "urban_core": {
        "mean": 38.31231988329925,
        "stdDev": 4.681719806604958,
        "count": 6652,
        "stdError": 0.057402300521537795,
        "ci95": [
          38.19981137427704,
          38.424828392321466
        ]
      },
      "rural_ring": {
        "mean": 36.196073581344095,
        "stdDev": 3.56302335650651,
        "count": 173,
        "stdError": 0.27089164951070305,
        "ci95": [
          35.665125948303114,
          36.727021214385076
        ]
      }
    }
  }
}